2026-02-22 17:57:44,172 [INFO] TrafficAI.Premium [app.py:596]: ✅ DB ready: C:\Users\tuann\Downloads\WEB DEVELOPER\server\traffic_ai.db
2026-02-22 17:57:44,177 [INFO] TrafficAI.Premium [app.py:1495]: 🚀 AI Traffic Control v4.0 PREMIUM starting...
2026-02-22 17:57:44,177 [INFO] TrafficAI.Premium [app.py:619]: 🚦 Traffic cycle started
2026-02-22 17:57:44,428 [INFO] TrafficAI.MQTT [app.py:1025]: 📡 MQTT → broker.hivemq.com:1883
2026-02-22 17:57:44,628 [INFO] TrafficAI.MQTT [app.py:951]: ✅ MQTT connected broker.hivemq.com:1883
2026-02-22 17:58:35,160 [INFO] TrafficAI.Premium [app.py:596]: ✅ DB ready: C:\Users\tuann\Downloads\WEB DEVELOPER\server\traffic_ai.db
2026-02-22 17:58:35,166 [INFO] TrafficAI.Premium [app.py:1495]: 🚀 AI Traffic Control v4.0 PREMIUM starting...
2026-02-22 17:58:35,167 [INFO] TrafficAI.Premium [app.py:619]: 🚦 Traffic cycle started
2026-02-22 17:58:35,444 [INFO] TrafficAI.MQTT [app.py:1025]: 📡 MQTT → broker.hivemq.com:1883
2026-02-22 17:58:37,808 [INFO] TrafficAI.MQTT [app.py:951]: ✅ MQTT connected broker.hivemq.com:1883
2026-02-22 17:58:44,285 [INFO] TrafficAI.Premium [app.py:1530]: 🤖 AI engine OK
2026-02-22 17:58:44,309 [INFO] TrafficAI.Premium [app.py:1537]: ✅ Premium v4.0 Ready — port 5050
2026-02-22 17:58:44,309 [INFO] TrafficAI.Premium [app.py:1538]:    Log dir:  C:\Users\tuann\Downloads\WEB DEVELOPER\server\logs
2026-02-22 17:58:44,309 [INFO] TrafficAI.Premium [app.py:1539]:    DB path:  C:\Users\tuann\Downloads\WEB DEVELOPER\server\traffic_ai.db
2026-02-22 17:58:44,309 [INFO] TrafficAI.Premium [app.py:1540]:    Theme:    neon-futuristic
2026-02-22 17:58:44,310 [INFO] TrafficAI.Premium [app.py:1541]:    MQTT:     broker.hivemq.com:1883
2026-02-22 17:58:44,310 [INFO] TrafficAI.Premium [app.py:1542]:    TB host:  http://localhost:8080 (no token)
2026-02-22 17:58:46,855 [DEBUG] TrafficAI.MQTT [app.py:1000]: Context update: speed=0.0 veh=0 ok=True
2026-02-22 17:58:47,076 [DEBUG] TrafficAI.MQTT [app.py:1000]: Context update: speed=0.0 veh=0 ok=True
2026-02-22 17:58:47,076 [DEBUG] TrafficAI.MQTT [app.py:1000]: Context update: speed=0.0 veh=0 ok=True
2026-02-22 17:58:47,281 [DEBUG] TrafficAI.MQTT [app.py:1000]: Context update: speed=0.0 veh=0 ok=True
2026-02-22 17:58:47,281 [DEBUG] TrafficAI.MQTT [app.py:1000]: Context update: speed=0.0 veh=0 ok=True
2026-02-22 17:58:47,488 [DEBUG] TrafficAI.MQTT [app.py:1000]: Context update: speed=0.0 veh=0 ok=True
2026-02-22 17:58:47,489 [DEBUG] TrafficAI.MQTT [app.py:1000]: Context update: speed=0.0 veh=0 ok=True
2026-02-22 17:58:47,489 [DEBUG] TrafficAI.MQTT [app.py:1000]: Context update: speed=0.0 veh=0 ok=True
2026-02-22 17:58:47,704 [DEBUG] TrafficAI.MQTT [app.py:1000]: Context update: speed=0.0 veh=0 ok=True
2026-02-22 17:58:47,704 [DEBUG] TrafficAI.MQTT [app.py:1000]: Context update: speed=0.0 veh=0 ok=True
2026-02-22 17:58:47,901 [DEBUG] TrafficAI.MQTT [app.py:1000]: Context update: speed=0.0 veh=0 ok=True
2026-02-22 17:58:47,902 [DEBUG] TrafficAI.MQTT [app.py:1000]: Context update: speed=0.0 veh=0 ok=True
2026-02-22 17:58:48,108 [DEBUG] TrafficAI.MQTT [app.py:1000]: Context update: speed=0.0 veh=0 ok=True
2026-02-22 17:58:48,108 [DEBUG] TrafficAI.MQTT [app.py:1000]: Context update: speed=0.0 veh=0 ok=True
2026-02-22 17:58:48,314 [DEBUG] TrafficAI.MQTT [app.py:1000]: Context update: speed=0.0 veh=0 ok=True
2026-02-22 17:58:48,314 [DEBUG] TrafficAI.MQTT [app.py:1000]: Context update: speed=0.0 veh=0 ok=True
2026-02-22 17:58:48,534 [DEBUG] TrafficAI.MQTT [app.py:1000]: Context update: speed=0.0 veh=0 ok=True
2026-02-22 17:58:48,534 [DEBUG] TrafficAI.MQTT [app.py:1000]: Context update: speed=0.0 veh=0 ok=True
2026-02-22 17:58:48,727 [DEBUG] TrafficAI.MQTT [app.py:1000]: Context update: speed=0.0 veh=0 ok=True
2026-02-22 17:58:48,728 [DEBUG] TrafficAI.MQTT [app.py:1000]: Context update: speed=0.0 veh=0 ok=True
2026-02-22 17:58:48,933 [DEBUG] TrafficAI.MQTT [app.py:1000]: Context update: speed=0.0 veh=0 ok=True
2026-02-22 17:58:48,934 [DEBUG] TrafficAI.MQTT [app.py:1000]: Context update: speed=0.0 veh=0 ok=True
2026-02-22 17:58:49,138 [DEBUG] TrafficAI.MQTT [app.py:1000]: Context update: speed=0.0 veh=0 ok=True
2026-02-22 17:58:49,139 [DEBUG] TrafficAI.MQTT [app.py:1000]: Context update: speed=0.0 veh=0 ok=True
2026-02-22 17:58:49,344 [DEBUG] TrafficAI.MQTT [app.py:1000]: Context update: speed=0.0 veh=0 ok=True
2026-02-22 17:58:49,345 [DEBUG] TrafficAI.MQTT [app.py:1000]: Context update: speed=0.0 veh=0 ok=True
2026-02-22 17:58:49,550 [DEBUG] TrafficAI.MQTT [app.py:1000]: Context update: speed=0.0 veh=0 ok=True
2026-02-22 17:58:49,551 [DEBUG] TrafficAI.MQTT [app.py:1000]: Context update: speed=0.0 veh=0 ok=True
2026-02-22 17:58:49,759 [DEBUG] TrafficAI.MQTT [app.py:1000]: Context update: speed=0.0 veh=0 ok=True
2026-02-22 17:58:49,759 [DEBUG] TrafficAI.MQTT [app.py:1000]: Context update: speed=0.0 veh=0 ok=True
2026-02-22 17:58:49,964 [DEBUG] TrafficAI.MQTT [app.py:1000]: Context update: speed=0.0 veh=0 ok=True
2026-02-22 17:58:49,964 [DEBUG] TrafficAI.MQTT [app.py:1000]: Context update: speed=0.0 veh=0 ok=True
2026-02-22 17:58:50,172 [DEBUG] TrafficAI.MQTT [app.py:1000]: Context update: speed=0.0 veh=0 ok=True
2026-02-22 17:58:50,172 [DEBUG] TrafficAI.MQTT [app.py:1000]: Context update: speed=0.0 veh=0 ok=True
2026-02-22 17:58:50,376 [DEBUG] TrafficAI.MQTT [app.py:1000]: Context update: speed=0.0 veh=0 ok=True
2026-02-22 17:58:50,377 [DEBUG] TrafficAI.MQTT [app.py:1000]: Context update: speed=0.0 veh=0 ok=True
2026-02-22 17:58:50,584 [DEBUG] TrafficAI.MQTT [app.py:1000]: Context update: speed=0.0 veh=0 ok=True
2026-02-22 17:58:50,791 [DEBUG] TrafficAI.MQTT [app.py:1000]: Context update: speed=0.0 veh=0 ok=True
2026-02-22 17:58:50,791 [DEBUG] TrafficAI.MQTT [app.py:1000]: Context update: speed=0.0 veh=0 ok=True
2026-02-22 17:58:50,996 [DEBUG] TrafficAI.MQTT [app.py:1000]: Context update: speed=0.0 veh=0 ok=True
2026-02-22 17:58:50,997 [DEBUG] TrafficAI.MQTT [app.py:1000]: Context update: speed=0.0 veh=0 ok=True
2026-02-22 17:58:51,202 [DEBUG] TrafficAI.MQTT [app.py:1000]: Context update: speed=0.0 veh=0 ok=True
2026-02-22 17:58:51,203 [DEBUG] TrafficAI.MQTT [app.py:1000]: Context update: speed=0.0 veh=0 ok=True
2026-02-22 17:58:51,408 [DEBUG] TrafficAI.MQTT [app.py:1000]: Context update: speed=0.0 veh=0 ok=True
2026-02-22 17:58:51,408 [DEBUG] TrafficAI.MQTT [app.py:1000]: Context update: speed=0.0 veh=0 ok=True
2026-02-22 17:58:51,615 [DEBUG] TrafficAI.MQTT [app.py:1000]: Context update: speed=0.0 veh=0 ok=True
2026-02-22 17:58:51,821 [DEBUG] TrafficAI.MQTT [app.py:1000]: Context update: speed=0.0 veh=0 ok=True
2026-02-22 17:58:51,821 [DEBUG] TrafficAI.MQTT [app.py:1000]: Context update: speed=0.0 veh=0 ok=True
2026-02-22 17:58:52,033 [DEBUG] TrafficAI.MQTT [app.py:1000]: Context update: speed=0.0 veh=0 ok=True
2026-02-22 17:58:52,034 [DEBUG] TrafficAI.MQTT [app.py:1000]: Context update: speed=0.0 veh=0 ok=True
2026-02-22 17:58:52,232 [DEBUG] TrafficAI.MQTT [app.py:1000]: Context update: speed=0.0 veh=0 ok=True
2026-02-22 17:58:52,232 [DEBUG] TrafficAI.MQTT [app.py:1000]: Context update: speed=0.0 veh=0 ok=True
2026-02-22 17:58:52,439 [DEBUG] TrafficAI.MQTT [app.py:1000]: Context update: speed=0.0 veh=0 ok=True
2026-02-22 17:58:52,440 [DEBUG] TrafficAI.MQTT [app.py:1000]: Context update: speed=0.0 veh=0 ok=True
2026-02-22 17:58:52,645 [DEBUG] TrafficAI.MQTT [app.py:1000]: Context update: speed=0.0 veh=0 ok=True
2026-02-22 17:58:52,759 [WARNING] TrafficAI.Theme [app.py:462]: Invalid theme access from 127.0.0.1 (no valid token)
2026-02-22 17:58:52,853 [DEBUG] TrafficAI.MQTT [app.py:1000]: Context update: speed=0.0 veh=0 ok=True
2026-02-22 17:58:52,853 [DEBUG] TrafficAI.MQTT [app.py:1000]: Context update: speed=0.0 veh=0 ok=True
2026-02-22 17:58:53,056 [DEBUG] TrafficAI.MQTT [app.py:1000]: Context update: speed=0.0 veh=0 ok=True
2026-02-22 17:58:53,195 [WARNING] TrafficAI.Theme [app.py:462]: Invalid theme access from 127.0.0.1 (no valid token)
2026-02-22 17:58:53,261 [DEBUG] TrafficAI.MQTT [app.py:1000]: Context update: speed=0.0 veh=0 ok=True
2026-02-22 17:58:53,262 [DEBUG] TrafficAI.MQTT [app.py:1000]: Context update: speed=0.0 veh=0 ok=True
2026-02-22 17:58:53,469 [DEBUG] TrafficAI.MQTT [app.py:1000]: Context update: speed=0.0 veh=0 ok=True
2026-02-22 17:58:53,676 [DEBUG] TrafficAI.MQTT [app.py:1000]: Context update: speed=0.0 veh=0 ok=True
2026-02-22 17:58:53,677 [DEBUG] TrafficAI.MQTT [app.py:1000]: Context update: speed=0.0 veh=0 ok=True
2026-02-22 17:58:53,884 [DEBUG] TrafficAI.MQTT [app.py:1000]: Context update: speed=0.0 veh=0 ok=True
2026-02-22 17:58:54,089 [DEBUG] TrafficAI.MQTT [app.py:1000]: Context update: speed=0.0 veh=0 ok=True
2026-02-22 17:58:54,090 [DEBUG] TrafficAI.MQTT [app.py:1000]: Context update: speed=0.0 veh=0 ok=True
2026-02-22 17:58:54,294 [DEBUG] TrafficAI.MQTT [app.py:1000]: Context update: speed=0.0 veh=0 ok=True
2026-02-22 17:58:54,294 [DEBUG] TrafficAI.MQTT [app.py:1000]: Context update: speed=0.0 veh=0 ok=True
2026-02-22 17:58:54,503 [DEBUG] TrafficAI.MQTT [app.py:1000]: Context update: speed=0.0 veh=0 ok=True
2026-02-22 17:58:54,504 [DEBUG] TrafficAI.MQTT [app.py:1000]: Context update: speed=0.0 veh=0 ok=True
2026-02-22 17:58:54,711 [DEBUG] TrafficAI.MQTT [app.py:1000]: Context update: speed=0.0 veh=0 ok=True
2026-02-22 17:58:54,913 [DEBUG] TrafficAI.MQTT [app.py:1000]: Context update: speed=0.0 veh=0 ok=True
2026-02-22 17:58:54,914 [DEBUG] TrafficAI.MQTT [app.py:1000]: Context update: speed=0.0 veh=0 ok=True
2026-02-22 17:58:55,122 [DEBUG] TrafficAI.MQTT [app.py:1000]: Context update: speed=0.0 veh=0 ok=True
2026-02-22 17:58:55,325 [DEBUG] TrafficAI.MQTT [app.py:1000]: Context update: speed=0.0 veh=0 ok=True
2026-02-22 17:58:55,530 [DEBUG] TrafficAI.MQTT [app.py:1000]: Context update: speed=0.0 veh=0 ok=True
2026-02-22 17:58:55,531 [DEBUG] TrafficAI.MQTT [app.py:1000]: Context update: speed=0.0 veh=0 ok=True
2026-02-22 17:58:55,738 [DEBUG] TrafficAI.MQTT [app.py:1000]: Context update: speed=0.0 veh=0 ok=True
2026-02-22 17:58:55,944 [DEBUG] TrafficAI.MQTT [app.py:1000]: Context update: speed=0.0 veh=0 ok=True
2026-02-22 17:58:55,945 [DEBUG] TrafficAI.MQTT [app.py:1000]: Context update: speed=0.0 veh=0 ok=True
2026-02-22 17:58:56,149 [DEBUG] TrafficAI.MQTT [app.py:1000]: Context update: speed=0.0 veh=0 ok=True
2026-02-22 17:58:56,149 [DEBUG] TrafficAI.MQTT [app.py:1000]: Context update: speed=0.0 veh=0 ok=True
2026-02-22 17:58:56,386 [DEBUG] TrafficAI.MQTT [app.py:1000]: Context update: speed=0.0 veh=0 ok=True
2026-02-22 17:58:56,562 [DEBUG] TrafficAI.MQTT [app.py:1000]: Context update: speed=0.0 veh=0 ok=True
2026-02-22 17:58:56,563 [DEBUG] TrafficAI.MQTT [app.py:1000]: Context update: speed=0.0 veh=0 ok=True
2026-02-22 17:58:56,767 [DEBUG] TrafficAI.MQTT [app.py:1000]: Context update: speed=0.0 veh=0 ok=True
2026-02-22 17:58:56,849 [DEBUG] TrafficAI.API [app.py:1425]: 404 Not Found: /favicon.ico
2026-02-22 17:58:56,975 [DEBUG] TrafficAI.MQTT [app.py:1000]: Context update: speed=0.0 veh=0 ok=True
2026-02-22 17:58:56,975 [DEBUG] TrafficAI.MQTT [app.py:1000]: Context update: speed=0.0 veh=0 ok=True
2026-02-22 17:58:57,182 [DEBUG] TrafficAI.MQTT [app.py:1000]: Context update: speed=0.0 veh=0 ok=True
2026-02-22 17:58:57,387 [DEBUG] TrafficAI.MQTT [app.py:1000]: Context update: speed=0.0 veh=0 ok=True
2026-02-22 17:58:57,388 [DEBUG] TrafficAI.MQTT [app.py:1000]: Context update: speed=0.0 veh=0 ok=True
2026-02-22 17:58:57,593 [DEBUG] TrafficAI.MQTT [app.py:1000]: Context update: speed=0.0 veh=0 ok=True
2026-02-22 17:58:57,594 [DEBUG] TrafficAI.MQTT [app.py:1000]: Context update: speed=0.0 veh=0 ok=True
2026-02-22 17:58:58,694 [DEBUG] TrafficAI.MQTT [app.py:1000]: Context update: speed=0.0 veh=0 ok=True
2026-02-22 17:58:58,694 [DEBUG] TrafficAI.MQTT [app.py:1000]: Context update: speed=0.0 veh=0 ok=True
2026-02-22 17:58:58,695 [DEBUG] TrafficAI.MQTT [app.py:1000]: Context update: speed=0.0 veh=0 ok=True
2026-02-22 17:58:58,695 [DEBUG] TrafficAI.MQTT [app.py:1000]: Context update: speed=0.0 veh=0 ok=True
2026-02-22 17:58:58,695 [DEBUG] TrafficAI.MQTT [app.py:1000]: Context update: speed=0.0 veh=0 ok=True
2026-02-22 17:58:58,696 [DEBUG] TrafficAI.MQTT [app.py:1000]: Context update: speed=0.0 veh=0 ok=True
2026-02-22 17:58:58,696 [DEBUG] TrafficAI.MQTT [app.py:1000]: Context update: speed=0.0 veh=0 ok=True
2026-02-22 17:58:58,697 [DEBUG] TrafficAI.MQTT [app.py:1000]: Context update: speed=0.0 veh=0 ok=True
2026-02-22 17:58:58,833 [DEBUG] TrafficAI.MQTT [app.py:1000]: Context update: speed=0.0 veh=0 ok=True
2026-02-22 17:58:58,833 [DEBUG] TrafficAI.MQTT [app.py:1000]: Context update: speed=0.0 veh=0 ok=True
2026-02-22 17:58:59,039 [DEBUG] TrafficAI.MQTT [app.py:1000]: Context update: speed=0.0 veh=0 ok=True
2026-02-22 17:58:59,246 [DEBUG] TrafficAI.MQTT [app.py:1000]: Context update: speed=0.0 veh=0 ok=True
2026-02-22 17:58:59,246 [DEBUG] TrafficAI.MQTT [app.py:1000]: Context update: speed=0.0 veh=0 ok=True
2026-02-22 17:58:59,452 [DEBUG] TrafficAI.MQTT [app.py:1000]: Context update: speed=0.0 veh=0 ok=True
2026-02-22 17:58:59,452 [DEBUG] TrafficAI.MQTT [app.py:1000]: Context update: speed=0.0 veh=0 ok=True
2026-02-22 17:58:59,657 [DEBUG] TrafficAI.MQTT [app.py:1000]: Context update: speed=0.0 veh=0 ok=True
2026-02-22 17:58:59,869 [DEBUG] TrafficAI.MQTT [app.py:1000]: Context update: speed=0.0 veh=0 ok=True
2026-02-22 17:58:59,871 [DEBUG] TrafficAI.MQTT [app.py:1000]: Context update: speed=0.0 veh=0 ok=True
2026-02-22 17:59:00,071 [DEBUG] TrafficAI.MQTT [app.py:1000]: Context update: speed=0.0 veh=0 ok=True
2026-02-22 17:59:00,072 [DEBUG] TrafficAI.MQTT [app.py:1000]: Context update: speed=0.0 veh=0 ok=True
2026-02-22 17:59:00,275 [DEBUG] TrafficAI.MQTT [app.py:1000]: Context update: speed=0.0 veh=0 ok=True
2026-02-22 17:59:00,276 [DEBUG] TrafficAI.MQTT [app.py:1000]: Context update: speed=0.0 veh=0 ok=True
2026-02-22 17:59:00,490 [DEBUG] TrafficAI.MQTT [app.py:1000]: Context update: speed=0.0 veh=0 ok=True
2026-02-22 17:59:00,491 [DEBUG] TrafficAI.MQTT [app.py:1000]: Context update: speed=0.0 veh=0 ok=True
2026-02-22 17:59:00,711 [DEBUG] TrafficAI.MQTT [app.py:1000]: Context update: speed=0.0 veh=0 ok=True
2026-02-22 17:59:00,711 [DEBUG] TrafficAI.MQTT [app.py:1000]: Context update: speed=0.0 veh=0 ok=True
2026-02-22 17:59:00,999 [DEBUG] TrafficAI.MQTT [app.py:1000]: Context update: speed=0.0 veh=0 ok=True
2026-02-22 17:59:01,223 [DEBUG] TrafficAI.MQTT [app.py:1000]: Context update: speed=0.0 veh=0 ok=True
2026-02-22 17:59:01,225 [DEBUG] TrafficAI.MQTT [app.py:1000]: Context update: speed=0.0 veh=0 ok=True
2026-02-22 17:59:01,430 [DEBUG] TrafficAI.MQTT [app.py:1000]: Context update: speed=0.0 veh=0 ok=True
2026-02-22 17:59:01,430 [DEBUG] TrafficAI.MQTT [app.py:1000]: Context update: speed=0.0 veh=0 ok=True
2026-02-22 17:59:01,635 [DEBUG] TrafficAI.MQTT [app.py:1000]: Context update: speed=0.0 veh=0 ok=True
2026-02-22 17:59:01,635 [DEBUG] TrafficAI.MQTT [app.py:1000]: Context update: speed=0.0 veh=0 ok=True
2026-02-22 17:59:01,873 [DEBUG] TrafficAI.MQTT [app.py:1000]: Context update: speed=0.0 veh=0 ok=True
2026-02-22 17:59:01,874 [DEBUG] TrafficAI.MQTT [app.py:1000]: Context update: speed=0.0 veh=0 ok=True
2026-02-22 17:59:02,095 [DEBUG] TrafficAI.MQTT [app.py:1000]: Context update: speed=0.0 veh=0 ok=True
2026-02-22 17:59:02,095 [DEBUG] TrafficAI.MQTT [app.py:1000]: Context update: speed=0.0 veh=0 ok=True
2026-02-22 17:59:02,326 [DEBUG] TrafficAI.MQTT [app.py:1000]: Context update: speed=0.0 veh=0 ok=True
2026-02-22 17:59:02,326 [DEBUG] TrafficAI.MQTT [app.py:1000]: Context update: speed=0.0 veh=0 ok=True
2026-02-22 17:59:02,556 [DEBUG] TrafficAI.MQTT [app.py:1000]: Context update: speed=0.0 veh=0 ok=True
2026-02-22 17:59:02,557 [DEBUG] TrafficAI.MQTT [app.py:1000]: Context update: speed=0.0 veh=0 ok=True
2026-02-22 17:59:02,786 [DEBUG] TrafficAI.MQTT [app.py:1000]: Context update: speed=0.0 veh=0 ok=True
2026-02-22 17:59:02,786 [DEBUG] TrafficAI.MQTT [app.py:1000]: Context update: speed=0.0 veh=0 ok=True
2026-02-22 17:59:03,008 [DEBUG] TrafficAI.MQTT [app.py:1000]: Context update: speed=0.0 veh=0 ok=True
2026-02-22 17:59:03,009 [DEBUG] TrafficAI.MQTT [app.py:1000]: Context update: speed=0.0 veh=0 ok=True
2026-02-22 17:59:03,216 [DEBUG] TrafficAI.MQTT [app.py:1000]: Context update: speed=0.0 veh=0 ok=True
2026-02-22 17:59:03,420 [DEBUG] TrafficAI.MQTT [app.py:1000]: Context update: speed=0.0 veh=0 ok=True
2026-02-22 17:59:03,421 [DEBUG] TrafficAI.MQTT [app.py:1000]: Context update: speed=0.0 veh=0 ok=True
2026-02-22 17:59:03,629 [DEBUG] TrafficAI.MQTT [app.py:1000]: Context update: speed=0.0 veh=0 ok=True
2026-02-22 17:59:03,834 [DEBUG] TrafficAI.MQTT [app.py:1000]: Context update: speed=0.0 veh=0 ok=True
2026-02-22 17:59:03,834 [DEBUG] TrafficAI.MQTT [app.py:1000]: Context update: speed=0.0 veh=0 ok=True
2026-02-22 17:59:04,040 [DEBUG] TrafficAI.MQTT [app.py:1000]: Context update: speed=0.0 veh=0 ok=True
2026-02-22 17:59:04,040 [DEBUG] TrafficAI.MQTT [app.py:1000]: Context update: speed=0.0 veh=0 ok=True
2026-02-22 17:59:04,248 [DEBUG] TrafficAI.MQTT [app.py:1000]: Context update: speed=0.0 veh=0 ok=True
2026-02-22 17:59:04,248 [DEBUG] TrafficAI.MQTT [app.py:1000]: Context update: speed=0.0 veh=0 ok=True
2026-02-22 17:59:04,452 [DEBUG] TrafficAI.MQTT [app.py:1000]: Context update: speed=0.0 veh=0 ok=True
2026-02-22 17:59:04,453 [DEBUG] TrafficAI.MQTT [app.py:1000]: Context update: speed=0.0 veh=0 ok=True
2026-02-22 17:59:04,686 [DEBUG] TrafficAI.MQTT [app.py:1000]: Context update: speed=0.0 veh=0 ok=True
2026-02-22 17:59:04,687 [DEBUG] TrafficAI.MQTT [app.py:1000]: Context update: speed=0.0 veh=0 ok=True
2026-02-22 17:59:04,871 [DEBUG] TrafficAI.MQTT [app.py:1000]: Context update: speed=0.0 veh=0 ok=True
2026-02-22 17:59:04,873 [DEBUG] TrafficAI.MQTT [app.py:1000]: Context update: speed=0.0 veh=0 ok=True
2026-02-22 17:59:05,077 [DEBUG] TrafficAI.MQTT [app.py:1000]: Context update: speed=0.0 veh=0 ok=True
2026-02-22 17:59:05,078 [DEBUG] TrafficAI.MQTT [app.py:1000]: Context update: speed=0.0 veh=0 ok=True
2026-02-22 17:59:05,181 [INFO] TrafficAI.Theme [app.py:806]: Theme changed: neon-futuristic → neon-active (by=auto-worker auto=True)
2026-02-22 17:59:05,281 [DEBUG] TrafficAI.MQTT [app.py:1000]: Context update: speed=0.0 veh=0 ok=True
2026-02-22 17:59:05,282 [DEBUG] TrafficAI.MQTT [app.py:1000]: Context update: speed=0.0 veh=0 ok=True
2026-02-22 17:59:05,318 [INFO] TrafficAI.API [app.py:520]: Login success: user=admin ip=127.0.0.1
2026-02-22 17:59:05,319 [DEBUG] TrafficAI.API [app.py:476]: ⏱  POST /api/login → 16.7ms
2026-02-22 17:59:05,407 [INFO] TrafficAI.Theme [app.py:1013]: MQTT remote theme update: neon-active
2026-02-22 17:59:05,640 [DEBUG] TrafficAI.MQTT [app.py:1000]: Context update: speed=0.0 veh=0 ok=True
2026-02-22 17:59:05,641 [DEBUG] TrafficAI.MQTT [app.py:1000]: Context update: speed=0.0 veh=0 ok=True
2026-02-22 17:59:05,700 [DEBUG] TrafficAI.MQTT [app.py:1000]: Context update: speed=0.0 veh=0 ok=True
2026-02-22 17:59:05,701 [DEBUG] TrafficAI.MQTT [app.py:1000]: Context update: speed=0.0 veh=0 ok=True
2026-02-22 17:59:05,906 [DEBUG] TrafficAI.MQTT [app.py:1000]: Context update: speed=0.0 veh=0 ok=True
2026-02-22 17:59:05,906 [DEBUG] TrafficAI.MQTT [app.py:1000]: Context update: speed=0.0 veh=0 ok=True
2026-02-22 17:59:06,117 [DEBUG] TrafficAI.MQTT [app.py:1000]: Context update: speed=0.0 veh=0 ok=True
2026-02-22 17:59:06,118 [DEBUG] TrafficAI.MQTT [app.py:1000]: Context update: speed=0.0 veh=0 ok=True
2026-02-22 17:59:06,244 [DEBUG] TrafficAI.Theme [app.py:464]: Theme access granted: /api/theme
2026-02-22 17:59:06,244 [DEBUG] TrafficAI.Theme [app.py:1295]: GET /api/theme → neon-active (ctx_ok=True)
2026-02-22 17:59:06,245 [DEBUG] TrafficAI.API [app.py:476]: ⏱  GET /api/theme → 0.2ms
2026-02-22 17:59:06,320 [DEBUG] TrafficAI.MQTT [app.py:1000]: Context update: speed=0.0 veh=0 ok=True
2026-02-22 17:59:06,529 [DEBUG] TrafficAI.MQTT [app.py:1000]: Context update: speed=0.0 veh=0 ok=True
2026-02-22 17:59:06,529 [DEBUG] TrafficAI.MQTT [app.py:1000]: Context update: speed=0.0 veh=0 ok=True
2026-02-22 17:59:06,645 [DEBUG] TrafficAI.API [app.py:449]: Authorized request: GET /api/bootstrap
2026-02-22 17:59:06,658 [DEBUG] TrafficAI.API [app.py:1133]: Bootstrap: 0 violations loaded
2026-02-22 17:59:06,658 [DEBUG] TrafficAI.API [app.py:476]: ⏱  GET /api/bootstrap → 12.7ms
2026-02-22 17:59:06,734 [DEBUG] TrafficAI.MQTT [app.py:1000]: Context update: speed=0.0 veh=0 ok=True
2026-02-22 17:59:06,734 [DEBUG] TrafficAI.MQTT [app.py:1000]: Context update: speed=0.0 veh=0 ok=True
2026-02-22 17:59:06,962 [DEBUG] TrafficAI.MQTT [app.py:1000]: Context update: speed=0.0 veh=0 ok=True
2026-02-22 17:59:06,962 [DEBUG] TrafficAI.MQTT [app.py:1000]: Context update: speed=0.0 veh=0 ok=True
2026-02-22 17:59:07,170 [DEBUG] TrafficAI.MQTT [app.py:1000]: Context update: speed=0.0 veh=0 ok=True
2026-02-22 17:59:07,391 [DEBUG] TrafficAI.MQTT [app.py:1000]: Context update: speed=0.0 veh=0 ok=True
2026-02-22 17:59:07,392 [DEBUG] TrafficAI.MQTT [app.py:1000]: Context update: speed=0.0 veh=0 ok=True
2026-02-22 17:59:07,620 [DEBUG] TrafficAI.MQTT [app.py:1000]: Context update: speed=0.0 veh=0 ok=True
2026-02-22 17:59:07,621 [DEBUG] TrafficAI.MQTT [app.py:1000]: Context update: speed=0.0 veh=0 ok=True
2026-02-22 17:59:07,856 [DEBUG] TrafficAI.MQTT [app.py:1000]: Context update: speed=0.0 veh=0 ok=True
2026-02-22 17:59:07,858 [DEBUG] TrafficAI.MQTT [app.py:1000]: Context update: speed=0.0 veh=0 ok=True
2026-02-22 17:59:08,060 [DEBUG] TrafficAI.MQTT [app.py:1000]: Context update: speed=0.0 veh=0 ok=True
2026-02-22 17:59:08,061 [DEBUG] TrafficAI.MQTT [app.py:1000]: Context update: speed=0.0 veh=0 ok=True
2026-02-22 17:59:08,266 [DEBUG] TrafficAI.MQTT [app.py:1000]: Context update: speed=0.0 veh=0 ok=True
2026-02-22 17:59:08,473 [DEBUG] TrafficAI.MQTT [app.py:1000]: Context update: speed=0.0 veh=0 ok=True
2026-02-22 17:59:08,473 [DEBUG] TrafficAI.MQTT [app.py:1000]: Context update: speed=0.0 veh=0 ok=True
2026-02-22 17:59:08,679 [DEBUG] TrafficAI.MQTT [app.py:1000]: Context update: speed=0.0 veh=0 ok=True
2026-02-22 17:59:08,680 [DEBUG] TrafficAI.MQTT [app.py:1000]: Context update: speed=0.0 veh=0 ok=True
2026-02-22 17:59:08,889 [DEBUG] TrafficAI.MQTT [app.py:1000]: Context update: speed=0.0 veh=0 ok=True
2026-02-22 17:59:08,889 [DEBUG] TrafficAI.MQTT [app.py:1000]: Context update: speed=0.0 veh=0 ok=True
2026-02-22 17:59:09,095 [DEBUG] TrafficAI.MQTT [app.py:1000]: Context update: speed=0.0 veh=0 ok=True
2026-02-22 17:59:09,096 [DEBUG] TrafficAI.MQTT [app.py:1000]: Context update: speed=0.0 veh=0 ok=True
2026-02-22 17:59:09,303 [DEBUG] TrafficAI.MQTT [app.py:1000]: Context update: speed=0.0 veh=0 ok=True
2026-02-22 17:59:09,304 [DEBUG] TrafficAI.MQTT [app.py:1000]: Context update: speed=0.0 veh=0 ok=True
2026-02-22 17:59:09,509 [DEBUG] TrafficAI.MQTT [app.py:1000]: Context update: speed=0.0 veh=0 ok=True
2026-02-22 17:59:09,509 [DEBUG] TrafficAI.MQTT [app.py:1000]: Context update: speed=0.0 veh=0 ok=True
2026-02-22 17:59:09,714 [DEBUG] TrafficAI.MQTT [app.py:1000]: Context update: speed=0.0 veh=0 ok=True
2026-02-22 17:59:09,715 [DEBUG] TrafficAI.MQTT [app.py:1000]: Context update: speed=0.0 veh=0 ok=True
2026-02-22 17:59:09,923 [DEBUG] TrafficAI.MQTT [app.py:1000]: Context update: speed=0.0 veh=0 ok=True
2026-02-22 17:59:10,128 [DEBUG] TrafficAI.MQTT [app.py:1000]: Context update: speed=0.0 veh=0 ok=True
2026-02-22 17:59:10,129 [DEBUG] TrafficAI.MQTT [app.py:1000]: Context update: speed=0.0 veh=0 ok=True
2026-02-22 17:59:10,334 [DEBUG] TrafficAI.MQTT [app.py:1000]: Context update: speed=0.0 veh=0 ok=True
2026-02-22 17:59:10,335 [DEBUG] TrafficAI.MQTT [app.py:1000]: Context update: speed=0.0 veh=0 ok=True
2026-02-22 17:59:10,542 [DEBUG] TrafficAI.MQTT [app.py:1000]: Context update: speed=0.0 veh=0 ok=True
2026-02-22 17:59:10,543 [DEBUG] TrafficAI.MQTT [app.py:1000]: Context update: speed=0.0 veh=0 ok=True
2026-02-22 17:59:10,747 [DEBUG] TrafficAI.MQTT [app.py:1000]: Context update: speed=0.0 veh=0 ok=True
2026-02-22 17:59:10,748 [DEBUG] TrafficAI.MQTT [app.py:1000]: Context update: speed=0.0 veh=0 ok=True
2026-02-22 17:59:10,954 [DEBUG] TrafficAI.MQTT [app.py:1000]: Context update: speed=0.0 veh=0 ok=True
2026-02-22 17:59:10,954 [DEBUG] TrafficAI.MQTT [app.py:1000]: Context update: speed=0.0 veh=0 ok=True
2026-02-22 17:59:11,158 [DEBUG] TrafficAI.MQTT [app.py:1000]: Context update: speed=0.0 veh=0 ok=True
2026-02-22 17:59:11,159 [DEBUG] TrafficAI.MQTT [app.py:1000]: Context update: speed=0.0 veh=0 ok=True
2026-02-22 17:59:11,438 [DEBUG] TrafficAI.MQTT [app.py:1000]: Context update: speed=0.0 veh=0 ok=True
2026-02-22 17:59:11,572 [DEBUG] TrafficAI.MQTT [app.py:1000]: Context update: speed=0.0 veh=0 ok=True
2026-02-22 17:59:11,572 [DEBUG] TrafficAI.MQTT [app.py:1000]: Context update: speed=0.0 veh=0 ok=True
2026-02-22 17:59:11,779 [DEBUG] TrafficAI.MQTT [app.py:1000]: Context update: speed=0.0 veh=0 ok=True
2026-02-22 17:59:11,780 [DEBUG] TrafficAI.MQTT [app.py:1000]: Context update: speed=0.0 veh=0 ok=True
2026-02-22 17:59:11,985 [DEBUG] TrafficAI.MQTT [app.py:1000]: Context update: speed=0.0 veh=0 ok=True
2026-02-22 17:59:11,985 [DEBUG] TrafficAI.MQTT [app.py:1000]: Context update: speed=0.0 veh=0 ok=True
2026-02-22 17:59:12,191 [DEBUG] TrafficAI.MQTT [app.py:1000]: Context update: speed=0.0 veh=0 ok=True
2026-02-22 17:59:12,191 [DEBUG] TrafficAI.MQTT [app.py:1000]: Context update: speed=0.0 veh=0 ok=True
2026-02-22 17:59:12,424 [DEBUG] TrafficAI.MQTT [app.py:1000]: Context update: speed=0.0 veh=0 ok=True
2026-02-22 17:59:12,431 [DEBUG] TrafficAI.MQTT [app.py:1000]: Context update: speed=0.0 veh=0 ok=True
2026-02-22 17:59:12,623 [DEBUG] TrafficAI.MQTT [app.py:1000]: Context update: speed=0.0 veh=0 ok=True
2026-02-22 17:59:12,624 [DEBUG] TrafficAI.MQTT [app.py:1000]: Context update: speed=0.0 veh=0 ok=True
2026-02-22 17:59:12,821 [DEBUG] TrafficAI.MQTT [app.py:1000]: Context update: speed=0.0 veh=0 ok=True
2026-02-22 17:59:12,821 [DEBUG] TrafficAI.MQTT [app.py:1000]: Context update: speed=0.0 veh=0 ok=True
2026-02-22 17:59:13,029 [DEBUG] TrafficAI.MQTT [app.py:1000]: Context update: speed=0.0 veh=0 ok=True
2026-02-22 17:59:13,240 [DEBUG] TrafficAI.MQTT [app.py:1000]: Context update: speed=0.0 veh=0 ok=True
2026-02-22 17:59:13,241 [DEBUG] TrafficAI.MQTT [app.py:1000]: Context update: speed=0.0 veh=0 ok=True
2026-02-22 17:59:13,241 [DEBUG] TrafficAI.MQTT [app.py:1000]: Context update: speed=0.0 veh=0 ok=True
2026-02-22 17:59:13,449 [DEBUG] TrafficAI.MQTT [app.py:1000]: Context update: speed=0.0 veh=0 ok=True
2026-02-22 17:59:13,449 [DEBUG] TrafficAI.MQTT [app.py:1000]: Context update: speed=0.0 veh=0 ok=True
2026-02-22 17:59:13,659 [DEBUG] TrafficAI.MQTT [app.py:1000]: Context update: speed=0.0 veh=0 ok=True
2026-02-22 17:59:13,660 [DEBUG] TrafficAI.MQTT [app.py:1000]: Context update: speed=0.0 veh=0 ok=True
2026-02-22 17:59:13,864 [DEBUG] TrafficAI.MQTT [app.py:1000]: Context update: speed=0.0 veh=0 ok=True
2026-02-22 17:59:14,071 [DEBUG] TrafficAI.MQTT [app.py:1000]: Context update: speed=0.0 veh=0 ok=True
2026-02-22 17:59:14,072 [DEBUG] TrafficAI.MQTT [app.py:1000]: Context update: speed=0.0 veh=0 ok=True
2026-02-22 17:59:14,278 [DEBUG] TrafficAI.MQTT [app.py:1000]: Context update: speed=0.0 veh=0 ok=True
2026-02-22 17:59:14,485 [DEBUG] TrafficAI.MQTT [app.py:1000]: Context update: speed=0.0 veh=0 ok=True
2026-02-22 17:59:14,485 [DEBUG] TrafficAI.MQTT [app.py:1000]: Context update: speed=0.0 veh=0 ok=True
2026-02-22 17:59:14,691 [DEBUG] TrafficAI.MQTT [app.py:1000]: Context update: speed=0.0 veh=0 ok=True
2026-02-22 17:59:14,691 [DEBUG] TrafficAI.MQTT [app.py:1000]: Context update: speed=0.0 veh=0 ok=True
2026-02-22 17:59:14,898 [DEBUG] TrafficAI.MQTT [app.py:1000]: Context update: speed=0.0 veh=0 ok=True
2026-02-22 17:59:14,899 [DEBUG] TrafficAI.MQTT [app.py:1000]: Context update: speed=0.0 veh=0 ok=True
2026-02-22 17:59:15,103 [DEBUG] TrafficAI.MQTT [app.py:1000]: Context update: speed=0.0 veh=0 ok=True
2026-02-22 17:59:15,103 [DEBUG] TrafficAI.MQTT [app.py:1000]: Context update: speed=0.0 veh=0 ok=True
2026-02-22 17:59:15,313 [DEBUG] TrafficAI.MQTT [app.py:1000]: Context update: speed=0.0 veh=0 ok=True
2026-02-22 17:59:15,313 [DEBUG] TrafficAI.MQTT [app.py:1000]: Context update: speed=0.0 veh=0 ok=True
2026-02-22 17:59:15,518 [DEBUG] TrafficAI.MQTT [app.py:1000]: Context update: speed=0.0 veh=0 ok=True
2026-02-22 17:59:15,519 [DEBUG] TrafficAI.MQTT [app.py:1000]: Context update: speed=0.0 veh=0 ok=True
2026-02-22 17:59:15,725 [DEBUG] TrafficAI.MQTT [app.py:1000]: Context update: speed=0.0 veh=0 ok=True
2026-02-22 17:59:15,725 [DEBUG] TrafficAI.MQTT [app.py:1000]: Context update: speed=0.0 veh=0 ok=True
2026-02-22 17:59:15,931 [DEBUG] TrafficAI.MQTT [app.py:1000]: Context update: speed=0.0 veh=0 ok=True
2026-02-22 17:59:15,940 [DEBUG] TrafficAI.MQTT [app.py:1000]: Context update: speed=0.0 veh=0 ok=True
2026-02-22 17:59:16,137 [DEBUG] TrafficAI.MQTT [app.py:1000]: Context update: speed=0.0 veh=0 ok=True
2026-02-22 17:59:16,137 [DEBUG] TrafficAI.MQTT [app.py:1000]: Context update: speed=0.0 veh=0 ok=True
2026-02-22 17:59:16,343 [DEBUG] TrafficAI.MQTT [app.py:1000]: Context update: speed=0.0 veh=0 ok=True
2026-02-22 17:59:16,343 [DEBUG] TrafficAI.MQTT [app.py:1000]: Context update: speed=0.0 veh=0 ok=True
2026-02-22 17:59:16,549 [DEBUG] TrafficAI.MQTT [app.py:1000]: Context update: speed=0.0 veh=0 ok=True
2026-02-22 17:59:16,550 [DEBUG] TrafficAI.MQTT [app.py:1000]: Context update: speed=0.0 veh=0 ok=True
2026-02-22 17:59:16,755 [DEBUG] TrafficAI.MQTT [app.py:1000]: Context update: speed=0.0 veh=0 ok=True
2026-02-22 17:59:16,755 [DEBUG] TrafficAI.MQTT [app.py:1000]: Context update: speed=0.0 veh=0 ok=True
2026-02-22 17:59:16,963 [DEBUG] TrafficAI.MQTT [app.py:1000]: Context update: speed=0.0 veh=0 ok=True
2026-02-22 17:59:16,964 [DEBUG] TrafficAI.MQTT [app.py:1000]: Context update: speed=0.0 veh=0 ok=True
2026-02-22 17:59:17,167 [DEBUG] TrafficAI.MQTT [app.py:1000]: Context update: speed=0.0 veh=0 ok=True
2026-02-22 17:59:17,168 [DEBUG] TrafficAI.MQTT [app.py:1000]: Context update: speed=0.0 veh=0 ok=True
2026-02-22 17:59:17,372 [DEBUG] TrafficAI.MQTT [app.py:1000]: Context update: speed=0.0 veh=0 ok=True
2026-02-22 17:59:17,373 [DEBUG] TrafficAI.MQTT [app.py:1000]: Context update: speed=0.0 veh=0 ok=True
2026-02-22 17:59:17,582 [DEBUG] TrafficAI.MQTT [app.py:1000]: Context update: speed=0.0 veh=0 ok=True
2026-02-22 17:59:17,582 [DEBUG] TrafficAI.MQTT [app.py:1000]: Context update: speed=0.0 veh=0 ok=True
2026-02-22 17:59:17,786 [DEBUG] TrafficAI.MQTT [app.py:1000]: Context update: speed=0.0 veh=0 ok=True
2026-02-22 17:59:17,786 [DEBUG] TrafficAI.MQTT [app.py:1000]: Context update: speed=0.0 veh=0 ok=True
2026-02-22 17:59:17,991 [DEBUG] TrafficAI.MQTT [app.py:1000]: Context update: speed=0.0 veh=0 ok=True
2026-02-22 17:59:18,205 [DEBUG] TrafficAI.MQTT [app.py:1000]: Context update: speed=0.0 veh=0 ok=True
2026-02-22 17:59:18,205 [DEBUG] TrafficAI.MQTT [app.py:1000]: Context update: speed=0.0 veh=0 ok=True
2026-02-22 17:59:18,408 [DEBUG] TrafficAI.MQTT [app.py:1000]: Context update: speed=0.0 veh=0 ok=True
2026-02-22 17:59:18,408 [DEBUG] TrafficAI.MQTT [app.py:1000]: Context update: speed=0.0 veh=0 ok=True
2026-02-22 17:59:18,612 [DEBUG] TrafficAI.MQTT [app.py:1000]: Context update: speed=0.0 veh=0 ok=True
2026-02-22 17:59:18,613 [DEBUG] TrafficAI.MQTT [app.py:1000]: Context update: speed=0.0 veh=0 ok=True
2026-02-22 17:59:18,818 [DEBUG] TrafficAI.MQTT [app.py:1000]: Context update: speed=0.0 veh=0 ok=True
2026-02-22 17:59:18,818 [DEBUG] TrafficAI.MQTT [app.py:1000]: Context update: speed=0.0 veh=0 ok=True
2026-02-22 17:59:19,024 [DEBUG] TrafficAI.MQTT [app.py:1000]: Context update: speed=0.0 veh=0 ok=True
2026-02-22 17:59:19,025 [DEBUG] TrafficAI.MQTT [app.py:1000]: Context update: speed=0.0 veh=0 ok=True
2026-02-22 17:59:19,229 [DEBUG] TrafficAI.MQTT [app.py:1000]: Context update: speed=0.0 veh=0 ok=True
2026-02-22 17:59:19,230 [DEBUG] TrafficAI.MQTT [app.py:1000]: Context update: speed=0.0 veh=0 ok=True
2026-02-22 17:59:19,437 [DEBUG] TrafficAI.MQTT [app.py:1000]: Context update: speed=0.0 veh=0 ok=True
2026-02-22 17:59:19,438 [DEBUG] TrafficAI.MQTT [app.py:1000]: Context update: speed=0.0 veh=0 ok=True
2026-02-22 17:59:19,645 [DEBUG] TrafficAI.MQTT [app.py:1000]: Context update: speed=0.0 veh=0 ok=True
2026-02-22 17:59:19,645 [DEBUG] TrafficAI.MQTT [app.py:1000]: Context update: speed=0.0 veh=0 ok=True
2026-02-22 17:59:19,848 [DEBUG] TrafficAI.MQTT [app.py:1000]: Context update: speed=0.0 veh=0 ok=True
2026-02-22 17:59:19,849 [DEBUG] TrafficAI.MQTT [app.py:1000]: Context update: speed=0.0 veh=0 ok=True
2026-02-22 17:59:20,055 [DEBUG] TrafficAI.MQTT [app.py:1000]: Context update: speed=0.0 veh=0 ok=True
2026-02-22 17:59:20,261 [DEBUG] TrafficAI.MQTT [app.py:1000]: Context update: speed=0.0 veh=0 ok=True
2026-02-22 17:59:20,262 [DEBUG] TrafficAI.MQTT [app.py:1000]: Context update: speed=0.0 veh=0 ok=True
2026-02-22 17:59:20,469 [DEBUG] TrafficAI.MQTT [app.py:1000]: Context update: speed=0.0 veh=0 ok=True
2026-02-22 17:59:20,470 [DEBUG] TrafficAI.MQTT [app.py:1000]: Context update: speed=0.0 veh=0 ok=True
2026-02-22 17:59:20,676 [DEBUG] TrafficAI.MQTT [app.py:1000]: Context update: speed=0.0 veh=0 ok=True
2026-02-22 17:59:20,676 [DEBUG] TrafficAI.MQTT [app.py:1000]: Context update: speed=0.0 veh=0 ok=True
2026-02-22 17:59:20,883 [DEBUG] TrafficAI.MQTT [app.py:1000]: Context update: speed=0.0 veh=0 ok=True
2026-02-22 17:59:20,883 [DEBUG] TrafficAI.MQTT [app.py:1000]: Context update: speed=0.0 veh=0 ok=True
2026-02-22 17:59:21,089 [DEBUG] TrafficAI.MQTT [app.py:1000]: Context update: speed=0.0 veh=0 ok=True
2026-02-22 17:59:21,089 [DEBUG] TrafficAI.MQTT [app.py:1000]: Context update: speed=0.0 veh=0 ok=True
2026-02-22 17:59:21,295 [DEBUG] TrafficAI.MQTT [app.py:1000]: Context update: speed=0.0 veh=0 ok=True
2026-02-22 17:59:21,296 [DEBUG] TrafficAI.MQTT [app.py:1000]: Context update: speed=0.0 veh=0 ok=True
2026-02-22 17:59:21,501 [DEBUG] TrafficAI.MQTT [app.py:1000]: Context update: speed=0.0 veh=0 ok=True
2026-02-22 17:59:21,502 [DEBUG] TrafficAI.MQTT [app.py:1000]: Context update: speed=0.0 veh=0 ok=True
2026-02-22 17:59:21,706 [DEBUG] TrafficAI.MQTT [app.py:1000]: Context update: speed=0.0 veh=0 ok=True
2026-02-22 17:59:21,707 [DEBUG] TrafficAI.MQTT [app.py:1000]: Context update: speed=0.0 veh=0 ok=True
2026-02-22 17:59:21,933 [DEBUG] TrafficAI.MQTT [app.py:1000]: Context update: speed=0.0 veh=0 ok=True
2026-02-22 17:59:21,936 [DEBUG] TrafficAI.MQTT [app.py:1000]: Context update: speed=0.0 veh=0 ok=True
2026-02-22 17:59:22,119 [DEBUG] TrafficAI.MQTT [app.py:1000]: Context update: speed=0.0 veh=0 ok=True
2026-02-22 17:59:22,119 [DEBUG] TrafficAI.MQTT [app.py:1000]: Context update: speed=0.0 veh=0 ok=True
2026-02-22 17:59:22,325 [DEBUG] TrafficAI.MQTT [app.py:1000]: Context update: speed=0.0 veh=0 ok=True
2026-02-22 17:59:22,326 [DEBUG] TrafficAI.MQTT [app.py:1000]: Context update: speed=0.0 veh=0 ok=True
2026-02-22 17:59:22,531 [DEBUG] TrafficAI.MQTT [app.py:1000]: Context update: speed=0.0 veh=0 ok=True
2026-02-22 17:59:22,531 [DEBUG] TrafficAI.MQTT [app.py:1000]: Context update: speed=0.0 veh=0 ok=True
2026-02-22 17:59:22,737 [DEBUG] TrafficAI.MQTT [app.py:1000]: Context update: speed=0.0 veh=0 ok=True
2026-02-22 17:59:22,737 [DEBUG] TrafficAI.MQTT [app.py:1000]: Context update: speed=0.0 veh=0 ok=True
2026-02-22 17:59:23,001 [DEBUG] TrafficAI.MQTT [app.py:1000]: Context update: speed=0.0 veh=0 ok=True
2026-02-22 17:59:23,003 [DEBUG] TrafficAI.MQTT [app.py:1000]: Context update: speed=0.0 veh=0 ok=True
2026-02-22 17:59:23,165 [DEBUG] TrafficAI.MQTT [app.py:1000]: Context update: speed=0.0 veh=0 ok=True
2026-02-22 17:59:23,165 [DEBUG] TrafficAI.MQTT [app.py:1000]: Context update: speed=0.0 veh=0 ok=True
2026-02-22 17:59:23,407 [DEBUG] TrafficAI.MQTT [app.py:1000]: Context update: speed=0.0 veh=0 ok=True
2026-02-22 17:59:23,407 [DEBUG] TrafficAI.MQTT [app.py:1000]: Context update: speed=0.0 veh=0 ok=True
2026-02-22 17:59:23,686 [DEBUG] TrafficAI.MQTT [app.py:1000]: Context update: speed=0.0 veh=0 ok=True
2026-02-22 17:59:23,686 [DEBUG] TrafficAI.MQTT [app.py:1000]: Context update: speed=0.0 veh=0 ok=True
2026-02-22 17:59:23,923 [DEBUG] TrafficAI.MQTT [app.py:1000]: Context update: speed=0.0 veh=0 ok=True
2026-02-22 17:59:23,924 [DEBUG] TrafficAI.MQTT [app.py:1000]: Context update: speed=0.0 veh=0 ok=True
2026-02-22 17:59:23,924 [DEBUG] TrafficAI.MQTT [app.py:1000]: Context update: speed=0.0 veh=0 ok=True
2026-02-22 17:59:24,150 [DEBUG] TrafficAI.MQTT [app.py:1000]: Context update: speed=0.0 veh=0 ok=True
2026-02-22 17:59:24,368 [DEBUG] TrafficAI.MQTT [app.py:1000]: Context update: speed=0.0 veh=0 ok=True
2026-02-22 17:59:24,369 [DEBUG] TrafficAI.MQTT [app.py:1000]: Context update: speed=0.0 veh=0 ok=True
2026-02-22 17:59:24,590 [DEBUG] TrafficAI.MQTT [app.py:1000]: Context update: speed=0.0 veh=0 ok=True
2026-02-22 17:59:24,590 [DEBUG] TrafficAI.MQTT [app.py:1000]: Context update: speed=0.0 veh=0 ok=True
2026-02-22 17:59:24,853 [DEBUG] TrafficAI.MQTT [app.py:1000]: Context update: speed=0.0 veh=0 ok=True
2026-02-22 17:59:24,854 [DEBUG] TrafficAI.MQTT [app.py:1000]: Context update: speed=0.0 veh=0 ok=True
2026-02-22 17:59:25,076 [DEBUG] TrafficAI.MQTT [app.py:1000]: Context update: speed=0.0 veh=0 ok=True
2026-02-22 17:59:25,076 [DEBUG] TrafficAI.MQTT [app.py:1000]: Context update: speed=0.0 veh=0 ok=True
2026-02-22 17:59:25,077 [DEBUG] TrafficAI.MQTT [app.py:1000]: Context update: speed=0.0 veh=0 ok=True
2026-02-22 17:59:25,312 [DEBUG] TrafficAI.MQTT [app.py:1000]: Context update: speed=0.0 veh=0 ok=True
2026-02-22 17:59:25,312 [DEBUG] TrafficAI.MQTT [app.py:1000]: Context update: speed=0.0 veh=0 ok=True
2026-02-22 17:59:25,543 [DEBUG] TrafficAI.MQTT [app.py:1000]: Context update: speed=0.0 veh=0 ok=True
2026-02-22 17:59:25,544 [DEBUG] TrafficAI.MQTT [app.py:1000]: Context update: speed=0.0 veh=0 ok=True
2026-02-22 17:59:25,628 [INFO] TrafficAI.LaptopCam [app.py:244]: 🎥 Laptop camera worker starting...
2026-02-22 17:59:25,628 [INFO] TrafficAI.LaptopCam [app.py:337]: 🎥 Laptop camera started by 127.0.0.1
2026-02-22 17:59:25,768 [DEBUG] TrafficAI.MQTT [app.py:1000]: Context update: speed=0.0 veh=0 ok=True
2026-02-22 17:59:25,768 [DEBUG] TrafficAI.MQTT [app.py:1000]: Context update: speed=0.0 veh=0 ok=True
2026-02-22 17:59:25,999 [DEBUG] TrafficAI.MQTT [app.py:1000]: Context update: speed=0.0 veh=0 ok=True
2026-02-22 17:59:25,999 [DEBUG] TrafficAI.MQTT [app.py:1000]: Context update: speed=0.0 veh=0 ok=True
2026-02-22 17:59:27,075 [DEBUG] TrafficAI.MQTT [app.py:1000]: Context update: speed=0.0 veh=0 ok=True
2026-02-22 17:59:28,054 [INFO] TrafficAI.LaptopCam [app.py:250]: ✅ Webcam opened 1024x768
2026-02-22 17:59:28,204 [DEBUG] TrafficAI.MQTT [app.py:1000]: Context update: speed=0.0 veh=0 ok=True
2026-02-22 17:59:28,579 [DEBUG] TrafficAI.MQTT [app.py:1000]: Context update: speed=0.0 veh=0 ok=True
2026-02-22 17:59:28,787 [DEBUG] TrafficAI.MQTT [app.py:1000]: Context update: speed=0.0 veh=0 ok=True
2026-02-22 17:59:28,992 [DEBUG] TrafficAI.MQTT [app.py:1000]: Context update: speed=0.0 veh=0 ok=True
2026-02-22 17:59:29,202 [DEBUG] TrafficAI.MQTT [app.py:1000]: Context update: speed=0.0 veh=0 ok=True
2026-02-22 17:59:29,407 [DEBUG] TrafficAI.MQTT [app.py:1000]: Context update: speed=0.0 veh=0 ok=True
2026-02-22 17:59:29,615 [DEBUG] TrafficAI.MQTT [app.py:1000]: Context update: speed=0.0 veh=0 ok=True
2026-02-22 17:59:29,825 [DEBUG] TrafficAI.MQTT [app.py:1000]: Context update: speed=0.0 veh=0 ok=True
2026-02-22 17:59:30,027 [DEBUG] TrafficAI.MQTT [app.py:1000]: Context update: speed=0.0 veh=0 ok=True
2026-02-22 17:59:30,233 [DEBUG] TrafficAI.MQTT [app.py:1000]: Context update: speed=0.0 veh=0 ok=True
2026-02-22 17:59:30,233 [DEBUG] TrafficAI.MQTT [app.py:1000]: Context update: speed=0.0 veh=0 ok=True
2026-02-22 17:59:30,442 [DEBUG] TrafficAI.MQTT [app.py:1000]: Context update: speed=0.0 veh=0 ok=True
2026-02-22 17:59:30,645 [DEBUG] TrafficAI.MQTT [app.py:1000]: Context update: speed=0.0 veh=0 ok=True
2026-02-22 17:59:30,854 [DEBUG] TrafficAI.MQTT [app.py:1000]: Context update: speed=0.0 veh=0 ok=True
2026-02-22 17:59:31,060 [DEBUG] TrafficAI.MQTT [app.py:1000]: Context update: speed=0.0 veh=0 ok=True
2026-02-22 17:59:31,299 [DEBUG] TrafficAI.MQTT [app.py:1000]: Context update: speed=0.0 veh=0 ok=True
2026-02-22 17:59:31,475 [DEBUG] TrafficAI.MQTT [app.py:1000]: Context update: speed=0.0 veh=0 ok=True
2026-02-22 17:59:31,686 [DEBUG] TrafficAI.MQTT [app.py:1000]: Context update: speed=0.0 veh=0 ok=True
2026-02-22 17:59:31,884 [DEBUG] TrafficAI.MQTT [app.py:1000]: Context update: speed=0.0 veh=0 ok=True
2026-02-22 17:59:32,092 [DEBUG] TrafficAI.MQTT [app.py:1000]: Context update: speed=0.0 veh=0 ok=True
2026-02-22 17:59:32,297 [DEBUG] TrafficAI.MQTT [app.py:1000]: Context update: speed=0.0 veh=0 ok=True
2026-02-22 17:59:32,502 [DEBUG] TrafficAI.MQTT [app.py:1000]: Context update: speed=0.0 veh=0 ok=True
2026-02-22 17:59:32,712 [DEBUG] TrafficAI.MQTT [app.py:1000]: Context update: speed=0.0 veh=0 ok=True
2026-02-22 17:59:32,918 [DEBUG] TrafficAI.MQTT [app.py:1000]: Context update: speed=0.0 veh=0 ok=True
2026-02-22 17:59:32,918 [DEBUG] TrafficAI.MQTT [app.py:1000]: Context update: speed=0.0 veh=0 ok=True
2026-02-22 17:59:33,125 [DEBUG] TrafficAI.MQTT [app.py:1000]: Context update: speed=0.0 veh=0 ok=True
2026-02-22 17:59:33,329 [DEBUG] TrafficAI.MQTT [app.py:1000]: Context update: speed=0.0 veh=0 ok=True
2026-02-22 17:59:33,537 [DEBUG] TrafficAI.MQTT [app.py:1000]: Context update: speed=0.0 veh=0 ok=True
2026-02-22 17:59:33,742 [DEBUG] TrafficAI.MQTT [app.py:1000]: Context update: speed=0.0 veh=0 ok=True
2026-02-22 17:59:33,951 [DEBUG] TrafficAI.MQTT [app.py:1000]: Context update: speed=0.0 veh=0 ok=True
2026-02-22 17:59:34,155 [DEBUG] TrafficAI.MQTT [app.py:1000]: Context update: speed=0.0 veh=0 ok=True
2026-02-22 17:59:34,156 [DEBUG] TrafficAI.MQTT [app.py:1000]: Context update: speed=0.0 veh=0 ok=True
2026-02-22 17:59:34,360 [DEBUG] TrafficAI.MQTT [app.py:1000]: Context update: speed=0.0 veh=0 ok=True
2026-02-22 17:59:34,567 [DEBUG] TrafficAI.MQTT [app.py:1000]: Context update: speed=0.0 veh=0 ok=True
2026-02-22 17:59:34,774 [DEBUG] TrafficAI.MQTT [app.py:1000]: Context update: speed=0.0 veh=0 ok=True
2026-02-22 17:59:34,980 [DEBUG] TrafficAI.MQTT [app.py:1000]: Context update: speed=0.0 veh=0 ok=True
2026-02-22 17:59:35,186 [DEBUG] TrafficAI.MQTT [app.py:1000]: Context update: speed=0.0 veh=0 ok=True
2026-02-22 17:59:35,188 [DEBUG] TrafficAI.Premium [app.py:1059]: Context snapshot saved
2026-02-22 17:59:35,213 [INFO] TrafficAI.Theme [app.py:806]: Theme changed: neon-active → neon-futuristic (by=auto-worker auto=True)
2026-02-22 17:59:35,393 [DEBUG] TrafficAI.MQTT [app.py:1000]: Context update: speed=0.0 veh=0 ok=True
2026-02-22 17:59:35,599 [DEBUG] TrafficAI.MQTT [app.py:1000]: Context update: speed=0.0 veh=0 ok=True
2026-02-22 17:59:35,600 [DEBUG] TrafficAI.MQTT [app.py:1000]: Context update: speed=0.0 veh=0 ok=True
2026-02-22 17:59:35,608 [INFO] TrafficAI.Theme [app.py:1013]: MQTT remote theme update: neon-futuristic
2026-02-22 17:59:35,823 [DEBUG] TrafficAI.MQTT [app.py:1000]: Context update: speed=0.0 veh=0 ok=True
2026-02-22 17:59:36,014 [DEBUG] TrafficAI.MQTT [app.py:1000]: Context update: speed=0.0 veh=0 ok=True
2026-02-22 17:59:36,221 [DEBUG] TrafficAI.MQTT [app.py:1000]: Context update: speed=0.0 veh=0 ok=True
2026-02-22 17:59:36,431 [DEBUG] TrafficAI.MQTT [app.py:1000]: Context update: speed=0.0 veh=0 ok=True
2026-02-22 17:59:36,634 [DEBUG] TrafficAI.MQTT [app.py:1000]: Context update: speed=0.0 veh=0 ok=True
2026-02-22 17:59:36,838 [DEBUG] TrafficAI.MQTT [app.py:1000]: Context update: speed=0.0 veh=0 ok=True
2026-02-22 17:59:37,045 [DEBUG] TrafficAI.MQTT [app.py:1000]: Context update: speed=0.0 veh=0 ok=True
2026-02-22 17:59:37,250 [DEBUG] TrafficAI.MQTT [app.py:1000]: Context update: speed=0.0 veh=0 ok=True
2026-02-22 17:59:37,476 [DEBUG] TrafficAI.MQTT [app.py:1000]: Context update: speed=0.0 veh=0 ok=True
2026-02-22 17:59:37,662 [DEBUG] TrafficAI.MQTT [app.py:1000]: Context update: speed=0.0 veh=0 ok=True
2026-02-22 17:59:37,869 [DEBUG] TrafficAI.MQTT [app.py:1000]: Context update: speed=0.0 veh=0 ok=True
2026-02-22 17:59:38,075 [DEBUG] TrafficAI.MQTT [app.py:1000]: Context update: speed=0.0 veh=0 ok=True
2026-02-22 17:59:38,281 [DEBUG] TrafficAI.MQTT [app.py:1000]: Context update: speed=0.0 veh=0 ok=True
2026-02-22 17:59:38,487 [DEBUG] TrafficAI.MQTT [app.py:1000]: Context update: speed=0.0 veh=0 ok=True
2026-02-22 17:59:38,696 [DEBUG] TrafficAI.MQTT [app.py:1000]: Context update: speed=0.0 veh=0 ok=True
2026-02-22 17:59:38,696 [DEBUG] TrafficAI.MQTT [app.py:1000]: Context update: speed=0.0 veh=0 ok=True
2026-02-22 17:59:38,900 [DEBUG] TrafficAI.MQTT [app.py:1000]: Context update: speed=0.0 veh=0 ok=True
2026-02-22 17:59:39,105 [DEBUG] TrafficAI.MQTT [app.py:1000]: Context update: speed=0.0 veh=0 ok=True
2026-02-22 17:59:39,312 [DEBUG] TrafficAI.MQTT [app.py:1000]: Context update: speed=0.0 veh=0 ok=True
2026-02-22 17:59:39,517 [DEBUG] TrafficAI.MQTT [app.py:1000]: Context update: speed=0.0 veh=0 ok=True
2026-02-22 17:59:39,722 [DEBUG] TrafficAI.MQTT [app.py:1000]: Context update: speed=0.0 veh=0 ok=True
2026-02-22 17:59:39,929 [DEBUG] TrafficAI.MQTT [app.py:1000]: Context update: speed=0.0 veh=0 ok=True
2026-02-22 17:59:40,135 [DEBUG] TrafficAI.MQTT [app.py:1000]: Context update: speed=0.0 veh=0 ok=True
2026-02-22 17:59:40,341 [DEBUG] TrafficAI.MQTT [app.py:1000]: Context update: speed=0.0 veh=0 ok=True
2026-02-22 17:59:40,342 [DEBUG] TrafficAI.MQTT [app.py:1000]: Context update: speed=0.0 veh=0 ok=True
2026-02-22 17:59:40,547 [DEBUG] TrafficAI.MQTT [app.py:1000]: Context update: speed=0.0 veh=0 ok=True
2026-02-22 17:59:40,753 [DEBUG] TrafficAI.MQTT [app.py:1000]: Context update: speed=0.0 veh=0 ok=True
2026-02-22 17:59:40,963 [DEBUG] TrafficAI.MQTT [app.py:1000]: Context update: speed=0.0 veh=0 ok=True
2026-02-22 17:59:41,165 [DEBUG] TrafficAI.MQTT [app.py:1000]: Context update: speed=0.0 veh=0 ok=True
2026-02-22 17:59:41,371 [DEBUG] TrafficAI.MQTT [app.py:1000]: Context update: speed=0.0 veh=0 ok=True
2026-02-22 17:59:41,578 [DEBUG] TrafficAI.MQTT [app.py:1000]: Context update: speed=0.0 veh=0 ok=True
2026-02-22 17:59:41,829 [DEBUG] TrafficAI.MQTT [app.py:1000]: Context update: speed=0.0 veh=0 ok=True
2026-02-22 17:59:41,830 [DEBUG] TrafficAI.MQTT [app.py:1000]: Context update: speed=0.0 veh=0 ok=True
2026-02-22 17:59:42,034 [DEBUG] TrafficAI.MQTT [app.py:1000]: Context update: speed=0.0 veh=0 ok=True
2026-02-22 17:59:42,242 [DEBUG] TrafficAI.MQTT [app.py:1000]: Context update: speed=0.0 veh=0 ok=True
2026-02-22 17:59:42,243 [DEBUG] TrafficAI.MQTT [app.py:1000]: Context update: speed=0.0 veh=0 ok=True
2026-02-22 17:59:42,450 [DEBUG] TrafficAI.MQTT [app.py:1000]: Context update: speed=0.0 veh=0 ok=True
2026-02-22 17:59:42,656 [DEBUG] TrafficAI.MQTT [app.py:1000]: Context update: speed=0.0 veh=0 ok=True
2026-02-22 17:59:42,656 [DEBUG] TrafficAI.MQTT [app.py:1000]: Context update: speed=0.0 veh=0 ok=True
2026-02-22 17:59:42,864 [DEBUG] TrafficAI.MQTT [app.py:1000]: Context update: speed=0.0 veh=0 ok=True
2026-02-22 17:59:43,066 [DEBUG] TrafficAI.MQTT [app.py:1000]: Context update: speed=0.0 veh=0 ok=True
2026-02-22 17:59:43,272 [DEBUG] TrafficAI.MQTT [app.py:1000]: Context update: speed=0.0 veh=0 ok=True
2026-02-22 17:59:43,478 [DEBUG] TrafficAI.MQTT [app.py:1000]: Context update: speed=0.0 veh=0 ok=True
2026-02-22 17:59:43,684 [DEBUG] TrafficAI.MQTT [app.py:1000]: Context update: speed=0.0 veh=0 ok=True
2026-02-22 17:59:43,891 [DEBUG] TrafficAI.MQTT [app.py:1000]: Context update: speed=0.0 veh=0 ok=True
2026-02-22 17:59:44,097 [DEBUG] TrafficAI.MQTT [app.py:1000]: Context update: speed=0.0 veh=0 ok=True
2026-02-22 17:59:44,303 [DEBUG] TrafficAI.MQTT [app.py:1000]: Context update: speed=0.0 veh=0 ok=True
2026-02-22 17:59:44,304 [DEBUG] TrafficAI.MQTT [app.py:1000]: Context update: speed=0.0 veh=0 ok=True
2026-02-22 17:59:44,512 [DEBUG] TrafficAI.MQTT [app.py:1000]: Context update: speed=0.0 veh=0 ok=True
2026-02-22 17:59:44,715 [DEBUG] TrafficAI.MQTT [app.py:1000]: Context update: speed=0.0 veh=0 ok=True
2026-02-22 17:59:44,921 [DEBUG] TrafficAI.MQTT [app.py:1000]: Context update: speed=0.0 veh=0 ok=True
2026-02-22 17:59:45,128 [DEBUG] TrafficAI.MQTT [app.py:1000]: Context update: speed=0.0 veh=0 ok=True
2026-02-22 17:59:45,363 [DEBUG] TrafficAI.MQTT [app.py:1000]: Context update: speed=0.0 veh=0 ok=True
2026-02-22 17:59:45,539 [DEBUG] TrafficAI.MQTT [app.py:1000]: Context update: speed=0.0 veh=0 ok=True
2026-02-22 17:59:45,745 [DEBUG] TrafficAI.MQTT [app.py:1000]: Context update: speed=0.0 veh=0 ok=True
2026-02-22 17:59:45,952 [DEBUG] TrafficAI.MQTT [app.py:1000]: Context update: speed=0.0 veh=0 ok=True
2026-02-22 17:59:46,158 [DEBUG] TrafficAI.MQTT [app.py:1000]: Context update: speed=0.0 veh=0 ok=True
2026-02-22 17:59:46,363 [DEBUG] TrafficAI.MQTT [app.py:1000]: Context update: speed=0.0 veh=0 ok=True
2026-02-22 17:59:46,569 [DEBUG] TrafficAI.MQTT [app.py:1000]: Context update: speed=0.0 veh=0 ok=True
2026-02-22 17:59:46,569 [DEBUG] TrafficAI.MQTT [app.py:1000]: Context update: speed=0.0 veh=0 ok=True
2026-02-22 17:59:46,792 [DEBUG] TrafficAI.MQTT [app.py:1000]: Context update: speed=0.0 veh=0 ok=True
2026-02-22 17:59:47,017 [DEBUG] TrafficAI.MQTT [app.py:1000]: Context update: speed=0.0 veh=0 ok=True
2026-02-22 17:59:47,187 [DEBUG] TrafficAI.MQTT [app.py:1000]: Context update: speed=0.0 veh=0 ok=True
2026-02-22 17:59:47,392 [DEBUG] TrafficAI.MQTT [app.py:1000]: Context update: speed=0.0 veh=0 ok=True
2026-02-22 17:59:47,604 [DEBUG] TrafficAI.MQTT [app.py:1000]: Context update: speed=0.0 veh=0 ok=True
2026-02-22 17:59:47,809 [DEBUG] TrafficAI.MQTT [app.py:1000]: Context update: speed=0.0 veh=0 ok=True
2026-02-22 17:59:48,163 [DEBUG] TrafficAI.MQTT [app.py:1000]: Context update: speed=0.0 veh=0 ok=True
2026-02-22 17:59:48,164 [DEBUG] TrafficAI.MQTT [app.py:1000]: Context update: speed=0.0 veh=0 ok=True
2026-02-22 17:59:48,317 [DEBUG] TrafficAI.MQTT [app.py:1000]: Context update: speed=0.0 veh=0 ok=True
2026-02-22 17:59:48,524 [DEBUG] TrafficAI.MQTT [app.py:1000]: Context update: speed=0.0 veh=0 ok=True
2026-02-22 17:59:48,729 [DEBUG] TrafficAI.MQTT [app.py:1000]: Context update: speed=0.0 veh=0 ok=True
2026-02-22 17:59:48,943 [DEBUG] TrafficAI.MQTT [app.py:1000]: Context update: speed=0.0 veh=0 ok=True
2026-02-22 17:59:49,168 [DEBUG] TrafficAI.MQTT [app.py:1000]: Context update: speed=0.0 veh=0 ok=True
2026-02-22 17:59:49,169 [DEBUG] TrafficAI.MQTT [app.py:1000]: Context update: speed=0.0 veh=0 ok=True
2026-02-22 17:59:49,430 [DEBUG] TrafficAI.MQTT [app.py:1000]: Context update: speed=0.0 veh=0 ok=True
2026-02-22 17:59:49,680 [DEBUG] TrafficAI.MQTT [app.py:1000]: Context update: speed=0.0 veh=0 ok=True
2026-02-22 17:59:49,928 [DEBUG] TrafficAI.MQTT [app.py:1000]: Context update: speed=0.0 veh=0 ok=True
2026-02-22 17:59:50,158 [DEBUG] TrafficAI.MQTT [app.py:1000]: Context update: speed=0.0 veh=0 ok=True
2026-02-22 17:59:50,159 [DEBUG] TrafficAI.MQTT [app.py:1000]: Context update: speed=0.0 veh=0 ok=True
2026-02-22 17:59:50,399 [DEBUG] TrafficAI.MQTT [app.py:1000]: Context update: speed=0.0 veh=0 ok=True
2026-02-22 17:59:50,628 [DEBUG] TrafficAI.MQTT [app.py:1000]: Context update: speed=0.0 veh=0 ok=True
2026-02-22 17:59:50,629 [DEBUG] TrafficAI.MQTT [app.py:1000]: Context update: speed=0.0 veh=0 ok=True
2026-02-22 17:59:50,858 [DEBUG] TrafficAI.MQTT [app.py:1000]: Context update: speed=0.0 veh=0 ok=True
2026-02-22 17:59:51,088 [DEBUG] TrafficAI.MQTT [app.py:1000]: Context update: speed=0.0 veh=0 ok=True
2026-02-22 17:59:51,309 [DEBUG] TrafficAI.MQTT [app.py:1000]: Context update: speed=0.0 veh=0 ok=True
2026-02-22 17:59:51,309 [DEBUG] TrafficAI.MQTT [app.py:1000]: Context update: speed=0.0 veh=0 ok=True
2026-02-22 17:59:51,568 [DEBUG] TrafficAI.MQTT [app.py:1000]: Context update: speed=0.0 veh=0 ok=True
2026-02-22 17:59:51,791 [DEBUG] TrafficAI.MQTT [app.py:1000]: Context update: speed=0.0 veh=0 ok=True
2026-02-22 17:59:52,012 [DEBUG] TrafficAI.MQTT [app.py:1000]: Context update: speed=0.0 veh=0 ok=True
2026-02-22 17:59:52,013 [DEBUG] TrafficAI.MQTT [app.py:1000]: Context update: speed=0.0 veh=0 ok=True
2026-02-22 17:59:52,228 [DEBUG] TrafficAI.MQTT [app.py:1000]: Context update: speed=0.0 veh=0 ok=True
2026-02-22 17:59:52,282 [INFO] TrafficAI.LaptopCam [app.py:352]: 🛑 Laptop camera stopped by 127.0.0.1
2026-02-22 17:59:52,425 [DEBUG] TrafficAI.MQTT [app.py:1000]: Context update: speed=0.0 veh=0 ok=True
2026-02-22 17:59:52,632 [DEBUG] TrafficAI.MQTT [app.py:1000]: Context update: speed=0.0 veh=0 ok=True
2026-02-22 17:59:52,886 [INFO] TrafficAI.LaptopCam [app.py:294]: 🛑 Laptop camera worker stopped
2026-02-22 17:59:53,732 [DEBUG] TrafficAI.MQTT [app.py:1000]: Context update: speed=0.0 veh=0 ok=True
2026-02-22 18:00:20,253 [INFO] TrafficAI.Theme [app.py:806]: Theme changed: neon-futuristic → neon-active (by=auto-worker auto=True)
2026-02-22 18:00:20,487 [INFO] TrafficAI.Theme [app.py:1013]: MQTT remote theme update: neon-active
2026-02-22 18:00:35,199 [DEBUG] TrafficAI.Premium [app.py:1059]: Context snapshot saved
2026-02-22 18:00:50,279 [INFO] TrafficAI.Theme [app.py:806]: Theme changed: neon-active → neon-futuristic (by=auto-worker auto=True)
2026-02-22 18:00:50,513 [INFO] TrafficAI.Theme [app.py:1013]: MQTT remote theme update: neon-futuristic
2026-02-22 18:01:20,311 [INFO] TrafficAI.Theme [app.py:806]: Theme changed: neon-futuristic → neon-active (by=auto-worker auto=True)
2026-02-22 18:01:20,547 [INFO] TrafficAI.Theme [app.py:1013]: MQTT remote theme update: neon-active
2026-02-22 18:01:35,211 [DEBUG] TrafficAI.Premium [app.py:1059]: Context snapshot saved
2026-02-22 18:01:50,335 [INFO] TrafficAI.Theme [app.py:806]: Theme changed: neon-active → neon-futuristic (by=auto-worker auto=True)
2026-02-22 18:01:50,559 [INFO] TrafficAI.Theme [app.py:1013]: MQTT remote theme update: neon-futuristic
2026-02-22 18:02:20,361 [INFO] TrafficAI.Theme [app.py:806]: Theme changed: neon-futuristic → neon-active (by=auto-worker auto=True)
2026-02-22 18:02:20,583 [INFO] TrafficAI.Theme [app.py:1013]: MQTT remote theme update: neon-active
2026-02-22 18:02:35,221 [DEBUG] TrafficAI.Premium [app.py:1059]: Context snapshot saved
2026-02-22 18:02:50,386 [INFO] TrafficAI.Theme [app.py:806]: Theme changed: neon-active → neon-futuristic (by=auto-worker auto=True)
2026-02-22 18:02:50,596 [INFO] TrafficAI.Theme [app.py:1013]: MQTT remote theme update: neon-futuristic
2026-02-22 18:03:35,232 [DEBUG] TrafficAI.Premium [app.py:1059]: Context snapshot saved
2026-02-22 18:03:35,421 [INFO] TrafficAI.Theme [app.py:806]: Theme changed: neon-futuristic → neon-active (by=auto-worker auto=True)
2026-02-22 18:03:35,692 [INFO] TrafficAI.Theme [app.py:1013]: MQTT remote theme update: neon-active
2026-02-22 18:04:05,451 [INFO] TrafficAI.Theme [app.py:806]: Theme changed: neon-active → neon-futuristic (by=auto-worker auto=True)
2026-02-22 18:04:05,665 [INFO] TrafficAI.Theme [app.py:1013]: MQTT remote theme update: neon-futuristic
2026-02-22 18:04:35,245 [DEBUG] TrafficAI.Premium [app.py:1059]: Context snapshot saved
2026-02-22 18:04:35,493 [INFO] TrafficAI.Theme [app.py:806]: Theme changed: neon-futuristic → neon-active (by=auto-worker auto=True)
2026-02-22 18:04:35,708 [INFO] TrafficAI.Theme [app.py:1013]: MQTT remote theme update: neon-active
2026-02-22 18:05:05,528 [INFO] TrafficAI.Theme [app.py:806]: Theme changed: neon-active → neon-futuristic (by=auto-worker auto=True)
2026-02-22 18:05:05,737 [INFO] TrafficAI.Theme [app.py:1013]: MQTT remote theme update: neon-futuristic
2026-02-22 18:05:35,266 [DEBUG] TrafficAI.Premium [app.py:1059]: Context snapshot saved
2026-02-22 18:05:35,558 [INFO] TrafficAI.Theme [app.py:806]: Theme changed: neon-futuristic → neon-active (by=auto-worker auto=True)
2026-02-22 18:05:35,781 [INFO] TrafficAI.Theme [app.py:1013]: MQTT remote theme update: neon-active
2026-02-22 18:06:05,598 [INFO] TrafficAI.Theme [app.py:806]: Theme changed: neon-active → neon-futuristic (by=auto-worker auto=True)
2026-02-22 18:06:05,808 [INFO] TrafficAI.Theme [app.py:1013]: MQTT remote theme update: neon-futuristic
2026-02-22 18:06:35,274 [DEBUG] TrafficAI.Premium [app.py:1059]: Context snapshot saved
2026-02-22 18:06:50,634 [INFO] TrafficAI.Theme [app.py:806]: Theme changed: neon-futuristic → neon-active (by=auto-worker auto=True)
2026-02-22 18:06:50,848 [INFO] TrafficAI.Theme [app.py:1013]: MQTT remote theme update: neon-active
2026-02-22 18:07:20,665 [INFO] TrafficAI.Theme [app.py:806]: Theme changed: neon-active → neon-futuristic (by=auto-worker auto=True)
2026-02-22 18:07:20,890 [INFO] TrafficAI.Theme [app.py:1013]: MQTT remote theme update: neon-futuristic
2026-02-22 18:07:35,287 [DEBUG] TrafficAI.Premium [app.py:1059]: Context snapshot saved
2026-02-22 18:07:50,696 [INFO] TrafficAI.Theme [app.py:806]: Theme changed: neon-futuristic → neon-active (by=auto-worker auto=True)
2026-02-22 18:07:50,919 [INFO] TrafficAI.Theme [app.py:1013]: MQTT remote theme update: neon-active
2026-02-22 18:08:20,731 [INFO] TrafficAI.Theme [app.py:806]: Theme changed: neon-active → neon-futuristic (by=auto-worker auto=True)
2026-02-22 18:08:20,953 [INFO] TrafficAI.Theme [app.py:1013]: MQTT remote theme update: neon-futuristic
2026-02-22 18:08:35,297 [DEBUG] TrafficAI.Premium [app.py:1059]: Context snapshot saved
2026-02-22 18:08:50,759 [INFO] TrafficAI.Theme [app.py:806]: Theme changed: neon-futuristic → neon-active (by=auto-worker auto=True)
2026-02-22 18:08:50,978 [INFO] TrafficAI.Theme [app.py:1013]: MQTT remote theme update: neon-active
2026-02-22 18:36:06,852 [INFO] TrafficAI.Premium [app.py:596]: ✅ DB ready: C:\Users\tuann\Downloads\WEB DEVELOPER\server\traffic_ai.db
2026-02-22 18:36:06,858 [INFO] TrafficAI.Premium [app.py:1495]: 🚀 AI Traffic Control v4.0 PREMIUM starting...
2026-02-22 18:36:06,859 [INFO] TrafficAI.Premium [app.py:619]: 🚦 Traffic cycle started
2026-02-22 18:36:07,109 [INFO] TrafficAI.MQTT [app.py:1025]: 📡 MQTT → broker.hivemq.com:1883
2026-02-22 18:36:07,112 [INFO] TrafficAI.Theme [app.py:806]: Theme changed: neon-futuristic → neon-active (by=boot-restore auto=False)
2026-02-22 18:36:07,120 [DEBUG] TrafficAI.MQTT [app.py:947]: MQTT not connected — skipped publish to traffic/ui/theme
2026-02-22 18:36:07,128 [INFO] TrafficAI.Theme [app.py:1523]: Restored theme from DB: neon-active
2026-02-22 18:36:07,321 [INFO] TrafficAI.MQTT [app.py:951]: ✅ MQTT connected broker.hivemq.com:1883
2026-02-22 18:36:15,102 [INFO] TrafficAI.Premium [app.py:1530]: 🤖 AI engine OK
2026-02-22 18:36:15,113 [INFO] TrafficAI.Premium [app.py:1537]: ✅ Premium v4.0 Ready — port 5050
2026-02-22 18:36:15,114 [INFO] TrafficAI.Premium [app.py:1538]:    Log dir:  C:\Users\tuann\Downloads\WEB DEVELOPER\server\logs
2026-02-22 18:36:15,114 [INFO] TrafficAI.Premium [app.py:1539]:    DB path:  C:\Users\tuann\Downloads\WEB DEVELOPER\server\traffic_ai.db
2026-02-22 18:36:15,114 [INFO] TrafficAI.Premium [app.py:1540]:    Theme:    neon-active
2026-02-22 18:36:15,114 [INFO] TrafficAI.Premium [app.py:1541]:    MQTT:     broker.hivemq.com:1883
2026-02-22 18:36:15,114 [INFO] TrafficAI.Premium [app.py:1542]:    TB host:  http://localhost:8080 (no token)
2026-02-22 18:36:17,731 [DEBUG] TrafficAI.MQTT [app.py:1000]: Context update: speed=0.0 veh=0 ok=True
2026-02-22 18:36:17,972 [DEBUG] TrafficAI.MQTT [app.py:1000]: Context update: speed=0.0 veh=0 ok=True
2026-02-22 18:36:17,973 [DEBUG] TrafficAI.MQTT [app.py:1000]: Context update: speed=0.0 veh=0 ok=True
2026-02-22 18:36:18,171 [DEBUG] TrafficAI.MQTT [app.py:1000]: Context update: speed=0.0 veh=0 ok=True
2026-02-22 18:36:18,172 [DEBUG] TrafficAI.MQTT [app.py:1000]: Context update: speed=0.0 veh=0 ok=True
2026-02-22 18:36:18,172 [DEBUG] TrafficAI.MQTT [app.py:1000]: Context update: speed=0.0 veh=0 ok=True
2026-02-22 18:36:18,370 [DEBUG] TrafficAI.MQTT [app.py:1000]: Context update: speed=0.0 veh=0 ok=True
2026-02-22 18:36:18,371 [DEBUG] TrafficAI.MQTT [app.py:1000]: Context update: speed=0.0 veh=0 ok=True
2026-02-22 18:36:18,569 [DEBUG] TrafficAI.MQTT [app.py:1000]: Context update: speed=0.0 veh=0 ok=True
2026-02-22 18:36:18,569 [DEBUG] TrafficAI.MQTT [app.py:1000]: Context update: speed=0.0 veh=0 ok=True
2026-02-22 18:36:18,768 [DEBUG] TrafficAI.MQTT [app.py:1000]: Context update: speed=0.0 veh=0 ok=True
2026-02-22 18:36:18,768 [DEBUG] TrafficAI.MQTT [app.py:1000]: Context update: speed=0.0 veh=0 ok=True
2026-02-22 18:36:18,967 [DEBUG] TrafficAI.MQTT [app.py:1000]: Context update: speed=0.0 veh=0 ok=True
2026-02-22 18:36:18,967 [DEBUG] TrafficAI.MQTT [app.py:1000]: Context update: speed=0.0 veh=0 ok=True
2026-02-22 18:36:19,166 [DEBUG] TrafficAI.MQTT [app.py:1000]: Context update: speed=0.0 veh=0 ok=True
2026-02-22 18:36:19,166 [DEBUG] TrafficAI.MQTT [app.py:1000]: Context update: speed=0.0 veh=0 ok=True
2026-02-22 18:36:19,366 [DEBUG] TrafficAI.MQTT [app.py:1000]: Context update: speed=0.0 veh=0 ok=True
2026-02-22 18:36:19,366 [DEBUG] TrafficAI.MQTT [app.py:1000]: Context update: speed=0.0 veh=0 ok=True
2026-02-22 18:36:19,565 [DEBUG] TrafficAI.MQTT [app.py:1000]: Context update: speed=0.0 veh=0 ok=True
2026-02-22 18:36:19,566 [DEBUG] TrafficAI.MQTT [app.py:1000]: Context update: speed=0.0 veh=0 ok=True
2026-02-22 18:36:19,762 [DEBUG] TrafficAI.MQTT [app.py:1000]: Context update: speed=0.0 veh=0 ok=True
2026-02-22 18:36:19,762 [DEBUG] TrafficAI.MQTT [app.py:1000]: Context update: speed=0.0 veh=0 ok=True
2026-02-22 18:36:19,984 [DEBUG] TrafficAI.MQTT [app.py:1000]: Context update: speed=0.0 veh=0 ok=True
2026-02-22 18:36:19,985 [DEBUG] TrafficAI.MQTT [app.py:1000]: Context update: speed=0.0 veh=0 ok=True
2026-02-22 18:36:20,160 [DEBUG] TrafficAI.MQTT [app.py:1000]: Context update: speed=0.0 veh=0 ok=True
2026-02-22 18:36:20,358 [DEBUG] TrafficAI.MQTT [app.py:1000]: Context update: speed=0.0 veh=0 ok=True
2026-02-22 18:36:20,358 [DEBUG] TrafficAI.MQTT [app.py:1000]: Context update: speed=0.0 veh=0 ok=True
2026-02-22 18:36:20,557 [DEBUG] TrafficAI.MQTT [app.py:1000]: Context update: speed=0.0 veh=0 ok=True
2026-02-22 18:36:20,558 [DEBUG] TrafficAI.MQTT [app.py:1000]: Context update: speed=0.0 veh=0 ok=True
2026-02-22 18:36:20,758 [DEBUG] TrafficAI.MQTT [app.py:1000]: Context update: speed=0.0 veh=0 ok=True
2026-02-22 18:36:20,758 [DEBUG] TrafficAI.MQTT [app.py:1000]: Context update: speed=0.0 veh=0 ok=True
2026-02-22 18:36:20,958 [DEBUG] TrafficAI.MQTT [app.py:1000]: Context update: speed=0.0 veh=0 ok=True
2026-02-22 18:36:20,958 [DEBUG] TrafficAI.MQTT [app.py:1000]: Context update: speed=0.0 veh=0 ok=True
2026-02-22 18:36:21,155 [DEBUG] TrafficAI.MQTT [app.py:1000]: Context update: speed=0.0 veh=0 ok=True
2026-02-22 18:36:21,156 [DEBUG] TrafficAI.MQTT [app.py:1000]: Context update: speed=0.0 veh=0 ok=True
2026-02-22 18:36:21,355 [DEBUG] TrafficAI.MQTT [app.py:1000]: Context update: speed=0.0 veh=0 ok=True
2026-02-22 18:36:21,553 [DEBUG] TrafficAI.MQTT [app.py:1000]: Context update: speed=0.0 veh=0 ok=True
2026-02-22 18:36:21,553 [DEBUG] TrafficAI.MQTT [app.py:1000]: Context update: speed=0.0 veh=0 ok=True
2026-02-22 18:36:21,752 [DEBUG] TrafficAI.MQTT [app.py:1000]: Context update: speed=0.0 veh=0 ok=True
2026-02-22 18:36:21,753 [DEBUG] TrafficAI.MQTT [app.py:1000]: Context update: speed=0.0 veh=0 ok=True
2026-02-22 18:36:21,867 [INFO] TrafficAI.Theme [app.py:806]: Theme changed: neon-active → neon-futuristic (by=auto-worker auto=True)
2026-02-22 18:36:21,950 [DEBUG] TrafficAI.MQTT [app.py:1000]: Context update: speed=0.0 veh=0 ok=True
2026-02-22 18:36:22,089 [INFO] TrafficAI.Theme [app.py:1013]: MQTT remote theme update: neon-futuristic
2026-02-22 18:36:22,154 [DEBUG] TrafficAI.Theme [app.py:464]: Theme access granted: /api/theme
2026-02-22 18:36:22,154 [DEBUG] TrafficAI.Theme [app.py:1295]: GET /api/theme → neon-futuristic (ctx_ok=True)
2026-02-22 18:36:22,154 [DEBUG] TrafficAI.API [app.py:476]: ⏱  GET /api/theme → 0.2ms
2026-02-22 18:36:22,298 [DEBUG] TrafficAI.MQTT [app.py:1000]: Context update: speed=0.0 veh=0 ok=True
2026-02-22 18:36:22,299 [DEBUG] TrafficAI.MQTT [app.py:1000]: Context update: speed=0.0 veh=0 ok=True
2026-02-22 18:36:22,348 [DEBUG] TrafficAI.MQTT [app.py:1000]: Context update: speed=0.0 veh=0 ok=True
2026-02-22 18:36:22,349 [DEBUG] TrafficAI.MQTT [app.py:1000]: Context update: speed=0.0 veh=0 ok=True
2026-02-22 18:36:22,547 [DEBUG] TrafficAI.MQTT [app.py:1000]: Context update: speed=0.0 veh=0 ok=True
2026-02-22 18:36:22,751 [DEBUG] TrafficAI.MQTT [app.py:1000]: Context update: speed=0.0 veh=0 ok=True
2026-02-22 18:36:22,752 [DEBUG] TrafficAI.MQTT [app.py:1000]: Context update: speed=0.0 veh=0 ok=True
2026-02-22 18:36:22,953 [DEBUG] TrafficAI.MQTT [app.py:1000]: Context update: speed=0.0 veh=0 ok=True
2026-02-22 18:36:22,953 [DEBUG] TrafficAI.MQTT [app.py:1000]: Context update: speed=0.0 veh=0 ok=True
2026-02-22 18:36:23,151 [DEBUG] TrafficAI.MQTT [app.py:1000]: Context update: speed=0.0 veh=0 ok=True
2026-02-22 18:36:23,151 [DEBUG] TrafficAI.MQTT [app.py:1000]: Context update: speed=0.0 veh=0 ok=True
2026-02-22 18:36:23,349 [DEBUG] TrafficAI.MQTT [app.py:1000]: Context update: speed=0.0 veh=0 ok=True
2026-02-22 18:36:23,350 [DEBUG] TrafficAI.MQTT [app.py:1000]: Context update: speed=0.0 veh=0 ok=True
2026-02-22 18:36:23,549 [DEBUG] TrafficAI.MQTT [app.py:1000]: Context update: speed=0.0 veh=0 ok=True
2026-02-22 18:36:23,749 [DEBUG] TrafficAI.MQTT [app.py:1000]: Context update: speed=0.0 veh=0 ok=True
2026-02-22 18:36:23,750 [DEBUG] TrafficAI.MQTT [app.py:1000]: Context update: speed=0.0 veh=0 ok=True
2026-02-22 18:36:23,949 [DEBUG] TrafficAI.MQTT [app.py:1000]: Context update: speed=0.0 veh=0 ok=True
2026-02-22 18:36:23,949 [DEBUG] TrafficAI.MQTT [app.py:1000]: Context update: speed=0.0 veh=0 ok=True
2026-02-22 18:36:24,153 [DEBUG] TrafficAI.MQTT [app.py:1000]: Context update: speed=0.0 veh=0 ok=True
2026-02-22 18:36:24,347 [DEBUG] TrafficAI.MQTT [app.py:1000]: Context update: speed=0.0 veh=0 ok=True
2026-02-22 18:36:24,347 [DEBUG] TrafficAI.MQTT [app.py:1000]: Context update: speed=0.0 veh=0 ok=True
2026-02-22 18:36:24,548 [DEBUG] TrafficAI.MQTT [app.py:1000]: Context update: speed=0.0 veh=0 ok=True
2026-02-22 18:36:24,549 [DEBUG] TrafficAI.MQTT [app.py:1000]: Context update: speed=0.0 veh=0 ok=True
2026-02-22 18:36:24,748 [DEBUG] TrafficAI.MQTT [app.py:1000]: Context update: speed=0.0 veh=0 ok=True
2026-02-22 18:36:24,749 [DEBUG] TrafficAI.MQTT [app.py:1000]: Context update: speed=0.0 veh=0 ok=True
2026-02-22 18:36:24,801 [DEBUG] TrafficAI.API [app.py:449]: Authorized request: GET /api/bootstrap
2026-02-22 18:36:24,812 [DEBUG] TrafficAI.API [app.py:1133]: Bootstrap: 0 violations loaded
2026-02-22 18:36:24,812 [DEBUG] TrafficAI.API [app.py:476]: ⏱  GET /api/bootstrap → 10.6ms
2026-02-22 18:36:24,947 [DEBUG] TrafficAI.MQTT [app.py:1000]: Context update: speed=0.0 veh=0 ok=True
2026-02-22 18:36:25,151 [DEBUG] TrafficAI.MQTT [app.py:1000]: Context update: speed=0.0 veh=0 ok=True
2026-02-22 18:36:25,151 [DEBUG] TrafficAI.MQTT [app.py:1000]: Context update: speed=0.0 veh=0 ok=True
2026-02-22 18:36:25,351 [DEBUG] TrafficAI.MQTT [app.py:1000]: Context update: speed=0.0 veh=0 ok=True
2026-02-22 18:36:25,351 [DEBUG] TrafficAI.MQTT [app.py:1000]: Context update: speed=0.0 veh=0 ok=True
2026-02-22 18:36:25,552 [DEBUG] TrafficAI.MQTT [app.py:1000]: Context update: speed=0.0 veh=0 ok=True
2026-02-22 18:36:25,553 [DEBUG] TrafficAI.MQTT [app.py:1000]: Context update: speed=0.0 veh=0 ok=True
2026-02-22 18:36:25,758 [DEBUG] TrafficAI.MQTT [app.py:1000]: Context update: speed=0.0 veh=0 ok=True
2026-02-22 18:36:25,951 [DEBUG] TrafficAI.MQTT [app.py:1000]: Context update: speed=0.0 veh=0 ok=True
2026-02-22 18:36:26,150 [DEBUG] TrafficAI.MQTT [app.py:1000]: Context update: speed=0.0 veh=0 ok=True
2026-02-22 18:36:26,151 [DEBUG] TrafficAI.MQTT [app.py:1000]: Context update: speed=0.0 veh=0 ok=True
2026-02-22 18:36:26,350 [DEBUG] TrafficAI.MQTT [app.py:1000]: Context update: speed=0.0 veh=0 ok=True
2026-02-22 18:36:26,350 [DEBUG] TrafficAI.MQTT [app.py:1000]: Context update: speed=0.0 veh=0 ok=True
2026-02-22 18:36:26,548 [DEBUG] TrafficAI.MQTT [app.py:1000]: Context update: speed=0.0 veh=0 ok=True
2026-02-22 18:36:26,549 [DEBUG] TrafficAI.MQTT [app.py:1000]: Context update: speed=0.0 veh=0 ok=True
2026-02-22 18:36:26,749 [DEBUG] TrafficAI.MQTT [app.py:1000]: Context update: speed=0.0 veh=0 ok=True
2026-02-22 18:36:26,945 [DEBUG] TrafficAI.MQTT [app.py:1000]: Context update: speed=0.0 veh=0 ok=True
2026-02-22 18:36:26,945 [DEBUG] TrafficAI.MQTT [app.py:1000]: Context update: speed=0.0 veh=0 ok=True
2026-02-22 18:36:27,164 [DEBUG] TrafficAI.MQTT [app.py:1000]: Context update: speed=0.0 veh=0 ok=True
2026-02-22 18:36:27,164 [DEBUG] TrafficAI.MQTT [app.py:1000]: Context update: speed=0.0 veh=0 ok=True
2026-02-22 18:36:27,474 [DEBUG] TrafficAI.MQTT [app.py:1000]: Context update: speed=0.0 veh=0 ok=True
2026-02-22 18:36:27,474 [DEBUG] TrafficAI.MQTT [app.py:1000]: Context update: speed=0.0 veh=0 ok=True
2026-02-22 18:36:27,689 [DEBUG] TrafficAI.MQTT [app.py:1000]: Context update: speed=0.0 veh=0 ok=True
2026-02-22 18:36:27,689 [DEBUG] TrafficAI.MQTT [app.py:1000]: Context update: speed=0.0 veh=0 ok=True
2026-02-22 18:36:27,690 [DEBUG] TrafficAI.MQTT [app.py:1000]: Context update: speed=0.0 veh=0 ok=True
2026-02-22 18:36:27,907 [DEBUG] TrafficAI.MQTT [app.py:1000]: Context update: speed=0.0 veh=0 ok=True
2026-02-22 18:36:27,907 [DEBUG] TrafficAI.MQTT [app.py:1000]: Context update: speed=0.0 veh=0 ok=True
2026-02-22 18:36:28,113 [DEBUG] TrafficAI.MQTT [app.py:1000]: Context update: speed=0.0 veh=0 ok=True
2026-02-22 18:36:28,113 [DEBUG] TrafficAI.MQTT [app.py:1000]: Context update: speed=0.0 veh=0 ok=True
2026-02-22 18:36:28,322 [DEBUG] TrafficAI.MQTT [app.py:1000]: Context update: speed=0.0 veh=0 ok=True
2026-02-22 18:36:28,334 [DEBUG] TrafficAI.MQTT [app.py:1000]: Context update: speed=0.0 veh=0 ok=True
2026-02-22 18:36:28,531 [DEBUG] TrafficAI.MQTT [app.py:1000]: Context update: speed=0.0 veh=0 ok=True
2026-02-22 18:36:28,753 [DEBUG] TrafficAI.MQTT [app.py:1000]: Context update: speed=0.0 veh=0 ok=True
2026-02-22 18:36:28,753 [DEBUG] TrafficAI.MQTT [app.py:1000]: Context update: speed=0.0 veh=0 ok=True
2026-02-22 18:36:28,955 [DEBUG] TrafficAI.MQTT [app.py:1000]: Context update: speed=0.0 veh=0 ok=True
2026-02-22 18:36:28,956 [DEBUG] TrafficAI.MQTT [app.py:1000]: Context update: speed=0.0 veh=0 ok=True
2026-02-22 18:36:29,164 [DEBUG] TrafficAI.MQTT [app.py:1000]: Context update: speed=0.0 veh=0 ok=True
2026-02-22 18:36:29,165 [DEBUG] TrafficAI.MQTT [app.py:1000]: Context update: speed=0.0 veh=0 ok=True
2026-02-22 18:36:29,373 [DEBUG] TrafficAI.MQTT [app.py:1000]: Context update: speed=0.0 veh=0 ok=True
2026-02-22 18:36:29,581 [DEBUG] TrafficAI.MQTT [app.py:1000]: Context update: speed=0.0 veh=0 ok=True
2026-02-22 18:36:29,590 [DEBUG] TrafficAI.MQTT [app.py:1000]: Context update: speed=0.0 veh=0 ok=True
2026-02-22 18:36:29,789 [DEBUG] TrafficAI.MQTT [app.py:1000]: Context update: speed=0.0 veh=0 ok=True
2026-02-22 18:36:29,803 [DEBUG] TrafficAI.MQTT [app.py:1000]: Context update: speed=0.0 veh=0 ok=True
2026-02-22 18:36:29,998 [DEBUG] TrafficAI.MQTT [app.py:1000]: Context update: speed=0.0 veh=0 ok=True
2026-02-22 18:36:30,006 [DEBUG] TrafficAI.MQTT [app.py:1000]: Context update: speed=0.0 veh=0 ok=True
2026-02-22 18:36:30,206 [DEBUG] TrafficAI.MQTT [app.py:1000]: Context update: speed=0.0 veh=0 ok=True
2026-02-22 18:36:30,222 [DEBUG] TrafficAI.MQTT [app.py:1000]: Context update: speed=0.0 veh=0 ok=True
2026-02-22 18:36:30,415 [DEBUG] TrafficAI.MQTT [app.py:1000]: Context update: speed=0.0 veh=0 ok=True
2026-02-22 18:36:30,426 [DEBUG] TrafficAI.MQTT [app.py:1000]: Context update: speed=0.0 veh=0 ok=True
2026-02-22 18:36:30,623 [DEBUG] TrafficAI.MQTT [app.py:1000]: Context update: speed=0.0 veh=0 ok=True
2026-02-22 18:36:30,625 [DEBUG] TrafficAI.MQTT [app.py:1000]: Context update: speed=0.0 veh=0 ok=True
2026-02-22 18:36:30,830 [DEBUG] TrafficAI.MQTT [app.py:1000]: Context update: speed=0.0 veh=0 ok=True
2026-02-22 18:36:30,852 [DEBUG] TrafficAI.MQTT [app.py:1000]: Context update: speed=0.0 veh=0 ok=True
2026-02-22 18:36:31,037 [DEBUG] TrafficAI.MQTT [app.py:1000]: Context update: speed=0.0 veh=0 ok=True
2026-02-22 18:36:31,038 [DEBUG] TrafficAI.MQTT [app.py:1000]: Context update: speed=0.0 veh=0 ok=True
2026-02-22 18:36:31,239 [DEBUG] TrafficAI.MQTT [app.py:1000]: Context update: speed=0.0 veh=0 ok=True
2026-02-22 18:36:31,239 [DEBUG] TrafficAI.MQTT [app.py:1000]: Context update: speed=0.0 veh=0 ok=True
2026-02-22 18:36:31,434 [DEBUG] TrafficAI.MQTT [app.py:1000]: Context update: speed=0.0 veh=0 ok=True
2026-02-22 18:36:31,435 [DEBUG] TrafficAI.MQTT [app.py:1000]: Context update: speed=0.0 veh=0 ok=True
2026-02-22 18:36:31,633 [DEBUG] TrafficAI.MQTT [app.py:1000]: Context update: speed=0.0 veh=0 ok=True
2026-02-22 18:36:31,633 [DEBUG] TrafficAI.MQTT [app.py:1000]: Context update: speed=0.0 veh=0 ok=True
2026-02-22 18:36:31,832 [DEBUG] TrafficAI.MQTT [app.py:1000]: Context update: speed=0.0 veh=0 ok=True
2026-02-22 18:36:31,832 [DEBUG] TrafficAI.MQTT [app.py:1000]: Context update: speed=0.0 veh=0 ok=True
2026-02-22 18:36:32,032 [DEBUG] TrafficAI.MQTT [app.py:1000]: Context update: speed=0.0 veh=0 ok=True
2026-02-22 18:36:32,232 [DEBUG] TrafficAI.MQTT [app.py:1000]: Context update: speed=0.0 veh=0 ok=True
2026-02-22 18:36:32,232 [DEBUG] TrafficAI.MQTT [app.py:1000]: Context update: speed=0.0 veh=0 ok=True
2026-02-22 18:36:32,429 [DEBUG] TrafficAI.MQTT [app.py:1000]: Context update: speed=0.0 veh=0 ok=True
2026-02-22 18:36:32,429 [DEBUG] TrafficAI.MQTT [app.py:1000]: Context update: speed=0.0 veh=0 ok=True
2026-02-22 18:36:32,628 [DEBUG] TrafficAI.MQTT [app.py:1000]: Context update: speed=0.0 veh=0 ok=True
2026-02-22 18:36:32,628 [DEBUG] TrafficAI.MQTT [app.py:1000]: Context update: speed=0.0 veh=0 ok=True
2026-02-22 18:36:32,830 [DEBUG] TrafficAI.MQTT [app.py:1000]: Context update: speed=0.0 veh=0 ok=True
2026-02-22 18:36:32,830 [DEBUG] TrafficAI.MQTT [app.py:1000]: Context update: speed=0.0 veh=0 ok=True
2026-02-22 18:36:33,024 [DEBUG] TrafficAI.MQTT [app.py:1000]: Context update: speed=0.0 veh=0 ok=True
2026-02-22 18:36:33,024 [DEBUG] TrafficAI.MQTT [app.py:1000]: Context update: speed=0.0 veh=0 ok=True
2026-02-22 18:36:33,223 [DEBUG] TrafficAI.MQTT [app.py:1000]: Context update: speed=0.0 veh=0 ok=True
2026-02-22 18:36:33,422 [DEBUG] TrafficAI.MQTT [app.py:1000]: Context update: speed=0.0 veh=0 ok=True
2026-02-22 18:36:33,422 [DEBUG] TrafficAI.MQTT [app.py:1000]: Context update: speed=0.0 veh=0 ok=True
2026-02-22 18:36:33,621 [DEBUG] TrafficAI.MQTT [app.py:1000]: Context update: speed=0.0 veh=0 ok=True
2026-02-22 18:36:33,622 [DEBUG] TrafficAI.MQTT [app.py:1000]: Context update: speed=0.0 veh=0 ok=True
2026-02-22 18:36:33,820 [DEBUG] TrafficAI.MQTT [app.py:1000]: Context update: speed=0.0 veh=0 ok=True
2026-02-22 18:36:33,821 [DEBUG] TrafficAI.MQTT [app.py:1000]: Context update: speed=0.0 veh=0 ok=True
2026-02-22 18:36:34,018 [DEBUG] TrafficAI.MQTT [app.py:1000]: Context update: speed=0.0 veh=0 ok=True
2026-02-22 18:36:34,221 [DEBUG] TrafficAI.MQTT [app.py:1000]: Context update: speed=0.0 veh=0 ok=True
2026-02-22 18:36:34,221 [DEBUG] TrafficAI.MQTT [app.py:1000]: Context update: speed=0.0 veh=0 ok=True
2026-02-22 18:36:34,418 [DEBUG] TrafficAI.MQTT [app.py:1000]: Context update: speed=0.0 veh=0 ok=True
2026-02-22 18:36:34,419 [DEBUG] TrafficAI.MQTT [app.py:1000]: Context update: speed=0.0 veh=0 ok=True
2026-02-22 18:36:34,617 [DEBUG] TrafficAI.MQTT [app.py:1000]: Context update: speed=0.0 veh=0 ok=True
2026-02-22 18:36:34,618 [DEBUG] TrafficAI.MQTT [app.py:1000]: Context update: speed=0.0 veh=0 ok=True
2026-02-22 18:36:34,816 [DEBUG] TrafficAI.MQTT [app.py:1000]: Context update: speed=0.0 veh=0 ok=True
2026-02-22 18:36:34,816 [DEBUG] TrafficAI.MQTT [app.py:1000]: Context update: speed=0.0 veh=0 ok=True
2026-02-22 18:36:35,035 [DEBUG] TrafficAI.MQTT [app.py:1000]: Context update: speed=0.0 veh=0 ok=True
2026-02-22 18:36:35,035 [DEBUG] TrafficAI.MQTT [app.py:1000]: Context update: speed=0.0 veh=0 ok=True
2026-02-22 18:36:35,214 [DEBUG] TrafficAI.MQTT [app.py:1000]: Context update: speed=0.0 veh=0 ok=True
2026-02-22 18:36:35,414 [DEBUG] TrafficAI.MQTT [app.py:1000]: Context update: speed=0.0 veh=0 ok=True
2026-02-22 18:36:35,415 [DEBUG] TrafficAI.MQTT [app.py:1000]: Context update: speed=0.0 veh=0 ok=True
2026-02-22 18:36:35,612 [DEBUG] TrafficAI.MQTT [app.py:1000]: Context update: speed=0.0 veh=0 ok=True
2026-02-22 18:36:35,613 [DEBUG] TrafficAI.MQTT [app.py:1000]: Context update: speed=0.0 veh=0 ok=True
2026-02-22 18:36:35,812 [DEBUG] TrafficAI.MQTT [app.py:1000]: Context update: speed=0.0 veh=0 ok=True
2026-02-22 18:36:35,812 [DEBUG] TrafficAI.MQTT [app.py:1000]: Context update: speed=0.0 veh=0 ok=True
2026-02-22 18:36:36,011 [DEBUG] TrafficAI.MQTT [app.py:1000]: Context update: speed=0.0 veh=0 ok=True
2026-02-22 18:36:36,012 [DEBUG] TrafficAI.MQTT [app.py:1000]: Context update: speed=0.0 veh=0 ok=True
2026-02-22 18:36:36,210 [DEBUG] TrafficAI.MQTT [app.py:1000]: Context update: speed=0.0 veh=0 ok=True
2026-02-22 18:36:36,211 [DEBUG] TrafficAI.MQTT [app.py:1000]: Context update: speed=0.0 veh=0 ok=True
2026-02-22 18:36:36,409 [DEBUG] TrafficAI.MQTT [app.py:1000]: Context update: speed=0.0 veh=0 ok=True
2026-02-22 18:36:36,608 [DEBUG] TrafficAI.MQTT [app.py:1000]: Context update: speed=0.0 veh=0 ok=True
2026-02-22 18:36:36,609 [DEBUG] TrafficAI.MQTT [app.py:1000]: Context update: speed=0.0 veh=0 ok=True
2026-02-22 18:36:36,808 [DEBUG] TrafficAI.MQTT [app.py:1000]: Context update: speed=0.0 veh=0 ok=True
2026-02-22 18:36:36,808 [DEBUG] TrafficAI.MQTT [app.py:1000]: Context update: speed=0.0 veh=0 ok=True
2026-02-22 18:36:36,898 [INFO] TrafficAI.Theme [app.py:806]: Theme changed: neon-futuristic → neon-active (by=auto-worker auto=True)
2026-02-22 18:36:37,009 [DEBUG] TrafficAI.MQTT [app.py:1000]: Context update: speed=0.0 veh=0 ok=True
2026-02-22 18:36:37,009 [DEBUG] TrafficAI.MQTT [app.py:1000]: Context update: speed=0.0 veh=0 ok=True
2026-02-22 18:36:37,116 [INFO] TrafficAI.Theme [app.py:1013]: MQTT remote theme update: neon-active
2026-02-22 18:36:37,327 [DEBUG] TrafficAI.MQTT [app.py:1000]: Context update: speed=0.0 veh=0 ok=True
2026-02-22 18:36:37,327 [DEBUG] TrafficAI.MQTT [app.py:1000]: Context update: speed=0.0 veh=0 ok=True
2026-02-22 18:36:37,410 [DEBUG] TrafficAI.MQTT [app.py:1000]: Context update: speed=0.0 veh=0 ok=True
2026-02-22 18:36:37,610 [DEBUG] TrafficAI.MQTT [app.py:1000]: Context update: speed=0.0 veh=0 ok=True
2026-02-22 18:36:37,610 [DEBUG] TrafficAI.MQTT [app.py:1000]: Context update: speed=0.0 veh=0 ok=True
2026-02-22 18:36:37,808 [DEBUG] TrafficAI.MQTT [app.py:1000]: Context update: speed=0.0 veh=0 ok=True
2026-02-22 18:36:37,809 [DEBUG] TrafficAI.MQTT [app.py:1000]: Context update: speed=0.0 veh=0 ok=True
2026-02-22 18:36:38,007 [DEBUG] TrafficAI.MQTT [app.py:1000]: Context update: speed=0.0 veh=0 ok=True
2026-02-22 18:36:38,205 [DEBUG] TrafficAI.MQTT [app.py:1000]: Context update: speed=0.0 veh=0 ok=True
2026-02-22 18:36:38,206 [DEBUG] TrafficAI.MQTT [app.py:1000]: Context update: speed=0.0 veh=0 ok=True
2026-02-22 18:36:38,207 [DEBUG] TrafficAI.MQTT [app.py:1000]: Context update: speed=0.0 veh=0 ok=True
2026-02-22 18:36:38,404 [DEBUG] TrafficAI.MQTT [app.py:1000]: Context update: speed=0.0 veh=0 ok=True
2026-02-22 18:36:38,603 [DEBUG] TrafficAI.MQTT [app.py:1000]: Context update: speed=0.0 veh=0 ok=True
2026-02-22 18:36:38,604 [DEBUG] TrafficAI.MQTT [app.py:1000]: Context update: speed=0.0 veh=0 ok=True
2026-02-22 18:36:38,803 [DEBUG] TrafficAI.MQTT [app.py:1000]: Context update: speed=0.0 veh=0 ok=True
2026-02-22 18:36:38,804 [DEBUG] TrafficAI.MQTT [app.py:1000]: Context update: speed=0.0 veh=0 ok=True
2026-02-22 18:36:39,004 [DEBUG] TrafficAI.MQTT [app.py:1000]: Context update: speed=0.0 veh=0 ok=True
2026-02-22 18:36:39,005 [DEBUG] TrafficAI.MQTT [app.py:1000]: Context update: speed=0.0 veh=0 ok=True
2026-02-22 18:36:39,203 [DEBUG] TrafficAI.MQTT [app.py:1000]: Context update: speed=0.0 veh=0 ok=True
2026-02-22 18:36:39,401 [DEBUG] TrafficAI.MQTT [app.py:1000]: Context update: speed=0.0 veh=0 ok=True
2026-02-22 18:36:39,402 [DEBUG] TrafficAI.MQTT [app.py:1000]: Context update: speed=0.0 veh=0 ok=True
2026-02-22 18:36:39,601 [DEBUG] TrafficAI.MQTT [app.py:1000]: Context update: speed=0.0 veh=0 ok=True
2026-02-22 18:36:39,601 [DEBUG] TrafficAI.MQTT [app.py:1000]: Context update: speed=0.0 veh=0 ok=True
2026-02-22 18:36:39,800 [DEBUG] TrafficAI.MQTT [app.py:1000]: Context update: speed=0.0 veh=0 ok=True
2026-02-22 18:36:39,800 [DEBUG] TrafficAI.MQTT [app.py:1000]: Context update: speed=0.0 veh=0 ok=True
2026-02-22 18:36:39,998 [DEBUG] TrafficAI.MQTT [app.py:1000]: Context update: speed=0.0 veh=0 ok=True
2026-02-22 18:36:39,999 [DEBUG] TrafficAI.MQTT [app.py:1000]: Context update: speed=0.0 veh=0 ok=True
2026-02-22 18:36:40,195 [DEBUG] TrafficAI.MQTT [app.py:1000]: Context update: speed=0.0 veh=0 ok=True
2026-02-22 18:36:40,395 [DEBUG] TrafficAI.MQTT [app.py:1000]: Context update: speed=0.0 veh=0 ok=True
2026-02-22 18:36:40,395 [DEBUG] TrafficAI.MQTT [app.py:1000]: Context update: speed=0.0 veh=0 ok=True
2026-02-22 18:36:40,593 [DEBUG] TrafficAI.MQTT [app.py:1000]: Context update: speed=0.0 veh=0 ok=True
2026-02-22 18:36:40,792 [DEBUG] TrafficAI.MQTT [app.py:1000]: Context update: speed=0.0 veh=0 ok=True
2026-02-22 18:36:40,793 [DEBUG] TrafficAI.MQTT [app.py:1000]: Context update: speed=0.0 veh=0 ok=True
2026-02-22 18:36:40,992 [DEBUG] TrafficAI.MQTT [app.py:1000]: Context update: speed=0.0 veh=0 ok=True
2026-02-22 18:36:40,993 [DEBUG] TrafficAI.MQTT [app.py:1000]: Context update: speed=0.0 veh=0 ok=True
2026-02-22 18:36:41,193 [DEBUG] TrafficAI.MQTT [app.py:1000]: Context update: speed=0.0 veh=0 ok=True
2026-02-22 18:36:41,390 [DEBUG] TrafficAI.MQTT [app.py:1000]: Context update: speed=0.0 veh=0 ok=True
2026-02-22 18:36:41,590 [DEBUG] TrafficAI.MQTT [app.py:1000]: Context update: speed=0.0 veh=0 ok=True
2026-02-22 18:36:41,590 [DEBUG] TrafficAI.MQTT [app.py:1000]: Context update: speed=0.0 veh=0 ok=True
2026-02-22 18:36:41,795 [DEBUG] TrafficAI.MQTT [app.py:1000]: Context update: speed=0.0 veh=0 ok=True
2026-02-22 18:36:41,796 [DEBUG] TrafficAI.MQTT [app.py:1000]: Context update: speed=0.0 veh=0 ok=True
2026-02-22 18:36:41,987 [DEBUG] TrafficAI.MQTT [app.py:1000]: Context update: speed=0.0 veh=0 ok=True
2026-02-22 18:36:42,187 [DEBUG] TrafficAI.MQTT [app.py:1000]: Context update: speed=0.0 veh=0 ok=True
2026-02-22 18:36:42,386 [DEBUG] TrafficAI.MQTT [app.py:1000]: Context update: speed=0.0 veh=0 ok=True
2026-02-22 18:36:42,386 [DEBUG] TrafficAI.MQTT [app.py:1000]: Context update: speed=0.0 veh=0 ok=True
2026-02-22 18:36:42,587 [DEBUG] TrafficAI.MQTT [app.py:1000]: Context update: speed=0.0 veh=0 ok=True
2026-02-22 18:36:42,587 [DEBUG] TrafficAI.MQTT [app.py:1000]: Context update: speed=0.0 veh=0 ok=True
2026-02-22 18:36:42,806 [DEBUG] TrafficAI.MQTT [app.py:1000]: Context update: speed=0.0 veh=0 ok=True
2026-02-22 18:36:42,807 [DEBUG] TrafficAI.MQTT [app.py:1000]: Context update: speed=0.0 veh=0 ok=True
2026-02-22 18:36:42,987 [DEBUG] TrafficAI.MQTT [app.py:1000]: Context update: speed=0.0 veh=0 ok=True
2026-02-22 18:36:43,183 [DEBUG] TrafficAI.MQTT [app.py:1000]: Context update: speed=0.0 veh=0 ok=True
2026-02-22 18:36:43,184 [DEBUG] TrafficAI.MQTT [app.py:1000]: Context update: speed=0.0 veh=0 ok=True
2026-02-22 18:36:43,383 [DEBUG] TrafficAI.MQTT [app.py:1000]: Context update: speed=0.0 veh=0 ok=True
2026-02-22 18:36:43,384 [DEBUG] TrafficAI.MQTT [app.py:1000]: Context update: speed=0.0 veh=0 ok=True
2026-02-22 18:36:43,582 [DEBUG] TrafficAI.MQTT [app.py:1000]: Context update: speed=0.0 veh=0 ok=True
2026-02-22 18:36:43,582 [DEBUG] TrafficAI.MQTT [app.py:1000]: Context update: speed=0.0 veh=0 ok=True
2026-02-22 18:36:43,781 [DEBUG] TrafficAI.MQTT [app.py:1000]: Context update: speed=0.0 veh=0 ok=True
2026-02-22 18:36:43,982 [DEBUG] TrafficAI.MQTT [app.py:1000]: Context update: speed=0.0 veh=0 ok=True
2026-02-22 18:36:43,983 [DEBUG] TrafficAI.MQTT [app.py:1000]: Context update: speed=0.0 veh=0 ok=True
2026-02-22 18:36:44,181 [DEBUG] TrafficAI.MQTT [app.py:1000]: Context update: speed=0.0 veh=0 ok=True
2026-02-22 18:36:44,181 [DEBUG] TrafficAI.MQTT [app.py:1000]: Context update: speed=0.0 veh=0 ok=True
2026-02-22 18:36:44,379 [DEBUG] TrafficAI.MQTT [app.py:1000]: Context update: speed=0.0 veh=0 ok=True
2026-02-22 18:36:44,579 [DEBUG] TrafficAI.MQTT [app.py:1000]: Context update: speed=0.0 veh=0 ok=True
2026-02-22 18:36:44,579 [DEBUG] TrafficAI.MQTT [app.py:1000]: Context update: speed=0.0 veh=0 ok=True
2026-02-22 18:36:44,776 [DEBUG] TrafficAI.MQTT [app.py:1000]: Context update: speed=0.0 veh=0 ok=True
2026-02-22 18:36:44,777 [DEBUG] TrafficAI.MQTT [app.py:1000]: Context update: speed=0.0 veh=0 ok=True
2026-02-22 18:36:44,977 [DEBUG] TrafficAI.MQTT [app.py:1000]: Context update: speed=0.0 veh=0 ok=True
2026-02-22 18:36:45,175 [DEBUG] TrafficAI.MQTT [app.py:1000]: Context update: speed=0.0 veh=0 ok=True
2026-02-22 18:36:45,176 [DEBUG] TrafficAI.MQTT [app.py:1000]: Context update: speed=0.0 veh=0 ok=True
2026-02-22 18:36:45,374 [DEBUG] TrafficAI.MQTT [app.py:1000]: Context update: speed=0.0 veh=0 ok=True
2026-02-22 18:36:45,374 [DEBUG] TrafficAI.MQTT [app.py:1000]: Context update: speed=0.0 veh=0 ok=True
2026-02-22 18:36:45,574 [DEBUG] TrafficAI.MQTT [app.py:1000]: Context update: speed=0.0 veh=0 ok=True
2026-02-22 18:36:45,575 [DEBUG] TrafficAI.MQTT [app.py:1000]: Context update: speed=0.0 veh=0 ok=True
2026-02-22 18:36:45,772 [DEBUG] TrafficAI.MQTT [app.py:1000]: Context update: speed=0.0 veh=0 ok=True
2026-02-22 18:36:45,772 [DEBUG] TrafficAI.MQTT [app.py:1000]: Context update: speed=0.0 veh=0 ok=True
2026-02-22 18:36:45,970 [DEBUG] TrafficAI.MQTT [app.py:1000]: Context update: speed=0.0 veh=0 ok=True
2026-02-22 18:36:46,169 [DEBUG] TrafficAI.MQTT [app.py:1000]: Context update: speed=0.0 veh=0 ok=True
2026-02-22 18:36:46,169 [DEBUG] TrafficAI.MQTT [app.py:1000]: Context update: speed=0.0 veh=0 ok=True
2026-02-22 18:36:46,368 [DEBUG] TrafficAI.MQTT [app.py:1000]: Context update: speed=0.0 veh=0 ok=True
2026-02-22 18:36:46,369 [DEBUG] TrafficAI.MQTT [app.py:1000]: Context update: speed=0.0 veh=0 ok=True
2026-02-22 18:36:46,568 [DEBUG] TrafficAI.MQTT [app.py:1000]: Context update: speed=0.0 veh=0 ok=True
2026-02-22 18:36:46,568 [DEBUG] TrafficAI.MQTT [app.py:1000]: Context update: speed=0.0 veh=0 ok=True
2026-02-22 18:36:46,783 [DEBUG] TrafficAI.MQTT [app.py:1000]: Context update: speed=0.0 veh=0 ok=True
2026-02-22 18:36:46,783 [DEBUG] TrafficAI.MQTT [app.py:1000]: Context update: speed=0.0 veh=0 ok=True
2026-02-22 18:36:46,999 [DEBUG] TrafficAI.MQTT [app.py:1000]: Context update: speed=0.0 veh=0 ok=True
2026-02-22 18:36:46,999 [DEBUG] TrafficAI.MQTT [app.py:1000]: Context update: speed=0.0 veh=0 ok=True
2026-02-22 18:36:47,222 [DEBUG] TrafficAI.MQTT [app.py:1000]: Context update: speed=0.0 veh=0 ok=True
2026-02-22 18:36:47,223 [DEBUG] TrafficAI.MQTT [app.py:1000]: Context update: speed=0.0 veh=0 ok=True
2026-02-22 18:36:47,633 [DEBUG] TrafficAI.MQTT [app.py:1000]: Context update: speed=0.0 veh=0 ok=True
2026-02-22 18:36:47,634 [DEBUG] TrafficAI.MQTT [app.py:1000]: Context update: speed=0.0 veh=0 ok=True
2026-02-22 18:36:47,784 [DEBUG] TrafficAI.MQTT [app.py:1000]: Context update: speed=0.0 veh=0 ok=True
2026-02-22 18:36:47,784 [DEBUG] TrafficAI.MQTT [app.py:1000]: Context update: speed=0.0 veh=0 ok=True
2026-02-22 18:36:47,784 [DEBUG] TrafficAI.MQTT [app.py:1000]: Context update: speed=0.0 veh=0 ok=True
2026-02-22 18:36:47,784 [DEBUG] TrafficAI.MQTT [app.py:1000]: Context update: speed=0.0 veh=0 ok=True
2026-02-22 18:36:47,982 [DEBUG] TrafficAI.MQTT [app.py:1000]: Context update: speed=0.0 veh=0 ok=True
2026-02-22 18:36:47,984 [DEBUG] TrafficAI.MQTT [app.py:1000]: Context update: speed=0.0 veh=0 ok=True
2026-02-22 18:36:48,191 [DEBUG] TrafficAI.MQTT [app.py:1000]: Context update: speed=0.0 veh=0 ok=True
2026-02-22 18:36:48,192 [DEBUG] TrafficAI.MQTT [app.py:1000]: Context update: speed=0.0 veh=0 ok=True
2026-02-22 18:36:48,441 [DEBUG] TrafficAI.MQTT [app.py:1000]: Context update: speed=0.0 veh=0 ok=True
2026-02-22 18:36:48,441 [DEBUG] TrafficAI.MQTT [app.py:1000]: Context update: speed=0.0 veh=0 ok=True
2026-02-22 18:36:48,670 [DEBUG] TrafficAI.MQTT [app.py:1000]: Context update: speed=0.0 veh=0 ok=True
2026-02-22 18:36:48,679 [DEBUG] TrafficAI.MQTT [app.py:1000]: Context update: speed=0.0 veh=0 ok=True
2026-02-22 18:36:48,679 [DEBUG] TrafficAI.MQTT [app.py:1000]: Context update: speed=0.0 veh=0 ok=True
2026-02-22 18:36:48,878 [DEBUG] TrafficAI.MQTT [app.py:1000]: Context update: speed=0.0 veh=0 ok=True
2026-02-22 18:36:48,879 [DEBUG] TrafficAI.MQTT [app.py:1000]: Context update: speed=0.0 veh=0 ok=True
2026-02-22 18:36:49,127 [DEBUG] TrafficAI.MQTT [app.py:1000]: Context update: speed=0.0 veh=0 ok=True
2026-02-22 18:36:49,127 [DEBUG] TrafficAI.MQTT [app.py:1000]: Context update: speed=0.0 veh=0 ok=True
2026-02-22 18:36:49,128 [DEBUG] TrafficAI.MQTT [app.py:1000]: Context update: speed=0.0 veh=0 ok=True
2026-02-22 18:36:49,411 [DEBUG] TrafficAI.MQTT [app.py:1000]: Context update: speed=0.0 veh=0 ok=True
2026-02-22 18:36:49,411 [DEBUG] TrafficAI.MQTT [app.py:1000]: Context update: speed=0.0 veh=0 ok=True
2026-02-22 18:36:49,412 [DEBUG] TrafficAI.MQTT [app.py:1000]: Context update: speed=0.0 veh=0 ok=True
2026-02-22 18:36:49,620 [DEBUG] TrafficAI.MQTT [app.py:1000]: Context update: speed=0.0 veh=0 ok=True
2026-02-22 18:36:49,621 [DEBUG] TrafficAI.MQTT [app.py:1000]: Context update: speed=0.0 veh=0 ok=True
2026-02-22 18:36:50,001 [DEBUG] TrafficAI.MQTT [app.py:1000]: Context update: speed=0.0 veh=0 ok=True
2026-02-22 18:36:50,002 [DEBUG] TrafficAI.MQTT [app.py:1000]: Context update: speed=0.0 veh=0 ok=True
2026-02-22 18:36:50,002 [DEBUG] TrafficAI.MQTT [app.py:1000]: Context update: speed=0.0 veh=0 ok=True
2026-02-22 18:36:50,002 [DEBUG] TrafficAI.MQTT [app.py:1000]: Context update: speed=0.0 veh=0 ok=True
2026-02-22 18:36:50,227 [DEBUG] TrafficAI.MQTT [app.py:1000]: Context update: speed=0.0 veh=0 ok=True
2026-02-22 18:36:50,228 [DEBUG] TrafficAI.MQTT [app.py:1000]: Context update: speed=0.0 veh=0 ok=True
2026-02-22 18:36:50,434 [DEBUG] TrafficAI.MQTT [app.py:1000]: Context update: speed=0.0 veh=0 ok=True
2026-02-22 18:36:50,435 [DEBUG] TrafficAI.MQTT [app.py:1000]: Context update: speed=0.0 veh=0 ok=True
2026-02-22 18:36:50,714 [DEBUG] TrafficAI.MQTT [app.py:1000]: Context update: speed=0.0 veh=0 ok=True
2026-02-22 18:36:50,714 [DEBUG] TrafficAI.MQTT [app.py:1000]: Context update: speed=0.0 veh=0 ok=True
2026-02-22 18:36:50,714 [DEBUG] TrafficAI.MQTT [app.py:1000]: Context update: speed=0.0 veh=0 ok=True
2026-02-22 18:36:50,980 [DEBUG] TrafficAI.MQTT [app.py:1000]: Context update: speed=0.0 veh=0 ok=True
2026-02-22 18:36:50,980 [DEBUG] TrafficAI.MQTT [app.py:1000]: Context update: speed=0.0 veh=0 ok=True
2026-02-22 18:36:50,980 [DEBUG] TrafficAI.MQTT [app.py:1000]: Context update: speed=0.0 veh=0 ok=True
2026-02-22 18:36:51,187 [DEBUG] TrafficAI.MQTT [app.py:1000]: Context update: speed=0.0 veh=0 ok=True
2026-02-22 18:36:51,187 [DEBUG] TrafficAI.MQTT [app.py:1000]: Context update: speed=0.0 veh=0 ok=True
2026-02-22 18:36:51,416 [DEBUG] TrafficAI.MQTT [app.py:1000]: Context update: speed=0.0 veh=0 ok=True
2026-02-22 18:36:51,416 [DEBUG] TrafficAI.MQTT [app.py:1000]: Context update: speed=0.0 veh=0 ok=True
2026-02-22 18:36:51,640 [DEBUG] TrafficAI.MQTT [app.py:1000]: Context update: speed=0.0 veh=0 ok=True
2026-02-22 18:36:51,640 [DEBUG] TrafficAI.MQTT [app.py:1000]: Context update: speed=0.0 veh=0 ok=True
2026-02-22 18:36:51,839 [DEBUG] TrafficAI.MQTT [app.py:1000]: Context update: speed=0.0 veh=0 ok=True
2026-02-22 18:36:51,839 [DEBUG] TrafficAI.MQTT [app.py:1000]: Context update: speed=0.0 veh=0 ok=True
2026-02-22 18:36:52,038 [DEBUG] TrafficAI.MQTT [app.py:1000]: Context update: speed=0.0 veh=0 ok=True
2026-02-22 18:36:52,039 [DEBUG] TrafficAI.MQTT [app.py:1000]: Context update: speed=0.0 veh=0 ok=True
2026-02-22 18:36:52,266 [DEBUG] TrafficAI.MQTT [app.py:1000]: Context update: speed=0.0 veh=0 ok=True
2026-02-22 18:36:52,267 [DEBUG] TrafficAI.MQTT [app.py:1000]: Context update: speed=0.0 veh=0 ok=True
2026-02-22 18:36:52,465 [DEBUG] TrafficAI.MQTT [app.py:1000]: Context update: speed=0.0 veh=0 ok=True
2026-02-22 18:36:52,465 [DEBUG] TrafficAI.MQTT [app.py:1000]: Context update: speed=0.0 veh=0 ok=True
2026-02-22 18:36:52,678 [DEBUG] TrafficAI.MQTT [app.py:1000]: Context update: speed=0.0 veh=0 ok=True
2026-02-22 18:36:52,678 [DEBUG] TrafficAI.MQTT [app.py:1000]: Context update: speed=0.0 veh=0 ok=True
2026-02-22 18:36:52,902 [DEBUG] TrafficAI.MQTT [app.py:1000]: Context update: speed=0.0 veh=0 ok=True
2026-02-22 18:36:52,902 [DEBUG] TrafficAI.MQTT [app.py:1000]: Context update: speed=0.0 veh=0 ok=True
2026-02-22 18:36:53,100 [DEBUG] TrafficAI.MQTT [app.py:1000]: Context update: speed=0.0 veh=0 ok=True
2026-02-22 18:36:53,298 [DEBUG] TrafficAI.MQTT [app.py:1000]: Context update: speed=0.0 veh=0 ok=True
2026-02-22 18:36:53,299 [DEBUG] TrafficAI.MQTT [app.py:1000]: Context update: speed=0.0 veh=0 ok=True
2026-02-22 18:36:53,505 [DEBUG] TrafficAI.MQTT [app.py:1000]: Context update: speed=0.0 veh=0 ok=True
2026-02-22 18:36:53,505 [DEBUG] TrafficAI.MQTT [app.py:1000]: Context update: speed=0.0 veh=0 ok=True
2026-02-22 18:36:53,706 [DEBUG] TrafficAI.MQTT [app.py:1000]: Context update: speed=0.0 veh=0 ok=True
2026-02-22 18:36:53,707 [DEBUG] TrafficAI.MQTT [app.py:1000]: Context update: speed=0.0 veh=0 ok=True
2026-02-22 18:36:53,906 [DEBUG] TrafficAI.MQTT [app.py:1000]: Context update: speed=0.0 veh=0 ok=True
2026-02-22 18:36:53,907 [DEBUG] TrafficAI.MQTT [app.py:1000]: Context update: speed=0.0 veh=0 ok=True
2026-02-22 18:36:54,182 [DEBUG] TrafficAI.MQTT [app.py:1000]: Context update: speed=0.0 veh=0 ok=True
2026-02-22 18:36:54,183 [DEBUG] TrafficAI.MQTT [app.py:1000]: Context update: speed=0.0 veh=0 ok=True
2026-02-22 18:36:54,304 [DEBUG] TrafficAI.MQTT [app.py:1000]: Context update: speed=0.0 veh=0 ok=True
2026-02-22 18:36:54,304 [DEBUG] TrafficAI.MQTT [app.py:1000]: Context update: speed=0.0 veh=0 ok=True
2026-02-22 18:36:54,503 [DEBUG] TrafficAI.MQTT [app.py:1000]: Context update: speed=0.0 veh=0 ok=True
2026-02-22 18:36:54,504 [DEBUG] TrafficAI.MQTT [app.py:1000]: Context update: speed=0.0 veh=0 ok=True
2026-02-22 18:36:54,707 [DEBUG] TrafficAI.MQTT [app.py:1000]: Context update: speed=0.0 veh=0 ok=True
2026-02-22 18:36:54,905 [DEBUG] TrafficAI.MQTT [app.py:1000]: Context update: speed=0.0 veh=0 ok=True
2026-02-22 18:36:54,905 [DEBUG] TrafficAI.MQTT [app.py:1000]: Context update: speed=0.0 veh=0 ok=True
2026-02-22 18:36:55,104 [DEBUG] TrafficAI.MQTT [app.py:1000]: Context update: speed=0.0 veh=0 ok=True
2026-02-22 18:36:55,105 [DEBUG] TrafficAI.MQTT [app.py:1000]: Context update: speed=0.0 veh=0 ok=True
2026-02-22 18:36:55,303 [DEBUG] TrafficAI.MQTT [app.py:1000]: Context update: speed=0.0 veh=0 ok=True
2026-02-22 18:36:55,303 [DEBUG] TrafficAI.MQTT [app.py:1000]: Context update: speed=0.0 veh=0 ok=True
2026-02-22 18:36:55,504 [DEBUG] TrafficAI.MQTT [app.py:1000]: Context update: speed=0.0 veh=0 ok=True
2026-02-22 18:36:55,504 [DEBUG] TrafficAI.MQTT [app.py:1000]: Context update: speed=0.0 veh=0 ok=True
2026-02-22 18:36:55,703 [DEBUG] TrafficAI.MQTT [app.py:1000]: Context update: speed=0.0 veh=0 ok=True
2026-02-22 18:36:55,704 [DEBUG] TrafficAI.MQTT [app.py:1000]: Context update: speed=0.0 veh=0 ok=True
2026-02-22 18:36:55,902 [DEBUG] TrafficAI.MQTT [app.py:1000]: Context update: speed=0.0 veh=0 ok=True
2026-02-22 18:36:55,902 [DEBUG] TrafficAI.MQTT [app.py:1000]: Context update: speed=0.0 veh=0 ok=True
2026-02-22 18:36:56,101 [DEBUG] TrafficAI.MQTT [app.py:1000]: Context update: speed=0.0 veh=0 ok=True
2026-02-22 18:36:56,101 [DEBUG] TrafficAI.MQTT [app.py:1000]: Context update: speed=0.0 veh=0 ok=True
2026-02-22 18:36:56,300 [DEBUG] TrafficAI.MQTT [app.py:1000]: Context update: speed=0.0 veh=0 ok=True
2026-02-22 18:36:56,300 [DEBUG] TrafficAI.MQTT [app.py:1000]: Context update: speed=0.0 veh=0 ok=True
2026-02-22 18:36:56,498 [DEBUG] TrafficAI.MQTT [app.py:1000]: Context update: speed=0.0 veh=0 ok=True
2026-02-22 18:36:56,499 [DEBUG] TrafficAI.MQTT [app.py:1000]: Context update: speed=0.0 veh=0 ok=True
2026-02-22 18:36:56,697 [DEBUG] TrafficAI.MQTT [app.py:1000]: Context update: speed=0.0 veh=0 ok=True
2026-02-22 18:36:56,698 [DEBUG] TrafficAI.MQTT [app.py:1000]: Context update: speed=0.0 veh=0 ok=True
2026-02-22 18:36:56,698 [DEBUG] TrafficAI.MQTT [app.py:1000]: Context update: speed=0.0 veh=0 ok=True
2026-02-22 18:36:56,897 [DEBUG] TrafficAI.MQTT [app.py:1000]: Context update: speed=0.0 veh=0 ok=True
2026-02-22 18:36:56,897 [DEBUG] TrafficAI.MQTT [app.py:1000]: Context update: speed=0.0 veh=0 ok=True
2026-02-22 18:36:57,095 [DEBUG] TrafficAI.MQTT [app.py:1000]: Context update: speed=0.0 veh=0 ok=True
2026-02-22 18:36:57,096 [DEBUG] TrafficAI.MQTT [app.py:1000]: Context update: speed=0.0 veh=0 ok=True
2026-02-22 18:36:57,294 [DEBUG] TrafficAI.MQTT [app.py:1000]: Context update: speed=0.0 veh=0 ok=True
2026-02-22 18:36:57,493 [DEBUG] TrafficAI.MQTT [app.py:1000]: Context update: speed=0.0 veh=0 ok=True
2026-02-22 18:36:57,494 [DEBUG] TrafficAI.MQTT [app.py:1000]: Context update: speed=0.0 veh=0 ok=True
2026-02-22 18:36:57,694 [DEBUG] TrafficAI.MQTT [app.py:1000]: Context update: speed=0.0 veh=0 ok=True
2026-02-22 18:36:57,695 [DEBUG] TrafficAI.MQTT [app.py:1000]: Context update: speed=0.0 veh=0 ok=True
2026-02-22 18:49:13,353 [INFO] TrafficAI.Premium [app.py:596]: ✅ DB ready: C:\Users\tuann\Downloads\WEB DEVELOPER\server\traffic_ai.db
2026-02-22 18:49:13,359 [INFO] TrafficAI.Premium [app.py:1495]: 🚀 AI Traffic Control v4.0 PREMIUM starting...
2026-02-22 18:49:13,359 [INFO] TrafficAI.Premium [app.py:619]: 🚦 Traffic cycle started
2026-02-22 18:49:13,637 [INFO] TrafficAI.MQTT [app.py:1025]: 📡 MQTT → broker.hivemq.com:1883
2026-02-22 18:49:13,639 [INFO] TrafficAI.Theme [app.py:806]: Theme changed: neon-futuristic → neon-active (by=boot-restore auto=False)
2026-02-22 18:49:13,646 [DEBUG] TrafficAI.MQTT [app.py:947]: MQTT not connected — skipped publish to traffic/ui/theme
2026-02-22 18:49:13,655 [INFO] TrafficAI.Theme [app.py:1523]: Restored theme from DB: neon-active
2026-02-22 18:49:16,862 [INFO] TrafficAI.MQTT [app.py:951]: ✅ MQTT connected broker.hivemq.com:1883
2026-02-22 18:49:20,412 [INFO] TrafficAI.Premium [app.py:1530]: 🤖 AI engine OK
2026-02-22 18:49:20,422 [INFO] TrafficAI.Premium [app.py:1537]: ✅ Premium v4.0 Ready — port 5050
2026-02-22 18:49:20,422 [INFO] TrafficAI.Premium [app.py:1538]:    Log dir:  C:\Users\tuann\Downloads\WEB DEVELOPER\server\logs
2026-02-22 18:49:20,423 [INFO] TrafficAI.Premium [app.py:1539]:    DB path:  C:\Users\tuann\Downloads\WEB DEVELOPER\server\traffic_ai.db
2026-02-22 18:49:20,423 [INFO] TrafficAI.Premium [app.py:1540]:    Theme:    neon-active
2026-02-22 18:49:20,423 [INFO] TrafficAI.Premium [app.py:1541]:    MQTT:     broker.hivemq.com:1883
2026-02-22 18:49:20,423 [INFO] TrafficAI.Premium [app.py:1542]:    TB host:  http://localhost:8080 (no token)
2026-02-22 18:49:23,182 [DEBUG] TrafficAI.MQTT [app.py:1000]: Context update: speed=0.0 veh=0 ok=True
2026-02-22 18:49:23,449 [DEBUG] TrafficAI.MQTT [app.py:1000]: Context update: speed=0.0 veh=0 ok=True
2026-02-22 18:49:23,450 [DEBUG] TrafficAI.MQTT [app.py:1000]: Context update: speed=0.0 veh=0 ok=True
2026-02-22 18:49:23,450 [DEBUG] TrafficAI.MQTT [app.py:1000]: Context update: speed=0.0 veh=0 ok=True
2026-02-22 18:49:23,707 [DEBUG] TrafficAI.MQTT [app.py:1000]: Context update: speed=0.0 veh=0 ok=True
2026-02-22 18:49:23,707 [DEBUG] TrafficAI.MQTT [app.py:1000]: Context update: speed=0.0 veh=0 ok=True
2026-02-22 18:49:23,707 [DEBUG] TrafficAI.MQTT [app.py:1000]: Context update: speed=0.0 veh=0 ok=True
2026-02-22 18:49:23,957 [DEBUG] TrafficAI.MQTT [app.py:1000]: Context update: speed=0.0 veh=0 ok=True
2026-02-22 18:49:23,957 [DEBUG] TrafficAI.MQTT [app.py:1000]: Context update: speed=0.0 veh=0 ok=True
2026-02-22 18:49:24,207 [DEBUG] TrafficAI.MQTT [app.py:1000]: Context update: speed=0.0 veh=0 ok=True
2026-02-22 18:49:24,207 [DEBUG] TrafficAI.MQTT [app.py:1000]: Context update: speed=0.0 veh=0 ok=True
2026-02-22 18:49:24,208 [DEBUG] TrafficAI.MQTT [app.py:1000]: Context update: speed=0.0 veh=0 ok=True
2026-02-22 18:49:24,467 [DEBUG] TrafficAI.MQTT [app.py:1000]: Context update: speed=0.0 veh=0 ok=True
2026-02-22 18:49:24,468 [DEBUG] TrafficAI.MQTT [app.py:1000]: Context update: speed=0.0 veh=0 ok=True
2026-02-22 18:49:24,716 [DEBUG] TrafficAI.MQTT [app.py:1000]: Context update: speed=0.0 veh=0 ok=True
2026-02-22 18:49:24,716 [DEBUG] TrafficAI.MQTT [app.py:1000]: Context update: speed=0.0 veh=0 ok=True
2026-02-22 18:49:24,716 [DEBUG] TrafficAI.MQTT [app.py:1000]: Context update: speed=0.0 veh=0 ok=True
2026-02-22 18:49:24,966 [DEBUG] TrafficAI.MQTT [app.py:1000]: Context update: speed=0.0 veh=0 ok=True
2026-02-22 18:49:24,967 [DEBUG] TrafficAI.MQTT [app.py:1000]: Context update: speed=0.0 veh=0 ok=True
2026-02-22 18:49:25,217 [DEBUG] TrafficAI.MQTT [app.py:1000]: Context update: speed=0.0 veh=0 ok=True
2026-02-22 18:49:25,217 [DEBUG] TrafficAI.MQTT [app.py:1000]: Context update: speed=0.0 veh=0 ok=True
2026-02-22 18:49:25,218 [DEBUG] TrafficAI.MQTT [app.py:1000]: Context update: speed=0.0 veh=0 ok=True
2026-02-22 18:49:25,472 [DEBUG] TrafficAI.MQTT [app.py:1000]: Context update: speed=0.0 veh=0 ok=True
2026-02-22 18:49:25,473 [DEBUG] TrafficAI.MQTT [app.py:1000]: Context update: speed=0.0 veh=0 ok=True
2026-02-22 18:49:25,715 [DEBUG] TrafficAI.MQTT [app.py:1000]: Context update: speed=0.0 veh=0 ok=True
2026-02-22 18:49:25,716 [DEBUG] TrafficAI.MQTT [app.py:1000]: Context update: speed=0.0 veh=0 ok=True
2026-02-22 18:49:25,716 [DEBUG] TrafficAI.MQTT [app.py:1000]: Context update: speed=0.0 veh=0 ok=True
2026-02-22 18:49:25,975 [DEBUG] TrafficAI.MQTT [app.py:1000]: Context update: speed=0.0 veh=0 ok=True
2026-02-22 18:49:25,975 [DEBUG] TrafficAI.MQTT [app.py:1000]: Context update: speed=0.0 veh=0 ok=True
2026-02-22 18:49:26,189 [DEBUG] TrafficAI.MQTT [app.py:1000]: Context update: speed=0.0 veh=0 ok=True
2026-02-22 18:49:26,189 [DEBUG] TrafficAI.MQTT [app.py:1000]: Context update: speed=0.0 veh=0 ok=True
2026-02-22 18:49:26,189 [DEBUG] TrafficAI.MQTT [app.py:1000]: Context update: speed=0.0 veh=0 ok=True
2026-02-22 18:49:26,412 [DEBUG] TrafficAI.MQTT [app.py:1000]: Context update: speed=0.0 veh=0 ok=True
2026-02-22 18:49:26,412 [DEBUG] TrafficAI.MQTT [app.py:1000]: Context update: speed=0.0 veh=0 ok=True
2026-02-22 18:49:26,617 [DEBUG] TrafficAI.MQTT [app.py:1000]: Context update: speed=0.0 veh=0 ok=True
2026-02-22 18:49:26,617 [DEBUG] TrafficAI.MQTT [app.py:1000]: Context update: speed=0.0 veh=0 ok=True
2026-02-22 18:49:26,832 [DEBUG] TrafficAI.MQTT [app.py:1000]: Context update: speed=0.0 veh=0 ok=True
2026-02-22 18:49:26,832 [DEBUG] TrafficAI.MQTT [app.py:1000]: Context update: speed=0.0 veh=0 ok=True
2026-02-22 18:49:27,047 [DEBUG] TrafficAI.MQTT [app.py:1000]: Context update: speed=0.0 veh=0 ok=True
2026-02-22 18:49:27,047 [DEBUG] TrafficAI.MQTT [app.py:1000]: Context update: speed=0.0 veh=0 ok=True
2026-02-22 18:49:27,265 [DEBUG] TrafficAI.MQTT [app.py:1000]: Context update: speed=0.0 veh=0 ok=True
2026-02-22 18:49:27,265 [DEBUG] TrafficAI.MQTT [app.py:1000]: Context update: speed=0.0 veh=0 ok=True
2026-02-22 18:49:27,476 [DEBUG] TrafficAI.MQTT [app.py:1000]: Context update: speed=0.0 veh=0 ok=True
2026-02-22 18:49:27,477 [DEBUG] TrafficAI.MQTT [app.py:1000]: Context update: speed=0.0 veh=0 ok=True
2026-02-22 18:49:27,695 [DEBUG] TrafficAI.MQTT [app.py:1000]: Context update: speed=0.0 veh=0 ok=True
2026-02-22 18:49:27,695 [DEBUG] TrafficAI.MQTT [app.py:1000]: Context update: speed=0.0 veh=0 ok=True
2026-02-22 18:49:27,922 [DEBUG] TrafficAI.MQTT [app.py:1000]: Context update: speed=0.0 veh=0 ok=True
2026-02-22 18:49:27,924 [DEBUG] TrafficAI.MQTT [app.py:1000]: Context update: speed=0.0 veh=0 ok=True
2026-02-22 18:49:28,121 [DEBUG] TrafficAI.MQTT [app.py:1000]: Context update: speed=0.0 veh=0 ok=True
2026-02-22 18:49:28,122 [DEBUG] TrafficAI.MQTT [app.py:1000]: Context update: speed=0.0 veh=0 ok=True
2026-02-22 18:49:28,339 [DEBUG] TrafficAI.MQTT [app.py:1000]: Context update: speed=0.0 veh=0 ok=True
2026-02-22 18:49:28,339 [DEBUG] TrafficAI.MQTT [app.py:1000]: Context update: speed=0.0 veh=0 ok=True
2026-02-22 18:49:28,367 [INFO] TrafficAI.Theme [app.py:806]: Theme changed: neon-active → neon-futuristic (by=auto-worker auto=True)
2026-02-22 18:49:28,552 [DEBUG] TrafficAI.MQTT [app.py:1000]: Context update: speed=0.0 veh=0 ok=True
2026-02-22 18:49:28,557 [DEBUG] TrafficAI.MQTT [app.py:1000]: Context update: speed=0.0 veh=0 ok=True
2026-02-22 18:49:28,580 [INFO] TrafficAI.Theme [app.py:1013]: MQTT remote theme update: neon-futuristic
2026-02-22 18:49:28,783 [DEBUG] TrafficAI.MQTT [app.py:1000]: Context update: speed=0.0 veh=0 ok=True
2026-02-22 18:49:28,783 [DEBUG] TrafficAI.MQTT [app.py:1000]: Context update: speed=0.0 veh=0 ok=True
2026-02-22 18:49:28,784 [DEBUG] TrafficAI.MQTT [app.py:1000]: Context update: speed=0.0 veh=0 ok=True
2026-02-22 18:49:28,981 [DEBUG] TrafficAI.MQTT [app.py:1000]: Context update: speed=0.0 veh=0 ok=True
2026-02-22 18:49:28,982 [DEBUG] TrafficAI.MQTT [app.py:1000]: Context update: speed=0.0 veh=0 ok=True
2026-02-22 18:49:29,197 [DEBUG] TrafficAI.MQTT [app.py:1000]: Context update: speed=0.0 veh=0 ok=True
2026-02-22 18:49:29,197 [DEBUG] TrafficAI.MQTT [app.py:1000]: Context update: speed=0.0 veh=0 ok=True
2026-02-22 18:49:29,470 [DEBUG] TrafficAI.MQTT [app.py:1000]: Context update: speed=0.0 veh=0 ok=True
2026-02-22 18:49:29,472 [DEBUG] TrafficAI.MQTT [app.py:1000]: Context update: speed=0.0 veh=0 ok=True
2026-02-22 18:49:29,517 [WARNING] TrafficAI.Theme [app.py:462]: Invalid theme access from 127.0.0.1 (no valid token)
2026-02-22 18:49:29,532 [WARNING] TrafficAI.API [app.py:447]: Unauthorized access to /api/bootstrap from 127.0.0.1
2026-02-22 18:49:29,630 [DEBUG] TrafficAI.MQTT [app.py:1000]: Context update: speed=0.0 veh=0 ok=True
2026-02-22 18:49:29,630 [DEBUG] TrafficAI.MQTT [app.py:1000]: Context update: speed=0.0 veh=0 ok=True
2026-02-22 18:49:29,848 [DEBUG] TrafficAI.MQTT [app.py:1000]: Context update: speed=0.0 veh=0 ok=True
2026-02-22 18:49:29,849 [DEBUG] TrafficAI.MQTT [app.py:1000]: Context update: speed=0.0 veh=0 ok=True
2026-02-22 18:49:30,059 [DEBUG] TrafficAI.MQTT [app.py:1000]: Context update: speed=0.0 veh=0 ok=True
2026-02-22 18:49:30,156 [WARNING] TrafficAI.Theme [app.py:462]: Invalid theme access from 127.0.0.1 (no valid token)
2026-02-22 18:49:30,273 [DEBUG] TrafficAI.MQTT [app.py:1000]: Context update: speed=0.0 veh=0 ok=True
2026-02-22 18:49:30,274 [DEBUG] TrafficAI.MQTT [app.py:1000]: Context update: speed=0.0 veh=0 ok=True
2026-02-22 18:49:30,491 [DEBUG] TrafficAI.MQTT [app.py:1000]: Context update: speed=0.0 veh=0 ok=True
2026-02-22 18:49:30,704 [DEBUG] TrafficAI.MQTT [app.py:1000]: Context update: speed=0.0 veh=0 ok=True
2026-02-22 18:49:30,705 [DEBUG] TrafficAI.MQTT [app.py:1000]: Context update: speed=0.0 veh=0 ok=True
2026-02-22 18:49:30,934 [DEBUG] TrafficAI.MQTT [app.py:1000]: Context update: speed=0.0 veh=0 ok=True
2026-02-22 18:49:31,133 [DEBUG] TrafficAI.MQTT [app.py:1000]: Context update: speed=0.0 veh=0 ok=True
2026-02-22 18:49:31,133 [DEBUG] TrafficAI.MQTT [app.py:1000]: Context update: speed=0.0 veh=0 ok=True
2026-02-22 18:49:31,349 [DEBUG] TrafficAI.MQTT [app.py:1000]: Context update: speed=0.0 veh=0 ok=True
2026-02-22 18:49:31,350 [DEBUG] TrafficAI.MQTT [app.py:1000]: Context update: speed=0.0 veh=0 ok=True
2026-02-22 18:49:31,563 [DEBUG] TrafficAI.MQTT [app.py:1000]: Context update: speed=0.0 veh=0 ok=True
2026-02-22 18:49:31,564 [DEBUG] TrafficAI.MQTT [app.py:1000]: Context update: speed=0.0 veh=0 ok=True
2026-02-22 18:49:31,778 [DEBUG] TrafficAI.MQTT [app.py:1000]: Context update: speed=0.0 veh=0 ok=True
2026-02-22 18:49:31,778 [DEBUG] TrafficAI.MQTT [app.py:1000]: Context update: speed=0.0 veh=0 ok=True
2026-02-22 18:49:31,994 [DEBUG] TrafficAI.MQTT [app.py:1000]: Context update: speed=0.0 veh=0 ok=True
2026-02-22 18:49:31,995 [DEBUG] TrafficAI.MQTT [app.py:1000]: Context update: speed=0.0 veh=0 ok=True
2026-02-22 18:49:32,208 [DEBUG] TrafficAI.MQTT [app.py:1000]: Context update: speed=0.0 veh=0 ok=True
2026-02-22 18:49:32,209 [DEBUG] TrafficAI.MQTT [app.py:1000]: Context update: speed=0.0 veh=0 ok=True
2026-02-22 18:49:32,445 [DEBUG] TrafficAI.MQTT [app.py:1000]: Context update: speed=0.0 veh=0 ok=True
2026-02-22 18:49:32,446 [DEBUG] TrafficAI.MQTT [app.py:1000]: Context update: speed=0.0 veh=0 ok=True
2026-02-22 18:49:32,639 [DEBUG] TrafficAI.MQTT [app.py:1000]: Context update: speed=0.0 veh=0 ok=True
2026-02-22 18:49:32,640 [DEBUG] TrafficAI.MQTT [app.py:1000]: Context update: speed=0.0 veh=0 ok=True
2026-02-22 18:49:32,853 [DEBUG] TrafficAI.MQTT [app.py:1000]: Context update: speed=0.0 veh=0 ok=True
2026-02-22 18:49:32,854 [DEBUG] TrafficAI.MQTT [app.py:1000]: Context update: speed=0.0 veh=0 ok=True
2026-02-22 18:49:33,071 [DEBUG] TrafficAI.MQTT [app.py:1000]: Context update: speed=0.0 veh=0 ok=True
2026-02-22 18:49:33,073 [DEBUG] TrafficAI.MQTT [app.py:1000]: Context update: speed=0.0 veh=0 ok=True
2026-02-22 18:49:33,285 [DEBUG] TrafficAI.MQTT [app.py:1000]: Context update: speed=0.0 veh=0 ok=True
2026-02-22 18:49:33,285 [DEBUG] TrafficAI.MQTT [app.py:1000]: Context update: speed=0.0 veh=0 ok=True
2026-02-22 18:49:33,499 [DEBUG] TrafficAI.MQTT [app.py:1000]: Context update: speed=0.0 veh=0 ok=True
2026-02-22 18:49:33,500 [DEBUG] TrafficAI.MQTT [app.py:1000]: Context update: speed=0.0 veh=0 ok=True
2026-02-22 18:49:33,713 [DEBUG] TrafficAI.MQTT [app.py:1000]: Context update: speed=0.0 veh=0 ok=True
2026-02-22 18:49:33,713 [DEBUG] TrafficAI.MQTT [app.py:1000]: Context update: speed=0.0 veh=0 ok=True
2026-02-22 18:49:33,929 [DEBUG] TrafficAI.MQTT [app.py:1000]: Context update: speed=0.0 veh=0 ok=True
2026-02-22 18:49:33,930 [DEBUG] TrafficAI.MQTT [app.py:1000]: Context update: speed=0.0 veh=0 ok=True
2026-02-22 18:49:34,142 [DEBUG] TrafficAI.MQTT [app.py:1000]: Context update: speed=0.0 veh=0 ok=True
2026-02-22 18:49:34,355 [DEBUG] TrafficAI.MQTT [app.py:1000]: Context update: speed=0.0 veh=0 ok=True
2026-02-22 18:49:34,356 [DEBUG] TrafficAI.MQTT [app.py:1000]: Context update: speed=0.0 veh=0 ok=True
2026-02-22 18:49:34,573 [DEBUG] TrafficAI.MQTT [app.py:1000]: Context update: speed=0.0 veh=0 ok=True
2026-02-22 18:49:34,573 [DEBUG] TrafficAI.MQTT [app.py:1000]: Context update: speed=0.0 veh=0 ok=True
2026-02-22 18:49:34,791 [DEBUG] TrafficAI.MQTT [app.py:1000]: Context update: speed=0.0 veh=0 ok=True
2026-02-22 18:49:35,005 [DEBUG] TrafficAI.MQTT [app.py:1000]: Context update: speed=0.0 veh=0 ok=True
2026-02-22 18:49:35,220 [DEBUG] TrafficAI.MQTT [app.py:1000]: Context update: speed=0.0 veh=0 ok=True
2026-02-22 18:49:35,220 [DEBUG] TrafficAI.MQTT [app.py:1000]: Context update: speed=0.0 veh=0 ok=True
2026-02-22 18:49:35,435 [DEBUG] TrafficAI.MQTT [app.py:1000]: Context update: speed=0.0 veh=0 ok=True
2026-02-22 18:49:35,435 [DEBUG] TrafficAI.MQTT [app.py:1000]: Context update: speed=0.0 veh=0 ok=True
2026-02-22 18:49:35,655 [DEBUG] TrafficAI.MQTT [app.py:1000]: Context update: speed=0.0 veh=0 ok=True
2026-02-22 18:49:35,657 [DEBUG] TrafficAI.MQTT [app.py:1000]: Context update: speed=0.0 veh=0 ok=True
2026-02-22 18:49:35,867 [DEBUG] TrafficAI.MQTT [app.py:1000]: Context update: speed=0.0 veh=0 ok=True
2026-02-22 18:49:35,868 [DEBUG] TrafficAI.MQTT [app.py:1000]: Context update: speed=0.0 veh=0 ok=True
2026-02-22 18:49:36,085 [DEBUG] TrafficAI.MQTT [app.py:1000]: Context update: speed=0.0 veh=0 ok=True
2026-02-22 18:49:36,085 [DEBUG] TrafficAI.MQTT [app.py:1000]: Context update: speed=0.0 veh=0 ok=True
2026-02-22 18:49:36,300 [DEBUG] TrafficAI.MQTT [app.py:1000]: Context update: speed=0.0 veh=0 ok=True
2026-02-22 18:49:36,300 [DEBUG] TrafficAI.MQTT [app.py:1000]: Context update: speed=0.0 veh=0 ok=True
2026-02-22 18:49:36,514 [DEBUG] TrafficAI.MQTT [app.py:1000]: Context update: speed=0.0 veh=0 ok=True
2026-02-22 18:49:36,515 [DEBUG] TrafficAI.MQTT [app.py:1000]: Context update: speed=0.0 veh=0 ok=True
2026-02-22 18:49:36,728 [DEBUG] TrafficAI.MQTT [app.py:1000]: Context update: speed=0.0 veh=0 ok=True
2026-02-22 18:49:36,728 [DEBUG] TrafficAI.MQTT [app.py:1000]: Context update: speed=0.0 veh=0 ok=True
2026-02-22 18:49:36,942 [DEBUG] TrafficAI.MQTT [app.py:1000]: Context update: speed=0.0 veh=0 ok=True
2026-02-22 18:49:36,943 [DEBUG] TrafficAI.MQTT [app.py:1000]: Context update: speed=0.0 veh=0 ok=True
2026-02-22 18:49:37,157 [DEBUG] TrafficAI.MQTT [app.py:1000]: Context update: speed=0.0 veh=0 ok=True
2026-02-22 18:49:37,158 [DEBUG] TrafficAI.MQTT [app.py:1000]: Context update: speed=0.0 veh=0 ok=True
2026-02-22 18:49:37,373 [DEBUG] TrafficAI.MQTT [app.py:1000]: Context update: speed=0.0 veh=0 ok=True
2026-02-22 18:49:37,374 [DEBUG] TrafficAI.MQTT [app.py:1000]: Context update: speed=0.0 veh=0 ok=True
2026-02-22 18:49:37,587 [DEBUG] TrafficAI.MQTT [app.py:1000]: Context update: speed=0.0 veh=0 ok=True
2026-02-22 18:49:37,587 [DEBUG] TrafficAI.MQTT [app.py:1000]: Context update: speed=0.0 veh=0 ok=True
2026-02-22 18:49:37,802 [DEBUG] TrafficAI.MQTT [app.py:1000]: Context update: speed=0.0 veh=0 ok=True
2026-02-22 18:49:37,805 [DEBUG] TrafficAI.MQTT [app.py:1000]: Context update: speed=0.0 veh=0 ok=True
2026-02-22 18:49:38,018 [DEBUG] TrafficAI.MQTT [app.py:1000]: Context update: speed=0.0 veh=0 ok=True
2026-02-22 18:49:38,020 [DEBUG] TrafficAI.MQTT [app.py:1000]: Context update: speed=0.0 veh=0 ok=True
2026-02-22 18:49:38,232 [DEBUG] TrafficAI.MQTT [app.py:1000]: Context update: speed=0.0 veh=0 ok=True
2026-02-22 18:49:38,232 [DEBUG] TrafficAI.MQTT [app.py:1000]: Context update: speed=0.0 veh=0 ok=True
2026-02-22 18:49:38,446 [DEBUG] TrafficAI.MQTT [app.py:1000]: Context update: speed=0.0 veh=0 ok=True
2026-02-22 18:49:38,450 [DEBUG] TrafficAI.MQTT [app.py:1000]: Context update: speed=0.0 veh=0 ok=True
2026-02-22 18:49:38,660 [DEBUG] TrafficAI.MQTT [app.py:1000]: Context update: speed=0.0 veh=0 ok=True
2026-02-22 18:49:38,661 [DEBUG] TrafficAI.MQTT [app.py:1000]: Context update: speed=0.0 veh=0 ok=True
2026-02-22 18:49:38,875 [DEBUG] TrafficAI.MQTT [app.py:1000]: Context update: speed=0.0 veh=0 ok=True
2026-02-22 18:49:38,875 [DEBUG] TrafficAI.MQTT [app.py:1000]: Context update: speed=0.0 veh=0 ok=True
2026-02-22 18:49:39,091 [DEBUG] TrafficAI.MQTT [app.py:1000]: Context update: speed=0.0 veh=0 ok=True
2026-02-22 18:49:39,091 [DEBUG] TrafficAI.MQTT [app.py:1000]: Context update: speed=0.0 veh=0 ok=True
2026-02-22 18:49:39,304 [DEBUG] TrafficAI.MQTT [app.py:1000]: Context update: speed=0.0 veh=0 ok=True
2026-02-22 18:49:39,305 [DEBUG] TrafficAI.MQTT [app.py:1000]: Context update: speed=0.0 veh=0 ok=True
2026-02-22 18:49:39,520 [DEBUG] TrafficAI.MQTT [app.py:1000]: Context update: speed=0.0 veh=0 ok=True
2026-02-22 18:49:39,520 [DEBUG] TrafficAI.MQTT [app.py:1000]: Context update: speed=0.0 veh=0 ok=True
2026-02-22 18:49:39,734 [DEBUG] TrafficAI.MQTT [app.py:1000]: Context update: speed=0.0 veh=0 ok=True
2026-02-22 18:49:39,734 [DEBUG] TrafficAI.MQTT [app.py:1000]: Context update: speed=0.0 veh=0 ok=True
2026-02-22 18:49:39,947 [DEBUG] TrafficAI.MQTT [app.py:1000]: Context update: speed=0.0 veh=0 ok=True
2026-02-22 18:49:39,948 [DEBUG] TrafficAI.MQTT [app.py:1000]: Context update: speed=0.0 veh=0 ok=True
2026-02-22 18:49:40,200 [DEBUG] TrafficAI.MQTT [app.py:1000]: Context update: speed=0.0 veh=0 ok=True
2026-02-22 18:49:40,201 [DEBUG] TrafficAI.MQTT [app.py:1000]: Context update: speed=0.0 veh=0 ok=True
2026-02-22 18:49:40,414 [DEBUG] TrafficAI.MQTT [app.py:1000]: Context update: speed=0.0 veh=0 ok=True
2026-02-22 18:49:40,414 [DEBUG] TrafficAI.MQTT [app.py:1000]: Context update: speed=0.0 veh=0 ok=True
2026-02-22 18:49:40,621 [DEBUG] TrafficAI.MQTT [app.py:1000]: Context update: speed=0.0 veh=0 ok=True
2026-02-22 18:49:40,622 [DEBUG] TrafficAI.MQTT [app.py:1000]: Context update: speed=0.0 veh=0 ok=True
2026-02-22 18:49:40,854 [DEBUG] TrafficAI.MQTT [app.py:1000]: Context update: speed=0.0 veh=0 ok=True
2026-02-22 18:49:40,854 [DEBUG] TrafficAI.MQTT [app.py:1000]: Context update: speed=0.0 veh=0 ok=True
2026-02-22 18:49:40,854 [DEBUG] TrafficAI.MQTT [app.py:1000]: Context update: speed=0.0 veh=0 ok=True
2026-02-22 18:49:41,114 [DEBUG] TrafficAI.MQTT [app.py:1000]: Context update: speed=0.0 veh=0 ok=True
2026-02-22 18:49:41,115 [DEBUG] TrafficAI.MQTT [app.py:1000]: Context update: speed=0.0 veh=0 ok=True
2026-02-22 18:49:41,322 [DEBUG] TrafficAI.MQTT [app.py:1000]: Context update: speed=0.0 veh=0 ok=True
2026-02-22 18:49:41,323 [DEBUG] TrafficAI.MQTT [app.py:1000]: Context update: speed=0.0 veh=0 ok=True
2026-02-22 18:49:41,583 [DEBUG] TrafficAI.MQTT [app.py:1000]: Context update: speed=0.0 veh=0 ok=True
2026-02-22 18:49:41,583 [DEBUG] TrafficAI.MQTT [app.py:1000]: Context update: speed=0.0 veh=0 ok=True
2026-02-22 18:49:41,815 [DEBUG] TrafficAI.MQTT [app.py:1000]: Context update: speed=0.0 veh=0 ok=True
2026-02-22 18:49:41,816 [DEBUG] TrafficAI.MQTT [app.py:1000]: Context update: speed=0.0 veh=0 ok=True
2026-02-22 18:49:42,022 [DEBUG] TrafficAI.MQTT [app.py:1000]: Context update: speed=0.0 veh=0 ok=True
2026-02-22 18:49:42,022 [DEBUG] TrafficAI.MQTT [app.py:1000]: Context update: speed=0.0 veh=0 ok=True
2026-02-22 18:49:42,023 [DEBUG] TrafficAI.MQTT [app.py:1000]: Context update: speed=0.0 veh=0 ok=True
2026-02-22 18:49:43,019 [DEBUG] TrafficAI.MQTT [app.py:1000]: Context update: speed=0.0 veh=0 ok=True
2026-02-22 18:49:43,020 [DEBUG] TrafficAI.MQTT [app.py:1000]: Context update: speed=0.0 veh=0 ok=True
2026-02-22 18:49:43,020 [DEBUG] TrafficAI.MQTT [app.py:1000]: Context update: speed=0.0 veh=0 ok=True
2026-02-22 18:49:43,020 [DEBUG] TrafficAI.MQTT [app.py:1000]: Context update: speed=0.0 veh=0 ok=True
2026-02-22 18:49:43,021 [DEBUG] TrafficAI.MQTT [app.py:1000]: Context update: speed=0.0 veh=0 ok=True
2026-02-22 18:49:43,021 [DEBUG] TrafficAI.MQTT [app.py:1000]: Context update: speed=0.0 veh=0 ok=True
2026-02-22 18:49:43,021 [DEBUG] TrafficAI.MQTT [app.py:1000]: Context update: speed=0.0 veh=0 ok=True
2026-02-22 18:49:43,226 [DEBUG] TrafficAI.MQTT [app.py:1000]: Context update: speed=0.0 veh=0 ok=True
2026-02-22 18:49:43,227 [DEBUG] TrafficAI.MQTT [app.py:1000]: Context update: speed=0.0 veh=0 ok=True
2026-02-22 18:49:43,392 [INFO] TrafficAI.Theme [app.py:806]: Theme changed: neon-futuristic → neon-active (by=auto-worker auto=True)
2026-02-22 18:49:43,451 [DEBUG] TrafficAI.MQTT [app.py:1000]: Context update: speed=0.0 veh=0 ok=True
2026-02-22 18:49:43,452 [DEBUG] TrafficAI.MQTT [app.py:1000]: Context update: speed=0.0 veh=0 ok=True
2026-02-22 18:49:43,605 [INFO] TrafficAI.Theme [app.py:1013]: MQTT remote theme update: neon-active
2026-02-22 18:49:43,821 [DEBUG] TrafficAI.MQTT [app.py:1000]: Context update: speed=0.0 veh=0 ok=True
2026-02-22 18:49:43,905 [DEBUG] TrafficAI.MQTT [app.py:1000]: Context update: speed=0.0 veh=0 ok=True
2026-02-22 18:49:43,905 [DEBUG] TrafficAI.MQTT [app.py:1000]: Context update: speed=0.0 veh=0 ok=True
2026-02-22 18:49:44,134 [DEBUG] TrafficAI.MQTT [app.py:1000]: Context update: speed=0.0 veh=0 ok=True
2026-02-22 18:49:44,135 [DEBUG] TrafficAI.MQTT [app.py:1000]: Context update: speed=0.0 veh=0 ok=True
2026-02-22 18:49:44,383 [DEBUG] TrafficAI.MQTT [app.py:1000]: Context update: speed=0.0 veh=0 ok=True
2026-02-22 18:49:44,384 [DEBUG] TrafficAI.MQTT [app.py:1000]: Context update: speed=0.0 veh=0 ok=True
2026-02-22 18:49:44,384 [DEBUG] TrafficAI.MQTT [app.py:1000]: Context update: speed=0.0 veh=0 ok=True
2026-02-22 18:49:44,633 [DEBUG] TrafficAI.MQTT [app.py:1000]: Context update: speed=0.0 veh=0 ok=True
2026-02-22 18:49:44,634 [DEBUG] TrafficAI.MQTT [app.py:1000]: Context update: speed=0.0 veh=0 ok=True
2026-02-22 18:49:44,893 [DEBUG] TrafficAI.MQTT [app.py:1000]: Context update: speed=0.0 veh=0 ok=True
2026-02-22 18:49:44,894 [DEBUG] TrafficAI.MQTT [app.py:1000]: Context update: speed=0.0 veh=0 ok=True
2026-02-22 18:49:44,894 [DEBUG] TrafficAI.MQTT [app.py:1000]: Context update: speed=0.0 veh=0 ok=True
2026-02-22 18:49:45,143 [DEBUG] TrafficAI.MQTT [app.py:1000]: Context update: speed=0.0 veh=0 ok=True
2026-02-22 18:49:45,144 [DEBUG] TrafficAI.MQTT [app.py:1000]: Context update: speed=0.0 veh=0 ok=True
2026-02-22 18:49:45,393 [DEBUG] TrafficAI.MQTT [app.py:1000]: Context update: speed=0.0 veh=0 ok=True
2026-02-22 18:49:45,393 [DEBUG] TrafficAI.MQTT [app.py:1000]: Context update: speed=0.0 veh=0 ok=True
2026-02-22 18:49:45,393 [DEBUG] TrafficAI.MQTT [app.py:1000]: Context update: speed=0.0 veh=0 ok=True
2026-02-22 18:49:45,643 [DEBUG] TrafficAI.MQTT [app.py:1000]: Context update: speed=0.0 veh=0 ok=True
2026-02-22 18:49:45,644 [DEBUG] TrafficAI.MQTT [app.py:1000]: Context update: speed=0.0 veh=0 ok=True
2026-02-22 18:49:45,892 [DEBUG] TrafficAI.MQTT [app.py:1000]: Context update: speed=0.0 veh=0 ok=True
2026-02-22 18:49:45,893 [DEBUG] TrafficAI.MQTT [app.py:1000]: Context update: speed=0.0 veh=0 ok=True
2026-02-22 18:49:46,151 [DEBUG] TrafficAI.MQTT [app.py:1000]: Context update: speed=0.0 veh=0 ok=True
2026-02-22 18:49:46,151 [DEBUG] TrafficAI.MQTT [app.py:1000]: Context update: speed=0.0 veh=0 ok=True
2026-02-22 18:49:46,151 [DEBUG] TrafficAI.MQTT [app.py:1000]: Context update: speed=0.0 veh=0 ok=True
2026-02-22 18:49:46,365 [DEBUG] TrafficAI.MQTT [app.py:1000]: Context update: speed=0.0 veh=0 ok=True
2026-02-22 18:49:46,365 [DEBUG] TrafficAI.MQTT [app.py:1000]: Context update: speed=0.0 veh=0 ok=True
2026-02-22 18:49:46,580 [DEBUG] TrafficAI.MQTT [app.py:1000]: Context update: speed=0.0 veh=0 ok=True
2026-02-22 18:49:46,581 [DEBUG] TrafficAI.MQTT [app.py:1000]: Context update: speed=0.0 veh=0 ok=True
2026-02-22 18:49:46,817 [DEBUG] TrafficAI.MQTT [app.py:1000]: Context update: speed=0.0 veh=0 ok=True
2026-02-22 18:49:46,818 [DEBUG] TrafficAI.MQTT [app.py:1000]: Context update: speed=0.0 veh=0 ok=True
2026-02-22 18:49:47,010 [DEBUG] TrafficAI.MQTT [app.py:1000]: Context update: speed=0.0 veh=0 ok=True
2026-02-22 18:49:47,011 [DEBUG] TrafficAI.MQTT [app.py:1000]: Context update: speed=0.0 veh=0 ok=True
2026-02-22 18:49:47,229 [DEBUG] TrafficAI.MQTT [app.py:1000]: Context update: speed=0.0 veh=0 ok=True
2026-02-22 18:49:47,230 [DEBUG] TrafficAI.MQTT [app.py:1000]: Context update: speed=0.0 veh=0 ok=True
2026-02-22 18:49:47,443 [DEBUG] TrafficAI.MQTT [app.py:1000]: Context update: speed=0.0 veh=0 ok=True
2026-02-22 18:49:47,444 [DEBUG] TrafficAI.MQTT [app.py:1000]: Context update: speed=0.0 veh=0 ok=True
2026-02-22 18:49:47,659 [DEBUG] TrafficAI.MQTT [app.py:1000]: Context update: speed=0.0 veh=0 ok=True
2026-02-22 18:49:47,659 [DEBUG] TrafficAI.MQTT [app.py:1000]: Context update: speed=0.0 veh=0 ok=True
2026-02-22 18:49:47,872 [DEBUG] TrafficAI.MQTT [app.py:1000]: Context update: speed=0.0 veh=0 ok=True
2026-02-22 18:49:47,873 [DEBUG] TrafficAI.MQTT [app.py:1000]: Context update: speed=0.0 veh=0 ok=True
2026-02-22 18:49:48,087 [DEBUG] TrafficAI.MQTT [app.py:1000]: Context update: speed=0.0 veh=0 ok=True
2026-02-22 18:49:48,087 [DEBUG] TrafficAI.MQTT [app.py:1000]: Context update: speed=0.0 veh=0 ok=True
2026-02-22 18:49:48,306 [DEBUG] TrafficAI.MQTT [app.py:1000]: Context update: speed=0.0 veh=0 ok=True
2026-02-22 18:49:48,307 [DEBUG] TrafficAI.MQTT [app.py:1000]: Context update: speed=0.0 veh=0 ok=True
2026-02-22 18:49:48,524 [DEBUG] TrafficAI.MQTT [app.py:1000]: Context update: speed=0.0 veh=0 ok=True
2026-02-22 18:49:48,524 [DEBUG] TrafficAI.MQTT [app.py:1000]: Context update: speed=0.0 veh=0 ok=True
2026-02-22 18:49:48,579 [INFO] TrafficAI.API [app.py:520]: Login success: user=admin ip=127.0.0.1
2026-02-22 18:49:48,580 [DEBUG] TrafficAI.API [app.py:476]: ⏱  POST /api/login → 10.8ms
2026-02-22 18:49:48,730 [DEBUG] TrafficAI.MQTT [app.py:1000]: Context update: speed=0.0 veh=0 ok=True
2026-02-22 18:49:48,730 [DEBUG] TrafficAI.MQTT [app.py:1000]: Context update: speed=0.0 veh=0 ok=True
2026-02-22 18:49:48,946 [DEBUG] TrafficAI.MQTT [app.py:1000]: Context update: speed=0.0 veh=0 ok=True
2026-02-22 18:49:48,947 [DEBUG] TrafficAI.MQTT [app.py:1000]: Context update: speed=0.0 veh=0 ok=True
2026-02-22 18:49:49,159 [DEBUG] TrafficAI.MQTT [app.py:1000]: Context update: speed=0.0 veh=0 ok=True
2026-02-22 18:49:49,160 [DEBUG] TrafficAI.MQTT [app.py:1000]: Context update: speed=0.0 veh=0 ok=True
2026-02-22 18:49:49,374 [DEBUG] TrafficAI.MQTT [app.py:1000]: Context update: speed=0.0 veh=0 ok=True
2026-02-22 18:49:49,374 [DEBUG] TrafficAI.MQTT [app.py:1000]: Context update: speed=0.0 veh=0 ok=True
2026-02-22 18:49:49,590 [DEBUG] TrafficAI.MQTT [app.py:1000]: Context update: speed=0.0 veh=0 ok=True
2026-02-22 18:49:49,590 [DEBUG] TrafficAI.MQTT [app.py:1000]: Context update: speed=0.0 veh=0 ok=True
2026-02-22 18:49:49,654 [DEBUG] TrafficAI.Theme [app.py:464]: Theme access granted: /api/theme
2026-02-22 18:49:49,654 [DEBUG] TrafficAI.Theme [app.py:1295]: GET /api/theme → neon-active (ctx_ok=True)
2026-02-22 18:49:49,654 [DEBUG] TrafficAI.API [app.py:476]: ⏱  GET /api/theme → 0.3ms
2026-02-22 18:49:49,814 [DEBUG] TrafficAI.MQTT [app.py:1000]: Context update: speed=0.0 veh=0 ok=True
2026-02-22 18:49:49,817 [DEBUG] TrafficAI.MQTT [app.py:1000]: Context update: speed=0.0 veh=0 ok=True
2026-02-22 18:49:50,023 [DEBUG] TrafficAI.MQTT [app.py:1000]: Context update: speed=0.0 veh=0 ok=True
2026-02-22 18:49:50,024 [DEBUG] TrafficAI.MQTT [app.py:1000]: Context update: speed=0.0 veh=0 ok=True
2026-02-22 18:49:50,062 [DEBUG] TrafficAI.API [app.py:449]: Authorized request: GET /api/bootstrap
2026-02-22 18:49:50,074 [DEBUG] TrafficAI.API [app.py:1133]: Bootstrap: 0 violations loaded
2026-02-22 18:49:50,075 [DEBUG] TrafficAI.API [app.py:476]: ⏱  GET /api/bootstrap → 12.4ms
2026-02-22 18:49:50,239 [DEBUG] TrafficAI.MQTT [app.py:1000]: Context update: speed=0.0 veh=0 ok=True
2026-02-22 18:49:50,448 [DEBUG] TrafficAI.MQTT [app.py:1000]: Context update: speed=0.0 veh=0 ok=True
2026-02-22 18:49:50,662 [DEBUG] TrafficAI.MQTT [app.py:1000]: Context update: speed=0.0 veh=0 ok=True
2026-02-22 18:49:50,662 [DEBUG] TrafficAI.MQTT [app.py:1000]: Context update: speed=0.0 veh=0 ok=True
2026-02-22 18:49:50,877 [DEBUG] TrafficAI.MQTT [app.py:1000]: Context update: speed=0.0 veh=0 ok=True
2026-02-22 18:49:50,878 [DEBUG] TrafficAI.MQTT [app.py:1000]: Context update: speed=0.0 veh=0 ok=True
2026-02-22 18:49:51,095 [DEBUG] TrafficAI.MQTT [app.py:1000]: Context update: speed=0.0 veh=0 ok=True
2026-02-22 18:49:51,095 [DEBUG] TrafficAI.MQTT [app.py:1000]: Context update: speed=0.0 veh=0 ok=True
2026-02-22 18:49:51,312 [DEBUG] TrafficAI.MQTT [app.py:1000]: Context update: speed=0.0 veh=0 ok=True
2026-02-22 18:49:51,312 [DEBUG] TrafficAI.MQTT [app.py:1000]: Context update: speed=0.0 veh=0 ok=True
2026-02-22 18:49:51,532 [DEBUG] TrafficAI.MQTT [app.py:1000]: Context update: speed=0.0 veh=0 ok=True
2026-02-22 18:49:51,533 [DEBUG] TrafficAI.MQTT [app.py:1000]: Context update: speed=0.0 veh=0 ok=True
2026-02-22 18:49:51,743 [DEBUG] TrafficAI.MQTT [app.py:1000]: Context update: speed=0.0 veh=0 ok=True
2026-02-22 18:49:51,743 [DEBUG] TrafficAI.MQTT [app.py:1000]: Context update: speed=0.0 veh=0 ok=True
2026-02-22 18:49:51,957 [DEBUG] TrafficAI.MQTT [app.py:1000]: Context update: speed=0.0 veh=0 ok=True
2026-02-22 18:49:51,957 [DEBUG] TrafficAI.MQTT [app.py:1000]: Context update: speed=0.0 veh=0 ok=True
2026-02-22 18:49:52,172 [DEBUG] TrafficAI.MQTT [app.py:1000]: Context update: speed=0.0 veh=0 ok=True
2026-02-22 18:49:52,172 [DEBUG] TrafficAI.MQTT [app.py:1000]: Context update: speed=0.0 veh=0 ok=True
2026-02-22 18:49:52,387 [DEBUG] TrafficAI.MQTT [app.py:1000]: Context update: speed=0.0 veh=0 ok=True
2026-02-22 18:49:52,387 [DEBUG] TrafficAI.MQTT [app.py:1000]: Context update: speed=0.0 veh=0 ok=True
2026-02-22 18:49:52,601 [DEBUG] TrafficAI.MQTT [app.py:1000]: Context update: speed=0.0 veh=0 ok=True
2026-02-22 18:49:52,601 [DEBUG] TrafficAI.MQTT [app.py:1000]: Context update: speed=0.0 veh=0 ok=True
2026-02-22 18:49:52,815 [DEBUG] TrafficAI.MQTT [app.py:1000]: Context update: speed=0.0 veh=0 ok=True
2026-02-22 18:49:52,815 [DEBUG] TrafficAI.MQTT [app.py:1000]: Context update: speed=0.0 veh=0 ok=True
2026-02-22 18:49:53,048 [DEBUG] TrafficAI.MQTT [app.py:1000]: Context update: speed=0.0 veh=0 ok=True
2026-02-22 18:49:53,048 [DEBUG] TrafficAI.MQTT [app.py:1000]: Context update: speed=0.0 veh=0 ok=True
2026-02-22 18:49:53,245 [DEBUG] TrafficAI.MQTT [app.py:1000]: Context update: speed=0.0 veh=0 ok=True
2026-02-22 18:49:53,245 [DEBUG] TrafficAI.MQTT [app.py:1000]: Context update: speed=0.0 veh=0 ok=True
2026-02-22 18:49:53,462 [DEBUG] TrafficAI.MQTT [app.py:1000]: Context update: speed=0.0 veh=0 ok=True
2026-02-22 18:49:53,678 [DEBUG] TrafficAI.MQTT [app.py:1000]: Context update: speed=0.0 veh=0 ok=True
2026-02-22 18:49:53,679 [DEBUG] TrafficAI.MQTT [app.py:1000]: Context update: speed=0.0 veh=0 ok=True
2026-02-22 18:49:53,892 [DEBUG] TrafficAI.MQTT [app.py:1000]: Context update: speed=0.0 veh=0 ok=True
2026-02-22 18:49:53,893 [DEBUG] TrafficAI.MQTT [app.py:1000]: Context update: speed=0.0 veh=0 ok=True
2026-02-22 18:49:54,128 [DEBUG] TrafficAI.MQTT [app.py:1000]: Context update: speed=0.0 veh=0 ok=True
2026-02-22 18:49:54,129 [DEBUG] TrafficAI.MQTT [app.py:1000]: Context update: speed=0.0 veh=0 ok=True
2026-02-22 18:49:54,325 [DEBUG] TrafficAI.MQTT [app.py:1000]: Context update: speed=0.0 veh=0 ok=True
2026-02-22 18:49:54,540 [DEBUG] TrafficAI.MQTT [app.py:1000]: Context update: speed=0.0 veh=0 ok=True
2026-02-22 18:49:54,540 [DEBUG] TrafficAI.MQTT [app.py:1000]: Context update: speed=0.0 veh=0 ok=True
2026-02-22 18:49:54,756 [DEBUG] TrafficAI.MQTT [app.py:1000]: Context update: speed=0.0 veh=0 ok=True
2026-02-22 18:49:54,757 [DEBUG] TrafficAI.MQTT [app.py:1000]: Context update: speed=0.0 veh=0 ok=True
2026-02-22 18:49:54,972 [DEBUG] TrafficAI.MQTT [app.py:1000]: Context update: speed=0.0 veh=0 ok=True
2026-02-22 18:49:54,972 [DEBUG] TrafficAI.MQTT [app.py:1000]: Context update: speed=0.0 veh=0 ok=True
2026-02-22 18:49:55,186 [DEBUG] TrafficAI.MQTT [app.py:1000]: Context update: speed=0.0 veh=0 ok=True
2026-02-22 18:49:55,187 [DEBUG] TrafficAI.MQTT [app.py:1000]: Context update: speed=0.0 veh=0 ok=True
2026-02-22 18:49:55,404 [DEBUG] TrafficAI.MQTT [app.py:1000]: Context update: speed=0.0 veh=0 ok=True
2026-02-22 18:49:55,404 [DEBUG] TrafficAI.MQTT [app.py:1000]: Context update: speed=0.0 veh=0 ok=True
2026-02-22 18:49:55,618 [DEBUG] TrafficAI.MQTT [app.py:1000]: Context update: speed=0.0 veh=0 ok=True
2026-02-22 18:49:55,618 [DEBUG] TrafficAI.MQTT [app.py:1000]: Context update: speed=0.0 veh=0 ok=True
2026-02-22 18:49:55,836 [DEBUG] TrafficAI.MQTT [app.py:1000]: Context update: speed=0.0 veh=0 ok=True
2026-02-22 18:49:55,836 [DEBUG] TrafficAI.MQTT [app.py:1000]: Context update: speed=0.0 veh=0 ok=True
2026-02-22 18:49:56,048 [DEBUG] TrafficAI.MQTT [app.py:1000]: Context update: speed=0.0 veh=0 ok=True
2026-02-22 18:49:56,048 [DEBUG] TrafficAI.MQTT [app.py:1000]: Context update: speed=0.0 veh=0 ok=True
2026-02-22 18:49:56,261 [DEBUG] TrafficAI.MQTT [app.py:1000]: Context update: speed=0.0 veh=0 ok=True
2026-02-22 18:49:56,262 [DEBUG] TrafficAI.MQTT [app.py:1000]: Context update: speed=0.0 veh=0 ok=True
2026-02-22 18:49:56,476 [DEBUG] TrafficAI.MQTT [app.py:1000]: Context update: speed=0.0 veh=0 ok=True
2026-02-22 18:49:56,476 [DEBUG] TrafficAI.MQTT [app.py:1000]: Context update: speed=0.0 veh=0 ok=True
2026-02-22 18:49:56,689 [DEBUG] TrafficAI.MQTT [app.py:1000]: Context update: speed=0.0 veh=0 ok=True
2026-02-22 18:49:56,689 [DEBUG] TrafficAI.MQTT [app.py:1000]: Context update: speed=0.0 veh=0 ok=True
2026-02-22 18:49:56,910 [DEBUG] TrafficAI.MQTT [app.py:1000]: Context update: speed=0.0 veh=0 ok=True
2026-02-22 18:49:56,911 [DEBUG] TrafficAI.MQTT [app.py:1000]: Context update: speed=0.0 veh=0 ok=True
2026-02-22 18:49:57,119 [DEBUG] TrafficAI.MQTT [app.py:1000]: Context update: speed=0.0 veh=0 ok=True
2026-02-22 18:49:57,120 [DEBUG] TrafficAI.MQTT [app.py:1000]: Context update: speed=0.0 veh=0 ok=True
2026-02-22 18:49:57,335 [DEBUG] TrafficAI.MQTT [app.py:1000]: Context update: speed=0.0 veh=0 ok=True
2026-02-22 18:49:57,335 [DEBUG] TrafficAI.MQTT [app.py:1000]: Context update: speed=0.0 veh=0 ok=True
2026-02-22 18:49:57,554 [DEBUG] TrafficAI.MQTT [app.py:1000]: Context update: speed=0.0 veh=0 ok=True
2026-02-22 18:49:57,554 [DEBUG] TrafficAI.MQTT [app.py:1000]: Context update: speed=0.0 veh=0 ok=True
2026-02-22 18:49:57,767 [DEBUG] TrafficAI.MQTT [app.py:1000]: Context update: speed=0.0 veh=0 ok=True
2026-02-22 18:49:57,768 [DEBUG] TrafficAI.MQTT [app.py:1000]: Context update: speed=0.0 veh=0 ok=True
2026-02-22 18:49:57,982 [DEBUG] TrafficAI.MQTT [app.py:1000]: Context update: speed=0.0 veh=0 ok=True
2026-02-22 18:49:57,982 [DEBUG] TrafficAI.MQTT [app.py:1000]: Context update: speed=0.0 veh=0 ok=True
2026-02-22 18:49:58,196 [DEBUG] TrafficAI.MQTT [app.py:1000]: Context update: speed=0.0 veh=0 ok=True
2026-02-22 18:49:58,196 [DEBUG] TrafficAI.MQTT [app.py:1000]: Context update: speed=0.0 veh=0 ok=True
2026-02-22 18:49:58,410 [DEBUG] TrafficAI.MQTT [app.py:1000]: Context update: speed=0.0 veh=0 ok=True
2026-02-22 18:49:58,410 [DEBUG] TrafficAI.MQTT [app.py:1000]: Context update: speed=0.0 veh=0 ok=True
2026-02-22 18:49:58,410 [DEBUG] TrafficAI.MQTT [app.py:1000]: Context update: speed=0.0 veh=0 ok=True
2026-02-22 18:49:58,624 [DEBUG] TrafficAI.MQTT [app.py:1000]: Context update: speed=0.0 veh=0 ok=True
2026-02-22 18:49:58,624 [DEBUG] TrafficAI.MQTT [app.py:1000]: Context update: speed=0.0 veh=0 ok=True
2026-02-22 18:49:58,839 [DEBUG] TrafficAI.MQTT [app.py:1000]: Context update: speed=0.0 veh=0 ok=True
2026-02-22 18:49:58,839 [DEBUG] TrafficAI.MQTT [app.py:1000]: Context update: speed=0.0 veh=0 ok=True
2026-02-22 18:49:59,052 [DEBUG] TrafficAI.MQTT [app.py:1000]: Context update: speed=0.0 veh=0 ok=True
2026-02-22 18:49:59,052 [DEBUG] TrafficAI.MQTT [app.py:1000]: Context update: speed=0.0 veh=0 ok=True
2026-02-22 18:49:59,270 [DEBUG] TrafficAI.MQTT [app.py:1000]: Context update: speed=0.0 veh=0 ok=True
2026-02-22 18:49:59,271 [DEBUG] TrafficAI.MQTT [app.py:1000]: Context update: speed=0.0 veh=0 ok=True
2026-02-22 18:49:59,480 [DEBUG] TrafficAI.MQTT [app.py:1000]: Context update: speed=0.0 veh=0 ok=True
2026-02-22 18:49:59,480 [DEBUG] TrafficAI.MQTT [app.py:1000]: Context update: speed=0.0 veh=0 ok=True
2026-02-22 18:49:59,696 [DEBUG] TrafficAI.MQTT [app.py:1000]: Context update: speed=0.0 veh=0 ok=True
2026-02-22 18:49:59,696 [DEBUG] TrafficAI.MQTT [app.py:1000]: Context update: speed=0.0 veh=0 ok=True
2026-02-22 18:49:59,911 [DEBUG] TrafficAI.MQTT [app.py:1000]: Context update: speed=0.0 veh=0 ok=True
2026-02-22 18:49:59,912 [DEBUG] TrafficAI.MQTT [app.py:1000]: Context update: speed=0.0 veh=0 ok=True
2026-02-22 18:50:00,125 [DEBUG] TrafficAI.MQTT [app.py:1000]: Context update: speed=0.0 veh=0 ok=True
2026-02-22 18:50:00,125 [DEBUG] TrafficAI.MQTT [app.py:1000]: Context update: speed=0.0 veh=0 ok=True
2026-02-22 18:50:00,339 [DEBUG] TrafficAI.MQTT [app.py:1000]: Context update: speed=0.0 veh=0 ok=True
2026-02-22 18:50:00,339 [DEBUG] TrafficAI.MQTT [app.py:1000]: Context update: speed=0.0 veh=0 ok=True
2026-02-22 18:50:00,564 [DEBUG] TrafficAI.MQTT [app.py:1000]: Context update: speed=0.0 veh=0 ok=True
2026-02-22 18:50:00,567 [DEBUG] TrafficAI.MQTT [app.py:1000]: Context update: speed=0.0 veh=0 ok=True
2026-02-22 18:50:00,771 [DEBUG] TrafficAI.MQTT [app.py:1000]: Context update: speed=0.0 veh=0 ok=True
2026-02-22 18:50:00,771 [DEBUG] TrafficAI.MQTT [app.py:1000]: Context update: speed=0.0 veh=0 ok=True
2026-02-22 18:50:00,986 [DEBUG] TrafficAI.MQTT [app.py:1000]: Context update: speed=0.0 veh=0 ok=True
2026-02-22 18:50:00,986 [DEBUG] TrafficAI.MQTT [app.py:1000]: Context update: speed=0.0 veh=0 ok=True
2026-02-22 18:50:01,199 [DEBUG] TrafficAI.MQTT [app.py:1000]: Context update: speed=0.0 veh=0 ok=True
2026-02-22 18:50:01,199 [DEBUG] TrafficAI.MQTT [app.py:1000]: Context update: speed=0.0 veh=0 ok=True
2026-02-22 18:50:01,437 [DEBUG] TrafficAI.MQTT [app.py:1000]: Context update: speed=0.0 veh=0 ok=True
2026-02-22 18:50:01,440 [DEBUG] TrafficAI.MQTT [app.py:1000]: Context update: speed=0.0 veh=0 ok=True
2026-02-22 18:50:01,633 [DEBUG] TrafficAI.MQTT [app.py:1000]: Context update: speed=0.0 veh=0 ok=True
2026-02-22 18:50:01,633 [DEBUG] TrafficAI.MQTT [app.py:1000]: Context update: speed=0.0 veh=0 ok=True
2026-02-22 18:50:01,847 [DEBUG] TrafficAI.MQTT [app.py:1000]: Context update: speed=0.0 veh=0 ok=True
2026-02-22 18:50:01,847 [DEBUG] TrafficAI.MQTT [app.py:1000]: Context update: speed=0.0 veh=0 ok=True
2026-02-22 18:50:02,069 [DEBUG] TrafficAI.MQTT [app.py:1000]: Context update: speed=0.0 veh=0 ok=True
2026-02-22 18:50:02,070 [DEBUG] TrafficAI.MQTT [app.py:1000]: Context update: speed=0.0 veh=0 ok=True
2026-02-22 18:50:02,275 [DEBUG] TrafficAI.MQTT [app.py:1000]: Context update: speed=0.0 veh=0 ok=True
2026-02-22 18:50:02,275 [DEBUG] TrafficAI.MQTT [app.py:1000]: Context update: speed=0.0 veh=0 ok=True
2026-02-22 18:50:02,275 [DEBUG] TrafficAI.MQTT [app.py:1000]: Context update: speed=0.0 veh=0 ok=True
2026-02-22 18:50:02,489 [DEBUG] TrafficAI.MQTT [app.py:1000]: Context update: speed=0.0 veh=0 ok=True
2026-02-22 18:50:02,489 [DEBUG] TrafficAI.MQTT [app.py:1000]: Context update: speed=0.0 veh=0 ok=True
2026-02-22 18:50:02,708 [DEBUG] TrafficAI.MQTT [app.py:1000]: Context update: speed=0.0 veh=0 ok=True
2026-02-22 18:50:02,708 [DEBUG] TrafficAI.MQTT [app.py:1000]: Context update: speed=0.0 veh=0 ok=True
2026-02-22 18:50:02,923 [DEBUG] TrafficAI.MQTT [app.py:1000]: Context update: speed=0.0 veh=0 ok=True
2026-02-22 18:50:02,924 [DEBUG] TrafficAI.MQTT [app.py:1000]: Context update: speed=0.0 veh=0 ok=True
2026-02-22 18:50:03,137 [DEBUG] TrafficAI.MQTT [app.py:1000]: Context update: speed=0.0 veh=0 ok=True
2026-02-22 18:50:03,137 [DEBUG] TrafficAI.MQTT [app.py:1000]: Context update: speed=0.0 veh=0 ok=True
2026-02-22 18:50:03,351 [DEBUG] TrafficAI.MQTT [app.py:1000]: Context update: speed=0.0 veh=0 ok=True
2026-02-22 18:50:03,352 [DEBUG] TrafficAI.MQTT [app.py:1000]: Context update: speed=0.0 veh=0 ok=True
2026-02-22 18:50:03,565 [DEBUG] TrafficAI.MQTT [app.py:1000]: Context update: speed=0.0 veh=0 ok=True
2026-02-22 18:50:03,565 [DEBUG] TrafficAI.MQTT [app.py:1000]: Context update: speed=0.0 veh=0 ok=True
2026-02-22 18:50:03,779 [DEBUG] TrafficAI.MQTT [app.py:1000]: Context update: speed=0.0 veh=0 ok=True
2026-02-22 18:50:03,780 [DEBUG] TrafficAI.MQTT [app.py:1000]: Context update: speed=0.0 veh=0 ok=True
2026-02-22 18:50:03,993 [DEBUG] TrafficAI.MQTT [app.py:1000]: Context update: speed=0.0 veh=0 ok=True
2026-02-22 18:50:03,993 [DEBUG] TrafficAI.MQTT [app.py:1000]: Context update: speed=0.0 veh=0 ok=True
2026-02-22 18:50:04,208 [DEBUG] TrafficAI.MQTT [app.py:1000]: Context update: speed=0.0 veh=0 ok=True
2026-02-22 18:50:04,208 [DEBUG] TrafficAI.MQTT [app.py:1000]: Context update: speed=0.0 veh=0 ok=True
2026-02-22 18:50:05,145 [DEBUG] TrafficAI.MQTT [app.py:1000]: Context update: speed=0.0 veh=0 ok=True
2026-02-22 18:50:05,145 [DEBUG] TrafficAI.MQTT [app.py:1000]: Context update: speed=0.0 veh=0 ok=True
2026-02-22 18:50:05,146 [DEBUG] TrafficAI.MQTT [app.py:1000]: Context update: speed=0.0 veh=0 ok=True
2026-02-22 18:50:05,146 [DEBUG] TrafficAI.MQTT [app.py:1000]: Context update: speed=0.0 veh=0 ok=True
2026-02-22 18:50:05,146 [DEBUG] TrafficAI.MQTT [app.py:1000]: Context update: speed=0.0 veh=0 ok=True
2026-02-22 18:50:05,147 [DEBUG] TrafficAI.MQTT [app.py:1000]: Context update: speed=0.0 veh=0 ok=True
2026-02-22 18:50:05,147 [DEBUG] TrafficAI.MQTT [app.py:1000]: Context update: speed=0.0 veh=0 ok=True
2026-02-22 18:50:05,387 [DEBUG] TrafficAI.MQTT [app.py:1000]: Context update: speed=0.0 veh=0 ok=True
2026-02-22 18:50:05,387 [DEBUG] TrafficAI.MQTT [app.py:1000]: Context update: speed=0.0 veh=0 ok=True
2026-02-22 18:50:05,388 [DEBUG] TrafficAI.MQTT [app.py:1000]: Context update: speed=0.0 veh=0 ok=True
2026-02-22 18:50:05,595 [DEBUG] TrafficAI.MQTT [app.py:1000]: Context update: speed=0.0 veh=0 ok=True
2026-02-22 18:50:05,595 [DEBUG] TrafficAI.MQTT [app.py:1000]: Context update: speed=0.0 veh=0 ok=True
2026-02-22 18:50:05,822 [DEBUG] TrafficAI.MQTT [app.py:1000]: Context update: speed=0.0 veh=0 ok=True
2026-02-22 18:50:05,822 [DEBUG] TrafficAI.MQTT [app.py:1000]: Context update: speed=0.0 veh=0 ok=True
2026-02-22 18:50:06,050 [DEBUG] TrafficAI.MQTT [app.py:1000]: Context update: speed=0.0 veh=0 ok=True
2026-02-22 18:50:06,050 [DEBUG] TrafficAI.MQTT [app.py:1000]: Context update: speed=0.0 veh=0 ok=True
2026-02-22 18:50:06,280 [DEBUG] TrafficAI.MQTT [app.py:1000]: Context update: speed=0.0 veh=0 ok=True
2026-02-22 18:50:06,280 [DEBUG] TrafficAI.MQTT [app.py:1000]: Context update: speed=0.0 veh=0 ok=True
2026-02-22 18:50:06,530 [DEBUG] TrafficAI.MQTT [app.py:1000]: Context update: speed=0.0 veh=0 ok=True
2026-02-22 18:50:06,530 [DEBUG] TrafficAI.MQTT [app.py:1000]: Context update: speed=0.0 veh=0 ok=True
2026-02-22 18:50:06,791 [DEBUG] TrafficAI.MQTT [app.py:1000]: Context update: speed=0.0 veh=0 ok=True
2026-02-22 18:50:06,791 [DEBUG] TrafficAI.MQTT [app.py:1000]: Context update: speed=0.0 veh=0 ok=True
2026-02-22 18:50:07,039 [DEBUG] TrafficAI.MQTT [app.py:1000]: Context update: speed=0.0 veh=0 ok=True
2026-02-22 18:50:07,039 [DEBUG] TrafficAI.MQTT [app.py:1000]: Context update: speed=0.0 veh=0 ok=True
2026-02-22 18:50:07,039 [DEBUG] TrafficAI.MQTT [app.py:1000]: Context update: speed=0.0 veh=0 ok=True
2026-02-22 18:50:07,299 [DEBUG] TrafficAI.MQTT [app.py:1000]: Context update: speed=0.0 veh=0 ok=True
2026-02-22 18:50:07,299 [DEBUG] TrafficAI.MQTT [app.py:1000]: Context update: speed=0.0 veh=0 ok=True
2026-02-22 18:50:07,547 [DEBUG] TrafficAI.MQTT [app.py:1000]: Context update: speed=0.0 veh=0 ok=True
2026-02-22 18:50:07,548 [DEBUG] TrafficAI.MQTT [app.py:1000]: Context update: speed=0.0 veh=0 ok=True
2026-02-22 18:50:07,798 [DEBUG] TrafficAI.MQTT [app.py:1000]: Context update: speed=0.0 veh=0 ok=True
2026-02-22 18:50:07,798 [DEBUG] TrafficAI.MQTT [app.py:1000]: Context update: speed=0.0 veh=0 ok=True
2026-02-22 18:50:07,798 [DEBUG] TrafficAI.MQTT [app.py:1000]: Context update: speed=0.0 veh=0 ok=True
2026-02-22 18:50:08,046 [DEBUG] TrafficAI.MQTT [app.py:1000]: Context update: speed=0.0 veh=0 ok=True
2026-02-22 18:50:08,046 [DEBUG] TrafficAI.MQTT [app.py:1000]: Context update: speed=0.0 veh=0 ok=True
2026-02-22 18:50:08,200 [INFO] TrafficAI.LaptopCam [app.py:244]: 🎥 Laptop camera worker starting...
2026-02-22 18:50:08,201 [INFO] TrafficAI.LaptopCam [app.py:337]: 🎥 Laptop camera started by 127.0.0.1
2026-02-22 18:50:08,296 [DEBUG] TrafficAI.MQTT [app.py:1000]: Context update: speed=0.0 veh=0 ok=True
2026-02-22 18:50:08,297 [DEBUG] TrafficAI.MQTT [app.py:1000]: Context update: speed=0.0 veh=0 ok=True
2026-02-22 18:50:08,547 [DEBUG] TrafficAI.MQTT [app.py:1000]: Context update: speed=0.0 veh=0 ok=True
2026-02-22 18:50:08,547 [DEBUG] TrafficAI.MQTT [app.py:1000]: Context update: speed=0.0 veh=0 ok=True
2026-02-22 18:50:08,804 [DEBUG] TrafficAI.MQTT [app.py:1000]: Context update: speed=0.0 veh=0 ok=True
2026-02-22 18:50:09,670 [DEBUG] TrafficAI.MQTT [app.py:1000]: Context update: speed=0.0 veh=0 ok=True
2026-02-22 18:50:10,599 [INFO] TrafficAI.LaptopCam [app.py:250]: ✅ Webcam opened 1024x768
2026-02-22 18:50:10,795 [DEBUG] TrafficAI.MQTT [app.py:1000]: Context update: speed=0.0 veh=0 ok=True
2026-02-22 18:50:11,112 [DEBUG] TrafficAI.MQTT [app.py:1000]: Context update: speed=0.0 veh=0 ok=True
2026-02-22 18:50:11,325 [DEBUG] TrafficAI.MQTT [app.py:1000]: Context update: speed=0.0 veh=0 ok=True
2026-02-22 18:50:11,541 [DEBUG] TrafficAI.MQTT [app.py:1000]: Context update: speed=0.0 veh=0 ok=True
2026-02-22 18:50:11,760 [DEBUG] TrafficAI.MQTT [app.py:1000]: Context update: speed=0.0 veh=0 ok=True
2026-02-22 18:50:11,968 [DEBUG] TrafficAI.MQTT [app.py:1000]: Context update: speed=0.0 veh=0 ok=True
2026-02-22 18:50:12,190 [DEBUG] TrafficAI.MQTT [app.py:1000]: Context update: speed=0.0 veh=0 ok=True
2026-02-22 18:50:12,398 [DEBUG] TrafficAI.MQTT [app.py:1000]: Context update: speed=0.0 veh=0 ok=True
2026-02-22 18:50:12,613 [DEBUG] TrafficAI.MQTT [app.py:1000]: Context update: speed=0.0 veh=0 ok=True
2026-02-22 18:50:12,828 [DEBUG] TrafficAI.MQTT [app.py:1000]: Context update: speed=0.0 veh=0 ok=True
2026-02-22 18:50:12,828 [DEBUG] TrafficAI.MQTT [app.py:1000]: Context update: speed=0.0 veh=0 ok=True
2026-02-22 18:50:13,042 [DEBUG] TrafficAI.MQTT [app.py:1000]: Context update: speed=0.0 veh=0 ok=True
2026-02-22 18:50:13,258 [DEBUG] TrafficAI.MQTT [app.py:1000]: Context update: speed=0.0 veh=0 ok=True
2026-02-22 18:50:13,383 [DEBUG] TrafficAI.Premium [app.py:1059]: Context snapshot saved
2026-02-22 18:50:13,421 [INFO] TrafficAI.Theme [app.py:806]: Theme changed: neon-active → neon-futuristic (by=auto-worker auto=True)
2026-02-22 18:50:13,490 [DEBUG] TrafficAI.MQTT [app.py:1000]: Context update: speed=0.0 veh=0 ok=True
2026-02-22 18:50:13,642 [INFO] TrafficAI.Theme [app.py:1013]: MQTT remote theme update: neon-futuristic
2026-02-22 18:50:13,894 [DEBUG] TrafficAI.MQTT [app.py:1000]: Context update: speed=0.0 veh=0 ok=True
2026-02-22 18:50:13,901 [DEBUG] TrafficAI.MQTT [app.py:1000]: Context update: speed=0.0 veh=0 ok=True
2026-02-22 18:50:14,115 [DEBUG] TrafficAI.MQTT [app.py:1000]: Context update: speed=0.0 veh=0 ok=True
2026-02-22 18:50:14,330 [DEBUG] TrafficAI.MQTT [app.py:1000]: Context update: speed=0.0 veh=0 ok=True
2026-02-22 18:50:14,544 [DEBUG] TrafficAI.MQTT [app.py:1000]: Context update: speed=0.0 veh=0 ok=True
2026-02-22 18:50:14,544 [DEBUG] TrafficAI.MQTT [app.py:1000]: Context update: speed=0.0 veh=0 ok=True
2026-02-22 18:50:14,760 [DEBUG] TrafficAI.MQTT [app.py:1000]: Context update: speed=0.0 veh=0 ok=True
2026-02-22 18:50:14,978 [DEBUG] TrafficAI.MQTT [app.py:1000]: Context update: speed=0.0 veh=0 ok=True
2026-02-22 18:50:15,195 [DEBUG] TrafficAI.MQTT [app.py:1000]: Context update: speed=0.0 veh=0 ok=True
2026-02-22 18:50:15,410 [DEBUG] TrafficAI.MQTT [app.py:1000]: Context update: speed=0.0 veh=0 ok=True
2026-02-22 18:50:15,625 [DEBUG] TrafficAI.MQTT [app.py:1000]: Context update: speed=0.0 veh=0 ok=True
2026-02-22 18:50:15,841 [DEBUG] TrafficAI.MQTT [app.py:1000]: Context update: speed=0.0 veh=0 ok=True
2026-02-22 18:50:15,841 [DEBUG] TrafficAI.MQTT [app.py:1000]: Context update: speed=0.0 veh=0 ok=True
2026-02-22 18:50:16,055 [DEBUG] TrafficAI.MQTT [app.py:1000]: Context update: speed=0.0 veh=0 ok=True
2026-02-22 18:50:16,275 [DEBUG] TrafficAI.MQTT [app.py:1000]: Context update: speed=0.0 veh=0 ok=True
2026-02-22 18:50:16,484 [DEBUG] TrafficAI.MQTT [app.py:1000]: Context update: speed=0.0 veh=0 ok=True
2026-02-22 18:50:16,698 [DEBUG] TrafficAI.MQTT [app.py:1000]: Context update: speed=0.0 veh=0 ok=True
2026-02-22 18:50:16,919 [DEBUG] TrafficAI.MQTT [app.py:1000]: Context update: speed=0.0 veh=0 ok=True
2026-02-22 18:50:17,127 [DEBUG] TrafficAI.MQTT [app.py:1000]: Context update: speed=0.0 veh=0 ok=True
2026-02-22 18:50:17,127 [DEBUG] TrafficAI.MQTT [app.py:1000]: Context update: speed=0.0 veh=0 ok=True
2026-02-22 18:50:17,342 [DEBUG] TrafficAI.MQTT [app.py:1000]: Context update: speed=0.0 veh=0 ok=True
2026-02-22 18:50:17,342 [DEBUG] TrafficAI.MQTT [app.py:1000]: Context update: speed=0.0 veh=0 ok=True
2026-02-22 18:50:17,558 [DEBUG] TrafficAI.MQTT [app.py:1000]: Context update: speed=0.0 veh=0 ok=True
2026-02-22 18:50:17,773 [DEBUG] TrafficAI.MQTT [app.py:1000]: Context update: speed=0.0 veh=0 ok=True
2026-02-22 18:50:17,988 [DEBUG] TrafficAI.MQTT [app.py:1000]: Context update: speed=0.0 veh=0 ok=True
2026-02-22 18:50:18,203 [DEBUG] TrafficAI.MQTT [app.py:1000]: Context update: speed=0.0 veh=0 ok=True
2026-02-22 18:50:18,203 [DEBUG] TrafficAI.MQTT [app.py:1000]: Context update: speed=0.0 veh=0 ok=True
2026-02-22 18:50:18,417 [DEBUG] TrafficAI.MQTT [app.py:1000]: Context update: speed=0.0 veh=0 ok=True
2026-02-22 18:50:18,631 [DEBUG] TrafficAI.MQTT [app.py:1000]: Context update: speed=0.0 veh=0 ok=True
2026-02-22 18:50:18,922 [DEBUG] TrafficAI.MQTT [app.py:1000]: Context update: speed=0.0 veh=0 ok=True
2026-02-22 18:50:19,103 [DEBUG] TrafficAI.MQTT [app.py:1000]: Context update: speed=0.0 veh=0 ok=True
2026-02-22 18:50:19,317 [DEBUG] TrafficAI.MQTT [app.py:1000]: Context update: speed=0.0 veh=0 ok=True
2026-02-22 18:50:19,531 [DEBUG] TrafficAI.MQTT [app.py:1000]: Context update: speed=0.0 veh=0 ok=True
2026-02-22 18:50:19,531 [DEBUG] TrafficAI.MQTT [app.py:1000]: Context update: speed=0.0 veh=0 ok=True
2026-02-22 18:50:19,744 [DEBUG] TrafficAI.MQTT [app.py:1000]: Context update: speed=0.0 veh=0 ok=True
2026-02-22 18:50:19,870 [INFO] TrafficAI.LaptopCam [app.py:352]: 🛑 Laptop camera stopped by 127.0.0.1
2026-02-22 18:50:19,959 [DEBUG] TrafficAI.MQTT [app.py:1000]: Context update: speed=0.0 veh=0 ok=True
2026-02-22 18:50:20,172 [DEBUG] TrafficAI.MQTT [app.py:1000]: Context update: speed=0.0 veh=0 ok=True
2026-02-22 18:50:20,326 [INFO] TrafficAI.LaptopCam [app.py:294]: 🛑 Laptop camera worker stopped
2026-02-22 18:50:21,251 [DEBUG] TrafficAI.MQTT [app.py:1000]: Context update: speed=0.0 veh=0 ok=True
2026-02-22 18:50:58,459 [INFO] TrafficAI.Theme [app.py:806]: Theme changed: neon-futuristic → neon-active (by=auto-worker auto=True)
2026-02-22 18:50:58,761 [INFO] TrafficAI.Theme [app.py:1013]: MQTT remote theme update: neon-active
2026-02-22 18:51:13,397 [DEBUG] TrafficAI.Premium [app.py:1059]: Context snapshot saved
2026-02-22 18:51:28,484 [INFO] TrafficAI.Theme [app.py:806]: Theme changed: neon-active → neon-futuristic (by=auto-worker auto=True)
2026-02-22 18:51:28,694 [INFO] TrafficAI.Theme [app.py:1013]: MQTT remote theme update: neon-futuristic
2026-02-22 18:51:58,512 [INFO] TrafficAI.Theme [app.py:806]: Theme changed: neon-futuristic → neon-active (by=auto-worker auto=True)
2026-02-22 18:51:58,722 [INFO] TrafficAI.Theme [app.py:1013]: MQTT remote theme update: neon-active
2026-02-22 18:52:13,407 [DEBUG] TrafficAI.Premium [app.py:1059]: Context snapshot saved
2026-02-22 18:52:28,536 [INFO] TrafficAI.Theme [app.py:806]: Theme changed: neon-active → neon-futuristic (by=auto-worker auto=True)
2026-02-22 18:52:28,744 [INFO] TrafficAI.Theme [app.py:1013]: MQTT remote theme update: neon-futuristic
2026-02-22 18:53:41,847 [INFO] TrafficAI.Premium [app.py:596]: ✅ DB ready: C:\Users\tuann\Downloads\WEB DEVELOPER\server\traffic_ai.db
2026-02-22 18:53:41,854 [INFO] TrafficAI.Premium [app.py:1495]: 🚀 AI Traffic Control v4.0 PREMIUM starting...
2026-02-22 18:53:41,855 [INFO] TrafficAI.Premium [app.py:619]: 🚦 Traffic cycle started
2026-02-22 18:53:42,104 [INFO] TrafficAI.MQTT [app.py:1025]: 📡 MQTT → broker.hivemq.com:1883
2026-02-22 18:53:42,106 [INFO] TrafficAI.Theme [app.py:1523]: Restored theme from DB: neon-futuristic
2026-02-22 18:53:42,303 [INFO] TrafficAI.MQTT [app.py:951]: ✅ MQTT connected broker.hivemq.com:1883
2026-02-22 18:53:48,993 [INFO] TrafficAI.Premium [app.py:1530]: 🤖 AI engine OK
2026-02-22 18:53:49,004 [INFO] TrafficAI.Premium [app.py:1537]: ✅ Premium v4.0 Ready — port 5050
2026-02-22 18:53:49,004 [INFO] TrafficAI.Premium [app.py:1538]:    Log dir:  C:\Users\tuann\Downloads\WEB DEVELOPER\server\logs
2026-02-22 18:53:49,004 [INFO] TrafficAI.Premium [app.py:1539]:    DB path:  C:\Users\tuann\Downloads\WEB DEVELOPER\server\traffic_ai.db
2026-02-22 18:53:49,004 [INFO] TrafficAI.Premium [app.py:1540]:    Theme:    neon-futuristic
2026-02-22 18:53:49,004 [INFO] TrafficAI.Premium [app.py:1541]:    MQTT:     broker.hivemq.com:1883
2026-02-22 18:53:49,004 [INFO] TrafficAI.Premium [app.py:1542]:    TB host:  http://localhost:8080 (no token)
2026-02-22 18:53:51,558 [DEBUG] TrafficAI.MQTT [app.py:1000]: Context update: speed=0.0 veh=0 ok=True
2026-02-22 18:53:51,809 [DEBUG] TrafficAI.MQTT [app.py:1000]: Context update: speed=0.0 veh=0 ok=True
2026-02-22 18:53:51,809 [DEBUG] TrafficAI.MQTT [app.py:1000]: Context update: speed=0.0 veh=0 ok=True
2026-02-22 18:53:51,809 [DEBUG] TrafficAI.MQTT [app.py:1000]: Context update: speed=0.0 veh=0 ok=True
2026-02-22 18:53:52,020 [DEBUG] TrafficAI.MQTT [app.py:1000]: Context update: speed=0.0 veh=0 ok=True
2026-02-22 18:53:52,020 [DEBUG] TrafficAI.MQTT [app.py:1000]: Context update: speed=0.0 veh=0 ok=True
2026-02-22 18:53:52,230 [DEBUG] TrafficAI.MQTT [app.py:1000]: Context update: speed=0.0 veh=0 ok=True
2026-02-22 18:53:52,230 [DEBUG] TrafficAI.MQTT [app.py:1000]: Context update: speed=0.0 veh=0 ok=True
2026-02-22 18:53:52,441 [DEBUG] TrafficAI.MQTT [app.py:1000]: Context update: speed=0.0 veh=0 ok=True
2026-02-22 18:53:52,441 [DEBUG] TrafficAI.MQTT [app.py:1000]: Context update: speed=0.0 veh=0 ok=True
2026-02-22 18:53:52,650 [DEBUG] TrafficAI.MQTT [app.py:1000]: Context update: speed=0.0 veh=0 ok=True
2026-02-22 18:53:52,650 [DEBUG] TrafficAI.MQTT [app.py:1000]: Context update: speed=0.0 veh=0 ok=True
2026-02-22 18:53:52,860 [DEBUG] TrafficAI.MQTT [app.py:1000]: Context update: speed=0.0 veh=0 ok=True
2026-02-22 18:53:52,860 [DEBUG] TrafficAI.MQTT [app.py:1000]: Context update: speed=0.0 veh=0 ok=True
2026-02-22 18:53:53,071 [DEBUG] TrafficAI.MQTT [app.py:1000]: Context update: speed=0.0 veh=0 ok=True
2026-02-22 18:53:53,071 [DEBUG] TrafficAI.MQTT [app.py:1000]: Context update: speed=0.0 veh=0 ok=True
2026-02-22 18:53:53,281 [DEBUG] TrafficAI.MQTT [app.py:1000]: Context update: speed=0.0 veh=0 ok=True
2026-02-22 18:53:53,282 [DEBUG] TrafficAI.MQTT [app.py:1000]: Context update: speed=0.0 veh=0 ok=True
2026-02-22 18:53:53,490 [DEBUG] TrafficAI.MQTT [app.py:1000]: Context update: speed=0.0 veh=0 ok=True
2026-02-22 18:53:53,700 [DEBUG] TrafficAI.MQTT [app.py:1000]: Context update: speed=0.0 veh=0 ok=True
2026-02-22 18:53:53,701 [DEBUG] TrafficAI.MQTT [app.py:1000]: Context update: speed=0.0 veh=0 ok=True
2026-02-22 18:53:53,910 [DEBUG] TrafficAI.MQTT [app.py:1000]: Context update: speed=0.0 veh=0 ok=True
2026-02-22 18:53:53,911 [DEBUG] TrafficAI.MQTT [app.py:1000]: Context update: speed=0.0 veh=0 ok=True
2026-02-22 18:53:54,121 [DEBUG] TrafficAI.MQTT [app.py:1000]: Context update: speed=0.0 veh=0 ok=True
2026-02-22 18:53:54,121 [DEBUG] TrafficAI.MQTT [app.py:1000]: Context update: speed=0.0 veh=0 ok=True
2026-02-22 18:53:54,331 [DEBUG] TrafficAI.MQTT [app.py:1000]: Context update: speed=0.0 veh=0 ok=True
2026-02-22 18:53:54,331 [DEBUG] TrafficAI.MQTT [app.py:1000]: Context update: speed=0.0 veh=0 ok=True
2026-02-22 18:53:54,540 [DEBUG] TrafficAI.MQTT [app.py:1000]: Context update: speed=0.0 veh=0 ok=True
2026-02-22 18:53:54,541 [DEBUG] TrafficAI.MQTT [app.py:1000]: Context update: speed=0.0 veh=0 ok=True
2026-02-22 18:53:54,752 [DEBUG] TrafficAI.MQTT [app.py:1000]: Context update: speed=0.0 veh=0 ok=True
2026-02-22 18:53:54,755 [DEBUG] TrafficAI.MQTT [app.py:1000]: Context update: speed=0.0 veh=0 ok=True
2026-02-22 18:53:54,937 [DEBUG] TrafficAI.Theme [app.py:464]: Theme access granted: /api/theme
2026-02-22 18:53:54,937 [DEBUG] TrafficAI.Theme [app.py:1295]: GET /api/theme → neon-futuristic (ctx_ok=True)
2026-02-22 18:53:54,937 [DEBUG] TrafficAI.API [app.py:476]: ⏱  GET /api/theme → 0.2ms
2026-02-22 18:53:54,959 [DEBUG] TrafficAI.MQTT [app.py:1000]: Context update: speed=0.0 veh=0 ok=True
2026-02-22 18:53:55,168 [DEBUG] TrafficAI.MQTT [app.py:1000]: Context update: speed=0.0 veh=0 ok=True
2026-02-22 18:53:55,169 [DEBUG] TrafficAI.MQTT [app.py:1000]: Context update: speed=0.0 veh=0 ok=True
2026-02-22 18:53:55,381 [DEBUG] TrafficAI.MQTT [app.py:1000]: Context update: speed=0.0 veh=0 ok=True
2026-02-22 18:53:55,382 [DEBUG] TrafficAI.MQTT [app.py:1000]: Context update: speed=0.0 veh=0 ok=True
2026-02-22 18:53:55,589 [DEBUG] TrafficAI.MQTT [app.py:1000]: Context update: speed=0.0 veh=0 ok=True
2026-02-22 18:53:55,589 [DEBUG] TrafficAI.MQTT [app.py:1000]: Context update: speed=0.0 veh=0 ok=True
2026-02-22 18:53:55,736 [DEBUG] TrafficAI.API [app.py:449]: Authorized request: GET /api/bootstrap
2026-02-22 18:53:55,747 [DEBUG] TrafficAI.API [app.py:1133]: Bootstrap: 0 violations loaded
2026-02-22 18:53:55,748 [DEBUG] TrafficAI.API [app.py:476]: ⏱  GET /api/bootstrap → 10.3ms
2026-02-22 18:53:55,800 [DEBUG] TrafficAI.MQTT [app.py:1000]: Context update: speed=0.0 veh=0 ok=True
2026-02-22 18:53:55,800 [DEBUG] TrafficAI.MQTT [app.py:1000]: Context update: speed=0.0 veh=0 ok=True
2026-02-22 18:53:56,009 [DEBUG] TrafficAI.MQTT [app.py:1000]: Context update: speed=0.0 veh=0 ok=True
2026-02-22 18:53:56,219 [DEBUG] TrafficAI.MQTT [app.py:1000]: Context update: speed=0.0 veh=0 ok=True
2026-02-22 18:53:56,220 [DEBUG] TrafficAI.MQTT [app.py:1000]: Context update: speed=0.0 veh=0 ok=True
2026-02-22 18:53:56,430 [DEBUG] TrafficAI.MQTT [app.py:1000]: Context update: speed=0.0 veh=0 ok=True
2026-02-22 18:53:56,430 [DEBUG] TrafficAI.MQTT [app.py:1000]: Context update: speed=0.0 veh=0 ok=True
2026-02-22 18:53:56,640 [DEBUG] TrafficAI.MQTT [app.py:1000]: Context update: speed=0.0 veh=0 ok=True
2026-02-22 18:53:56,640 [DEBUG] TrafficAI.MQTT [app.py:1000]: Context update: speed=0.0 veh=0 ok=True
2026-02-22 18:53:56,852 [DEBUG] TrafficAI.MQTT [app.py:1000]: Context update: speed=0.0 veh=0 ok=True
2026-02-22 18:53:57,068 [DEBUG] TrafficAI.MQTT [app.py:1000]: Context update: speed=0.0 veh=0 ok=True
2026-02-22 18:53:57,068 [DEBUG] TrafficAI.MQTT [app.py:1000]: Context update: speed=0.0 veh=0 ok=True
2026-02-22 18:53:57,271 [DEBUG] TrafficAI.MQTT [app.py:1000]: Context update: speed=0.0 veh=0 ok=True
2026-02-22 18:53:57,272 [DEBUG] TrafficAI.MQTT [app.py:1000]: Context update: speed=0.0 veh=0 ok=True
2026-02-22 18:53:57,482 [DEBUG] TrafficAI.MQTT [app.py:1000]: Context update: speed=0.0 veh=0 ok=True
2026-02-22 18:53:57,482 [DEBUG] TrafficAI.MQTT [app.py:1000]: Context update: speed=0.0 veh=0 ok=True
2026-02-22 18:53:57,692 [DEBUG] TrafficAI.MQTT [app.py:1000]: Context update: speed=0.0 veh=0 ok=True
2026-02-22 18:53:57,692 [DEBUG] TrafficAI.MQTT [app.py:1000]: Context update: speed=0.0 veh=0 ok=True
2026-02-22 18:53:57,902 [DEBUG] TrafficAI.MQTT [app.py:1000]: Context update: speed=0.0 veh=0 ok=True
2026-02-22 18:53:57,903 [DEBUG] TrafficAI.MQTT [app.py:1000]: Context update: speed=0.0 veh=0 ok=True
2026-02-22 18:53:58,112 [DEBUG] TrafficAI.MQTT [app.py:1000]: Context update: speed=0.0 veh=0 ok=True
2026-02-22 18:53:58,322 [DEBUG] TrafficAI.MQTT [app.py:1000]: Context update: speed=0.0 veh=0 ok=True
2026-02-22 18:53:58,323 [DEBUG] TrafficAI.MQTT [app.py:1000]: Context update: speed=0.0 veh=0 ok=True
2026-02-22 18:53:58,533 [DEBUG] TrafficAI.MQTT [app.py:1000]: Context update: speed=0.0 veh=0 ok=True
2026-02-22 18:53:58,533 [DEBUG] TrafficAI.MQTT [app.py:1000]: Context update: speed=0.0 veh=0 ok=True
2026-02-22 18:53:58,742 [DEBUG] TrafficAI.MQTT [app.py:1000]: Context update: speed=0.0 veh=0 ok=True
2026-02-22 18:53:58,743 [DEBUG] TrafficAI.MQTT [app.py:1000]: Context update: speed=0.0 veh=0 ok=True
2026-02-22 18:53:58,953 [DEBUG] TrafficAI.MQTT [app.py:1000]: Context update: speed=0.0 veh=0 ok=True
2026-02-22 18:53:58,956 [DEBUG] TrafficAI.MQTT [app.py:1000]: Context update: speed=0.0 veh=0 ok=True
2026-02-22 18:53:59,163 [DEBUG] TrafficAI.MQTT [app.py:1000]: Context update: speed=0.0 veh=0 ok=True
2026-02-22 18:53:59,163 [DEBUG] TrafficAI.MQTT [app.py:1000]: Context update: speed=0.0 veh=0 ok=True
2026-02-22 18:53:59,372 [DEBUG] TrafficAI.MQTT [app.py:1000]: Context update: speed=0.0 veh=0 ok=True
2026-02-22 18:53:59,583 [DEBUG] TrafficAI.MQTT [app.py:1000]: Context update: speed=0.0 veh=0 ok=True
2026-02-22 18:53:59,583 [DEBUG] TrafficAI.MQTT [app.py:1000]: Context update: speed=0.0 veh=0 ok=True
2026-02-22 18:53:59,793 [DEBUG] TrafficAI.MQTT [app.py:1000]: Context update: speed=0.0 veh=0 ok=True
2026-02-22 18:53:59,793 [DEBUG] TrafficAI.MQTT [app.py:1000]: Context update: speed=0.0 veh=0 ok=True
2026-02-22 18:54:00,002 [DEBUG] TrafficAI.MQTT [app.py:1000]: Context update: speed=0.0 veh=0 ok=True
2026-02-22 18:54:00,002 [DEBUG] TrafficAI.MQTT [app.py:1000]: Context update: speed=0.0 veh=0 ok=True
2026-02-22 18:54:00,213 [DEBUG] TrafficAI.MQTT [app.py:1000]: Context update: speed=0.0 veh=0 ok=True
2026-02-22 18:54:00,213 [DEBUG] TrafficAI.MQTT [app.py:1000]: Context update: speed=0.0 veh=0 ok=True
2026-02-22 18:54:00,423 [DEBUG] TrafficAI.MQTT [app.py:1000]: Context update: speed=0.0 veh=0 ok=True
2026-02-22 18:54:00,424 [DEBUG] TrafficAI.MQTT [app.py:1000]: Context update: speed=0.0 veh=0 ok=True
2026-02-22 18:54:00,635 [DEBUG] TrafficAI.MQTT [app.py:1000]: Context update: speed=0.0 veh=0 ok=True
2026-02-22 18:54:00,636 [DEBUG] TrafficAI.MQTT [app.py:1000]: Context update: speed=0.0 veh=0 ok=True
2026-02-22 18:54:00,845 [DEBUG] TrafficAI.MQTT [app.py:1000]: Context update: speed=0.0 veh=0 ok=True
2026-02-22 18:54:01,055 [DEBUG] TrafficAI.MQTT [app.py:1000]: Context update: speed=0.0 veh=0 ok=True
2026-02-22 18:54:01,056 [DEBUG] TrafficAI.MQTT [app.py:1000]: Context update: speed=0.0 veh=0 ok=True
2026-02-22 18:54:01,266 [DEBUG] TrafficAI.MQTT [app.py:1000]: Context update: speed=0.0 veh=0 ok=True
2026-02-22 18:54:01,267 [DEBUG] TrafficAI.MQTT [app.py:1000]: Context update: speed=0.0 veh=0 ok=True
2026-02-22 18:54:01,475 [DEBUG] TrafficAI.MQTT [app.py:1000]: Context update: speed=0.0 veh=0 ok=True
2026-02-22 18:54:01,475 [DEBUG] TrafficAI.MQTT [app.py:1000]: Context update: speed=0.0 veh=0 ok=True
2026-02-22 18:54:01,686 [DEBUG] TrafficAI.MQTT [app.py:1000]: Context update: speed=0.0 veh=0 ok=True
2026-02-22 18:54:01,686 [DEBUG] TrafficAI.MQTT [app.py:1000]: Context update: speed=0.0 veh=0 ok=True
2026-02-22 18:54:01,898 [DEBUG] TrafficAI.MQTT [app.py:1000]: Context update: speed=0.0 veh=0 ok=True
2026-02-22 18:54:01,898 [DEBUG] TrafficAI.MQTT [app.py:1000]: Context update: speed=0.0 veh=0 ok=True
2026-02-22 18:54:02,109 [DEBUG] TrafficAI.MQTT [app.py:1000]: Context update: speed=0.0 veh=0 ok=True
2026-02-22 18:54:02,109 [DEBUG] TrafficAI.MQTT [app.py:1000]: Context update: speed=0.0 veh=0 ok=True
2026-02-22 18:54:02,328 [DEBUG] TrafficAI.MQTT [app.py:1000]: Context update: speed=0.0 veh=0 ok=True
2026-02-22 18:54:02,328 [DEBUG] TrafficAI.MQTT [app.py:1000]: Context update: speed=0.0 veh=0 ok=True
2026-02-22 18:54:02,532 [DEBUG] TrafficAI.MQTT [app.py:1000]: Context update: speed=0.0 veh=0 ok=True
2026-02-22 18:54:02,533 [DEBUG] TrafficAI.MQTT [app.py:1000]: Context update: speed=0.0 veh=0 ok=True
2026-02-22 18:54:02,747 [DEBUG] TrafficAI.MQTT [app.py:1000]: Context update: speed=0.0 veh=0 ok=True
2026-02-22 18:54:02,747 [DEBUG] TrafficAI.MQTT [app.py:1000]: Context update: speed=0.0 veh=0 ok=True
2026-02-22 18:54:02,952 [DEBUG] TrafficAI.MQTT [app.py:1000]: Context update: speed=0.0 veh=0 ok=True
2026-02-22 18:54:02,952 [DEBUG] TrafficAI.MQTT [app.py:1000]: Context update: speed=0.0 veh=0 ok=True
2026-02-22 18:54:03,162 [DEBUG] TrafficAI.MQTT [app.py:1000]: Context update: speed=0.0 veh=0 ok=True
2026-02-22 18:54:03,163 [DEBUG] TrafficAI.MQTT [app.py:1000]: Context update: speed=0.0 veh=0 ok=True
2026-02-22 18:54:03,372 [DEBUG] TrafficAI.MQTT [app.py:1000]: Context update: speed=0.0 veh=0 ok=True
2026-02-22 18:54:03,373 [DEBUG] TrafficAI.MQTT [app.py:1000]: Context update: speed=0.0 veh=0 ok=True
2026-02-22 18:54:03,583 [DEBUG] TrafficAI.MQTT [app.py:1000]: Context update: speed=0.0 veh=0 ok=True
2026-02-22 18:54:03,584 [DEBUG] TrafficAI.MQTT [app.py:1000]: Context update: speed=0.0 veh=0 ok=True
2026-02-22 18:54:03,799 [DEBUG] TrafficAI.MQTT [app.py:1000]: Context update: speed=0.0 veh=0 ok=True
2026-02-22 18:54:03,800 [DEBUG] TrafficAI.MQTT [app.py:1000]: Context update: speed=0.0 veh=0 ok=True
2026-02-22 18:54:04,007 [DEBUG] TrafficAI.MQTT [app.py:1000]: Context update: speed=0.0 veh=0 ok=True
2026-02-22 18:54:04,007 [DEBUG] TrafficAI.MQTT [app.py:1000]: Context update: speed=0.0 veh=0 ok=True
2026-02-22 18:54:04,213 [DEBUG] TrafficAI.MQTT [app.py:1000]: Context update: speed=0.0 veh=0 ok=True
2026-02-22 18:54:04,214 [DEBUG] TrafficAI.MQTT [app.py:1000]: Context update: speed=0.0 veh=0 ok=True
2026-02-22 18:54:04,423 [DEBUG] TrafficAI.MQTT [app.py:1000]: Context update: speed=0.0 veh=0 ok=True
2026-02-22 18:54:04,423 [DEBUG] TrafficAI.MQTT [app.py:1000]: Context update: speed=0.0 veh=0 ok=True
2026-02-22 18:54:04,633 [DEBUG] TrafficAI.MQTT [app.py:1000]: Context update: speed=0.0 veh=0 ok=True
2026-02-22 18:54:04,633 [DEBUG] TrafficAI.MQTT [app.py:1000]: Context update: speed=0.0 veh=0 ok=True
2026-02-22 18:54:04,845 [DEBUG] TrafficAI.MQTT [app.py:1000]: Context update: speed=0.0 veh=0 ok=True
2026-02-22 18:54:04,846 [DEBUG] TrafficAI.MQTT [app.py:1000]: Context update: speed=0.0 veh=0 ok=True
2026-02-22 18:54:05,056 [DEBUG] TrafficAI.MQTT [app.py:1000]: Context update: speed=0.0 veh=0 ok=True
2026-02-22 18:54:05,267 [DEBUG] TrafficAI.MQTT [app.py:1000]: Context update: speed=0.0 veh=0 ok=True
2026-02-22 18:54:05,267 [DEBUG] TrafficAI.MQTT [app.py:1000]: Context update: speed=0.0 veh=0 ok=True
2026-02-22 18:54:05,349 [INFO] TrafficAI.API [app.py:520]: Login success: user=admin ip=127.0.0.1
2026-02-22 18:54:05,349 [DEBUG] TrafficAI.API [app.py:476]: ⏱  POST /api/login → 10.1ms
2026-02-22 18:54:05,477 [DEBUG] TrafficAI.MQTT [app.py:1000]: Context update: speed=0.0 veh=0 ok=True
2026-02-22 18:54:05,477 [DEBUG] TrafficAI.MQTT [app.py:1000]: Context update: speed=0.0 veh=0 ok=True
2026-02-22 18:54:05,687 [DEBUG] TrafficAI.MQTT [app.py:1000]: Context update: speed=0.0 veh=0 ok=True
2026-02-22 18:54:05,687 [DEBUG] TrafficAI.MQTT [app.py:1000]: Context update: speed=0.0 veh=0 ok=True
2026-02-22 18:54:05,898 [DEBUG] TrafficAI.MQTT [app.py:1000]: Context update: speed=0.0 veh=0 ok=True
2026-02-22 18:54:05,898 [DEBUG] TrafficAI.MQTT [app.py:1000]: Context update: speed=0.0 veh=0 ok=True
2026-02-22 18:54:06,109 [DEBUG] TrafficAI.MQTT [app.py:1000]: Context update: speed=0.0 veh=0 ok=True
2026-02-22 18:54:06,109 [DEBUG] TrafficAI.MQTT [app.py:1000]: Context update: speed=0.0 veh=0 ok=True
2026-02-22 18:54:06,332 [DEBUG] TrafficAI.MQTT [app.py:1000]: Context update: speed=0.0 veh=0 ok=True
2026-02-22 18:54:06,357 [DEBUG] TrafficAI.Theme [app.py:464]: Theme access granted: /api/theme
2026-02-22 18:54:06,357 [DEBUG] TrafficAI.Theme [app.py:1295]: GET /api/theme → neon-futuristic (ctx_ok=True)
2026-02-22 18:54:06,358 [DEBUG] TrafficAI.API [app.py:476]: ⏱  GET /api/theme → 0.5ms
2026-02-22 18:54:06,528 [DEBUG] TrafficAI.MQTT [app.py:1000]: Context update: speed=0.0 veh=0 ok=True
2026-02-22 18:54:06,529 [DEBUG] TrafficAI.MQTT [app.py:1000]: Context update: speed=0.0 veh=0 ok=True
2026-02-22 18:54:06,740 [DEBUG] TrafficAI.MQTT [app.py:1000]: Context update: speed=0.0 veh=0 ok=True
2026-02-22 18:54:06,785 [DEBUG] TrafficAI.API [app.py:449]: Authorized request: GET /api/bootstrap
2026-02-22 18:54:06,801 [DEBUG] TrafficAI.API [app.py:1133]: Bootstrap: 0 violations loaded
2026-02-22 18:54:06,802 [DEBUG] TrafficAI.API [app.py:476]: ⏱  GET /api/bootstrap → 16.1ms
2026-02-22 18:54:06,949 [DEBUG] TrafficAI.MQTT [app.py:1000]: Context update: speed=0.0 veh=0 ok=True
2026-02-22 18:54:06,950 [DEBUG] TrafficAI.MQTT [app.py:1000]: Context update: speed=0.0 veh=0 ok=True
2026-02-22 18:54:07,159 [DEBUG] TrafficAI.MQTT [app.py:1000]: Context update: speed=0.0 veh=0 ok=True
2026-02-22 18:54:07,159 [DEBUG] TrafficAI.MQTT [app.py:1000]: Context update: speed=0.0 veh=0 ok=True
2026-02-22 18:54:07,370 [DEBUG] TrafficAI.MQTT [app.py:1000]: Context update: speed=0.0 veh=0 ok=True
2026-02-22 18:54:07,370 [DEBUG] TrafficAI.MQTT [app.py:1000]: Context update: speed=0.0 veh=0 ok=True
2026-02-22 18:54:07,579 [DEBUG] TrafficAI.MQTT [app.py:1000]: Context update: speed=0.0 veh=0 ok=True
2026-02-22 18:54:07,580 [DEBUG] TrafficAI.MQTT [app.py:1000]: Context update: speed=0.0 veh=0 ok=True
2026-02-22 18:54:07,789 [DEBUG] TrafficAI.MQTT [app.py:1000]: Context update: speed=0.0 veh=0 ok=True
2026-02-22 18:54:07,998 [DEBUG] TrafficAI.MQTT [app.py:1000]: Context update: speed=0.0 veh=0 ok=True
2026-02-22 18:54:07,999 [DEBUG] TrafficAI.MQTT [app.py:1000]: Context update: speed=0.0 veh=0 ok=True
2026-02-22 18:54:08,209 [DEBUG] TrafficAI.MQTT [app.py:1000]: Context update: speed=0.0 veh=0 ok=True
2026-02-22 18:54:08,419 [DEBUG] TrafficAI.MQTT [app.py:1000]: Context update: speed=0.0 veh=0 ok=True
2026-02-22 18:54:08,420 [DEBUG] TrafficAI.MQTT [app.py:1000]: Context update: speed=0.0 veh=0 ok=True
2026-02-22 18:54:08,631 [DEBUG] TrafficAI.MQTT [app.py:1000]: Context update: speed=0.0 veh=0 ok=True
2026-02-22 18:54:08,631 [DEBUG] TrafficAI.MQTT [app.py:1000]: Context update: speed=0.0 veh=0 ok=True
2026-02-22 18:54:08,839 [DEBUG] TrafficAI.MQTT [app.py:1000]: Context update: speed=0.0 veh=0 ok=True
2026-02-22 18:54:08,839 [DEBUG] TrafficAI.MQTT [app.py:1000]: Context update: speed=0.0 veh=0 ok=True
2026-02-22 18:54:09,049 [DEBUG] TrafficAI.MQTT [app.py:1000]: Context update: speed=0.0 veh=0 ok=True
2026-02-22 18:54:09,050 [DEBUG] TrafficAI.MQTT [app.py:1000]: Context update: speed=0.0 veh=0 ok=True
2026-02-22 18:54:09,260 [DEBUG] TrafficAI.MQTT [app.py:1000]: Context update: speed=0.0 veh=0 ok=True
2026-02-22 18:54:09,469 [DEBUG] TrafficAI.MQTT [app.py:1000]: Context update: speed=0.0 veh=0 ok=True
2026-02-22 18:54:09,470 [DEBUG] TrafficAI.MQTT [app.py:1000]: Context update: speed=0.0 veh=0 ok=True
2026-02-22 18:54:09,683 [DEBUG] TrafficAI.MQTT [app.py:1000]: Context update: speed=0.0 veh=0 ok=True
2026-02-22 18:54:09,683 [DEBUG] TrafficAI.MQTT [app.py:1000]: Context update: speed=0.0 veh=0 ok=True
2026-02-22 18:54:09,894 [DEBUG] TrafficAI.MQTT [app.py:1000]: Context update: speed=0.0 veh=0 ok=True
2026-02-22 18:54:09,895 [DEBUG] TrafficAI.MQTT [app.py:1000]: Context update: speed=0.0 veh=0 ok=True
2026-02-22 18:54:10,128 [DEBUG] TrafficAI.MQTT [app.py:1000]: Context update: speed=0.0 veh=0 ok=True
2026-02-22 18:54:10,128 [DEBUG] TrafficAI.MQTT [app.py:1000]: Context update: speed=0.0 veh=0 ok=True
2026-02-22 18:54:10,318 [DEBUG] TrafficAI.MQTT [app.py:1000]: Context update: speed=0.0 veh=0 ok=True
2026-02-22 18:54:10,319 [DEBUG] TrafficAI.MQTT [app.py:1000]: Context update: speed=0.0 veh=0 ok=True
2026-02-22 18:54:10,525 [DEBUG] TrafficAI.MQTT [app.py:1000]: Context update: speed=0.0 veh=0 ok=True
2026-02-22 18:54:10,526 [DEBUG] TrafficAI.MQTT [app.py:1000]: Context update: speed=0.0 veh=0 ok=True
2026-02-22 18:54:10,734 [DEBUG] TrafficAI.MQTT [app.py:1000]: Context update: speed=0.0 veh=0 ok=True
2026-02-22 18:54:10,945 [DEBUG] TrafficAI.MQTT [app.py:1000]: Context update: speed=0.0 veh=0 ok=True
2026-02-22 18:54:10,946 [DEBUG] TrafficAI.MQTT [app.py:1000]: Context update: speed=0.0 veh=0 ok=True
2026-02-22 18:54:11,155 [DEBUG] TrafficAI.MQTT [app.py:1000]: Context update: speed=0.0 veh=0 ok=True
2026-02-22 18:54:11,155 [DEBUG] TrafficAI.MQTT [app.py:1000]: Context update: speed=0.0 veh=0 ok=True
2026-02-22 18:54:11,364 [DEBUG] TrafficAI.MQTT [app.py:1000]: Context update: speed=0.0 veh=0 ok=True
2026-02-22 18:54:11,365 [DEBUG] TrafficAI.MQTT [app.py:1000]: Context update: speed=0.0 veh=0 ok=True
2026-02-22 18:54:11,574 [DEBUG] TrafficAI.MQTT [app.py:1000]: Context update: speed=0.0 veh=0 ok=True
2026-02-22 18:54:11,575 [DEBUG] TrafficAI.MQTT [app.py:1000]: Context update: speed=0.0 veh=0 ok=True
2026-02-22 18:54:11,786 [DEBUG] TrafficAI.MQTT [app.py:1000]: Context update: speed=0.0 veh=0 ok=True
2026-02-22 18:54:11,786 [DEBUG] TrafficAI.MQTT [app.py:1000]: Context update: speed=0.0 veh=0 ok=True
2026-02-22 18:54:11,865 [INFO] TrafficAI.Theme [app.py:806]: Theme changed: neon-futuristic → neon-active (by=auto-worker auto=True)
2026-02-22 18:54:11,998 [DEBUG] TrafficAI.MQTT [app.py:1000]: Context update: speed=0.0 veh=0 ok=True
2026-02-22 18:54:11,998 [DEBUG] TrafficAI.MQTT [app.py:1000]: Context update: speed=0.0 veh=0 ok=True
2026-02-22 18:54:12,077 [INFO] TrafficAI.Theme [app.py:1013]: MQTT remote theme update: neon-active
2026-02-22 18:54:12,279 [DEBUG] TrafficAI.MQTT [app.py:1000]: Context update: speed=0.0 veh=0 ok=True
2026-02-22 18:54:12,280 [DEBUG] TrafficAI.MQTT [app.py:1000]: Context update: speed=0.0 veh=0 ok=True
2026-02-22 18:54:12,416 [DEBUG] TrafficAI.MQTT [app.py:1000]: Context update: speed=0.0 veh=0 ok=True
2026-02-22 18:54:12,417 [DEBUG] TrafficAI.MQTT [app.py:1000]: Context update: speed=0.0 veh=0 ok=True
2026-02-22 18:54:12,626 [DEBUG] TrafficAI.MQTT [app.py:1000]: Context update: speed=0.0 veh=0 ok=True
2026-02-22 18:54:12,627 [DEBUG] TrafficAI.MQTT [app.py:1000]: Context update: speed=0.0 veh=0 ok=True
2026-02-22 18:54:12,836 [DEBUG] TrafficAI.MQTT [app.py:1000]: Context update: speed=0.0 veh=0 ok=True
2026-02-22 18:54:13,047 [DEBUG] TrafficAI.MQTT [app.py:1000]: Context update: speed=0.0 veh=0 ok=True
2026-02-22 18:54:13,047 [DEBUG] TrafficAI.MQTT [app.py:1000]: Context update: speed=0.0 veh=0 ok=True
2026-02-22 18:54:13,257 [DEBUG] TrafficAI.MQTT [app.py:1000]: Context update: speed=0.0 veh=0 ok=True
2026-02-22 18:54:13,257 [DEBUG] TrafficAI.MQTT [app.py:1000]: Context update: speed=0.0 veh=0 ok=True
2026-02-22 18:54:13,466 [DEBUG] TrafficAI.MQTT [app.py:1000]: Context update: speed=0.0 veh=0 ok=True
2026-02-22 18:54:13,467 [DEBUG] TrafficAI.MQTT [app.py:1000]: Context update: speed=0.0 veh=0 ok=True
2026-02-22 18:54:13,677 [DEBUG] TrafficAI.MQTT [app.py:1000]: Context update: speed=0.0 veh=0 ok=True
2026-02-22 18:54:13,677 [DEBUG] TrafficAI.MQTT [app.py:1000]: Context update: speed=0.0 veh=0 ok=True
2026-02-22 18:54:13,886 [DEBUG] TrafficAI.MQTT [app.py:1000]: Context update: speed=0.0 veh=0 ok=True
2026-02-22 18:54:13,887 [DEBUG] TrafficAI.MQTT [app.py:1000]: Context update: speed=0.0 veh=0 ok=True
2026-02-22 18:54:14,097 [DEBUG] TrafficAI.MQTT [app.py:1000]: Context update: speed=0.0 veh=0 ok=True
2026-02-22 18:54:14,097 [DEBUG] TrafficAI.MQTT [app.py:1000]: Context update: speed=0.0 veh=0 ok=True
2026-02-22 18:54:14,314 [DEBUG] TrafficAI.MQTT [app.py:1000]: Context update: speed=0.0 veh=0 ok=True
2026-02-22 18:54:14,330 [DEBUG] TrafficAI.MQTT [app.py:1000]: Context update: speed=0.0 veh=0 ok=True
2026-02-22 18:54:14,517 [DEBUG] TrafficAI.MQTT [app.py:1000]: Context update: speed=0.0 veh=0 ok=True
2026-02-22 18:54:14,517 [DEBUG] TrafficAI.MQTT [app.py:1000]: Context update: speed=0.0 veh=0 ok=True
2026-02-22 18:54:14,727 [DEBUG] TrafficAI.MQTT [app.py:1000]: Context update: speed=0.0 veh=0 ok=True
2026-02-22 18:54:14,727 [DEBUG] TrafficAI.MQTT [app.py:1000]: Context update: speed=0.0 veh=0 ok=True
2026-02-22 18:54:14,937 [DEBUG] TrafficAI.MQTT [app.py:1000]: Context update: speed=0.0 veh=0 ok=True
2026-02-22 18:54:14,937 [DEBUG] TrafficAI.MQTT [app.py:1000]: Context update: speed=0.0 veh=0 ok=True
2026-02-22 18:54:15,147 [DEBUG] TrafficAI.MQTT [app.py:1000]: Context update: speed=0.0 veh=0 ok=True
2026-02-22 18:54:15,147 [DEBUG] TrafficAI.MQTT [app.py:1000]: Context update: speed=0.0 veh=0 ok=True
2026-02-22 18:54:15,357 [DEBUG] TrafficAI.MQTT [app.py:1000]: Context update: speed=0.0 veh=0 ok=True
2026-02-22 18:54:15,357 [DEBUG] TrafficAI.MQTT [app.py:1000]: Context update: speed=0.0 veh=0 ok=True
2026-02-22 18:54:15,567 [DEBUG] TrafficAI.MQTT [app.py:1000]: Context update: speed=0.0 veh=0 ok=True
2026-02-22 18:54:15,568 [DEBUG] TrafficAI.MQTT [app.py:1000]: Context update: speed=0.0 veh=0 ok=True
2026-02-22 18:54:15,778 [DEBUG] TrafficAI.MQTT [app.py:1000]: Context update: speed=0.0 veh=0 ok=True
2026-02-22 18:54:15,778 [DEBUG] TrafficAI.MQTT [app.py:1000]: Context update: speed=0.0 veh=0 ok=True
2026-02-22 18:54:15,987 [DEBUG] TrafficAI.MQTT [app.py:1000]: Context update: speed=0.0 veh=0 ok=True
2026-02-22 18:54:15,987 [DEBUG] TrafficAI.MQTT [app.py:1000]: Context update: speed=0.0 veh=0 ok=True
2026-02-22 18:54:16,197 [DEBUG] TrafficAI.MQTT [app.py:1000]: Context update: speed=0.0 veh=0 ok=True
2026-02-22 18:54:16,198 [DEBUG] TrafficAI.MQTT [app.py:1000]: Context update: speed=0.0 veh=0 ok=True
2026-02-22 18:54:16,408 [DEBUG] TrafficAI.MQTT [app.py:1000]: Context update: speed=0.0 veh=0 ok=True
2026-02-22 18:54:16,408 [DEBUG] TrafficAI.MQTT [app.py:1000]: Context update: speed=0.0 veh=0 ok=True
2026-02-22 18:54:16,617 [DEBUG] TrafficAI.MQTT [app.py:1000]: Context update: speed=0.0 veh=0 ok=True
2026-02-22 18:54:16,618 [DEBUG] TrafficAI.MQTT [app.py:1000]: Context update: speed=0.0 veh=0 ok=True
2026-02-22 18:54:16,844 [DEBUG] TrafficAI.MQTT [app.py:1000]: Context update: speed=0.0 veh=0 ok=True
2026-02-22 18:54:16,849 [DEBUG] TrafficAI.MQTT [app.py:1000]: Context update: speed=0.0 veh=0 ok=True
2026-02-22 18:54:17,037 [DEBUG] TrafficAI.MQTT [app.py:1000]: Context update: speed=0.0 veh=0 ok=True
2026-02-22 18:54:17,038 [DEBUG] TrafficAI.MQTT [app.py:1000]: Context update: speed=0.0 veh=0 ok=True
2026-02-22 18:54:17,248 [DEBUG] TrafficAI.MQTT [app.py:1000]: Context update: speed=0.0 veh=0 ok=True
2026-02-22 18:54:17,249 [DEBUG] TrafficAI.MQTT [app.py:1000]: Context update: speed=0.0 veh=0 ok=True
2026-02-22 18:54:17,458 [DEBUG] TrafficAI.MQTT [app.py:1000]: Context update: speed=0.0 veh=0 ok=True
2026-02-22 18:54:17,459 [DEBUG] TrafficAI.MQTT [app.py:1000]: Context update: speed=0.0 veh=0 ok=True
2026-02-22 18:54:17,668 [DEBUG] TrafficAI.MQTT [app.py:1000]: Context update: speed=0.0 veh=0 ok=True
2026-02-22 18:54:17,669 [DEBUG] TrafficAI.MQTT [app.py:1000]: Context update: speed=0.0 veh=0 ok=True
2026-02-22 18:54:17,880 [DEBUG] TrafficAI.MQTT [app.py:1000]: Context update: speed=0.0 veh=0 ok=True
2026-02-22 18:54:17,880 [DEBUG] TrafficAI.MQTT [app.py:1000]: Context update: speed=0.0 veh=0 ok=True
2026-02-22 18:54:18,091 [DEBUG] TrafficAI.MQTT [app.py:1000]: Context update: speed=0.0 veh=0 ok=True
2026-02-22 18:54:18,092 [DEBUG] TrafficAI.MQTT [app.py:1000]: Context update: speed=0.0 veh=0 ok=True
2026-02-22 18:54:18,302 [DEBUG] TrafficAI.MQTT [app.py:1000]: Context update: speed=0.0 veh=0 ok=True
2026-02-22 18:54:18,303 [DEBUG] TrafficAI.MQTT [app.py:1000]: Context update: speed=0.0 veh=0 ok=True
2026-02-22 18:54:18,511 [DEBUG] TrafficAI.MQTT [app.py:1000]: Context update: speed=0.0 veh=0 ok=True
2026-02-22 18:54:18,512 [DEBUG] TrafficAI.MQTT [app.py:1000]: Context update: speed=0.0 veh=0 ok=True
2026-02-22 18:54:18,724 [DEBUG] TrafficAI.MQTT [app.py:1000]: Context update: speed=0.0 veh=0 ok=True
2026-02-22 18:54:18,725 [DEBUG] TrafficAI.MQTT [app.py:1000]: Context update: speed=0.0 veh=0 ok=True
2026-02-22 18:54:18,932 [DEBUG] TrafficAI.MQTT [app.py:1000]: Context update: speed=0.0 veh=0 ok=True
2026-02-22 18:54:18,932 [DEBUG] TrafficAI.MQTT [app.py:1000]: Context update: speed=0.0 veh=0 ok=True
2026-02-22 18:54:19,142 [DEBUG] TrafficAI.MQTT [app.py:1000]: Context update: speed=0.0 veh=0 ok=True
2026-02-22 18:54:19,143 [DEBUG] TrafficAI.MQTT [app.py:1000]: Context update: speed=0.0 veh=0 ok=True
2026-02-22 18:54:19,360 [DEBUG] TrafficAI.MQTT [app.py:1000]: Context update: speed=0.0 veh=0 ok=True
2026-02-22 18:54:19,360 [DEBUG] TrafficAI.MQTT [app.py:1000]: Context update: speed=0.0 veh=0 ok=True
2026-02-22 18:54:19,564 [DEBUG] TrafficAI.MQTT [app.py:1000]: Context update: speed=0.0 veh=0 ok=True
2026-02-22 18:54:19,565 [DEBUG] TrafficAI.MQTT [app.py:1000]: Context update: speed=0.0 veh=0 ok=True
2026-02-22 18:54:19,774 [DEBUG] TrafficAI.MQTT [app.py:1000]: Context update: speed=0.0 veh=0 ok=True
2026-02-22 18:54:19,774 [DEBUG] TrafficAI.MQTT [app.py:1000]: Context update: speed=0.0 veh=0 ok=True
2026-02-22 18:54:19,984 [DEBUG] TrafficAI.MQTT [app.py:1000]: Context update: speed=0.0 veh=0 ok=True
2026-02-22 18:54:19,985 [DEBUG] TrafficAI.MQTT [app.py:1000]: Context update: speed=0.0 veh=0 ok=True
2026-02-22 18:54:20,195 [DEBUG] TrafficAI.MQTT [app.py:1000]: Context update: speed=0.0 veh=0 ok=True
2026-02-22 18:54:20,196 [DEBUG] TrafficAI.MQTT [app.py:1000]: Context update: speed=0.0 veh=0 ok=True
2026-02-22 18:54:20,405 [DEBUG] TrafficAI.MQTT [app.py:1000]: Context update: speed=0.0 veh=0 ok=True
2026-02-22 18:54:20,405 [DEBUG] TrafficAI.MQTT [app.py:1000]: Context update: speed=0.0 veh=0 ok=True
2026-02-22 18:54:20,615 [DEBUG] TrafficAI.MQTT [app.py:1000]: Context update: speed=0.0 veh=0 ok=True
2026-02-22 18:54:20,616 [DEBUG] TrafficAI.MQTT [app.py:1000]: Context update: speed=0.0 veh=0 ok=True
2026-02-22 18:54:20,825 [DEBUG] TrafficAI.MQTT [app.py:1000]: Context update: speed=0.0 veh=0 ok=True
2026-02-22 18:54:20,826 [DEBUG] TrafficAI.MQTT [app.py:1000]: Context update: speed=0.0 veh=0 ok=True
2026-02-22 18:54:21,035 [DEBUG] TrafficAI.MQTT [app.py:1000]: Context update: speed=0.0 veh=0 ok=True
2026-02-22 18:54:21,036 [DEBUG] TrafficAI.MQTT [app.py:1000]: Context update: speed=0.0 veh=0 ok=True
2026-02-22 18:54:21,245 [DEBUG] TrafficAI.MQTT [app.py:1000]: Context update: speed=0.0 veh=0 ok=True
2026-02-22 18:54:21,245 [DEBUG] TrafficAI.MQTT [app.py:1000]: Context update: speed=0.0 veh=0 ok=True
2026-02-22 18:54:21,455 [DEBUG] TrafficAI.MQTT [app.py:1000]: Context update: speed=0.0 veh=0 ok=True
2026-02-22 18:54:21,455 [DEBUG] TrafficAI.MQTT [app.py:1000]: Context update: speed=0.0 veh=0 ok=True
2026-02-22 18:54:21,664 [DEBUG] TrafficAI.MQTT [app.py:1000]: Context update: speed=0.0 veh=0 ok=True
2026-02-22 18:54:21,665 [DEBUG] TrafficAI.MQTT [app.py:1000]: Context update: speed=0.0 veh=0 ok=True
2026-02-22 18:54:21,875 [DEBUG] TrafficAI.MQTT [app.py:1000]: Context update: speed=0.0 veh=0 ok=True
2026-02-22 18:54:21,876 [DEBUG] TrafficAI.MQTT [app.py:1000]: Context update: speed=0.0 veh=0 ok=True
2026-02-22 18:54:22,087 [DEBUG] TrafficAI.MQTT [app.py:1000]: Context update: speed=0.0 veh=0 ok=True
2026-02-22 18:54:22,088 [DEBUG] TrafficAI.MQTT [app.py:1000]: Context update: speed=0.0 veh=0 ok=True
2026-02-22 18:54:22,298 [DEBUG] TrafficAI.MQTT [app.py:1000]: Context update: speed=0.0 veh=0 ok=True
2026-02-22 18:54:22,298 [DEBUG] TrafficAI.MQTT [app.py:1000]: Context update: speed=0.0 veh=0 ok=True
2026-02-22 18:54:22,508 [DEBUG] TrafficAI.MQTT [app.py:1000]: Context update: speed=0.0 veh=0 ok=True
2026-02-22 18:54:22,508 [DEBUG] TrafficAI.MQTT [app.py:1000]: Context update: speed=0.0 veh=0 ok=True
2026-02-22 18:54:22,718 [DEBUG] TrafficAI.MQTT [app.py:1000]: Context update: speed=0.0 veh=0 ok=True
2026-02-22 18:54:22,718 [DEBUG] TrafficAI.MQTT [app.py:1000]: Context update: speed=0.0 veh=0 ok=True
2026-02-22 18:54:22,928 [DEBUG] TrafficAI.MQTT [app.py:1000]: Context update: speed=0.0 veh=0 ok=True
2026-02-22 18:54:22,928 [DEBUG] TrafficAI.MQTT [app.py:1000]: Context update: speed=0.0 veh=0 ok=True
2026-02-22 18:54:23,138 [DEBUG] TrafficAI.MQTT [app.py:1000]: Context update: speed=0.0 veh=0 ok=True
2026-02-22 18:54:23,139 [DEBUG] TrafficAI.MQTT [app.py:1000]: Context update: speed=0.0 veh=0 ok=True
2026-02-22 18:54:23,348 [DEBUG] TrafficAI.MQTT [app.py:1000]: Context update: speed=0.0 veh=0 ok=True
2026-02-22 18:54:23,349 [DEBUG] TrafficAI.MQTT [app.py:1000]: Context update: speed=0.0 veh=0 ok=True
2026-02-22 18:54:23,557 [DEBUG] TrafficAI.MQTT [app.py:1000]: Context update: speed=0.0 veh=0 ok=True
2026-02-22 18:54:23,558 [DEBUG] TrafficAI.MQTT [app.py:1000]: Context update: speed=0.0 veh=0 ok=True
2026-02-22 18:54:23,768 [DEBUG] TrafficAI.MQTT [app.py:1000]: Context update: speed=0.0 veh=0 ok=True
2026-02-22 18:54:23,768 [DEBUG] TrafficAI.MQTT [app.py:1000]: Context update: speed=0.0 veh=0 ok=True
2026-02-22 18:54:23,768 [DEBUG] TrafficAI.MQTT [app.py:1000]: Context update: speed=0.0 veh=0 ok=True
2026-02-22 18:54:23,978 [DEBUG] TrafficAI.MQTT [app.py:1000]: Context update: speed=0.0 veh=0 ok=True
2026-02-22 18:54:23,978 [DEBUG] TrafficAI.MQTT [app.py:1000]: Context update: speed=0.0 veh=0 ok=True
2026-02-22 18:54:24,188 [DEBUG] TrafficAI.MQTT [app.py:1000]: Context update: speed=0.0 veh=0 ok=True
2026-02-22 18:54:24,188 [DEBUG] TrafficAI.MQTT [app.py:1000]: Context update: speed=0.0 veh=0 ok=True
2026-02-22 18:54:24,398 [DEBUG] TrafficAI.MQTT [app.py:1000]: Context update: speed=0.0 veh=0 ok=True
2026-02-22 18:54:24,398 [DEBUG] TrafficAI.MQTT [app.py:1000]: Context update: speed=0.0 veh=0 ok=True
2026-02-22 18:54:24,607 [DEBUG] TrafficAI.MQTT [app.py:1000]: Context update: speed=0.0 veh=0 ok=True
2026-02-22 18:54:24,608 [DEBUG] TrafficAI.MQTT [app.py:1000]: Context update: speed=0.0 veh=0 ok=True
2026-02-22 18:54:24,818 [DEBUG] TrafficAI.MQTT [app.py:1000]: Context update: speed=0.0 veh=0 ok=True
2026-02-22 18:54:24,818 [DEBUG] TrafficAI.MQTT [app.py:1000]: Context update: speed=0.0 veh=0 ok=True
2026-02-22 18:54:25,028 [DEBUG] TrafficAI.MQTT [app.py:1000]: Context update: speed=0.0 veh=0 ok=True
2026-02-22 18:54:25,031 [DEBUG] TrafficAI.MQTT [app.py:1000]: Context update: speed=0.0 veh=0 ok=True
2026-02-22 18:54:25,238 [DEBUG] TrafficAI.MQTT [app.py:1000]: Context update: speed=0.0 veh=0 ok=True
2026-02-22 18:54:25,238 [DEBUG] TrafficAI.MQTT [app.py:1000]: Context update: speed=0.0 veh=0 ok=True
2026-02-22 18:54:25,448 [DEBUG] TrafficAI.MQTT [app.py:1000]: Context update: speed=0.0 veh=0 ok=True
2026-02-22 18:54:25,448 [DEBUG] TrafficAI.MQTT [app.py:1000]: Context update: speed=0.0 veh=0 ok=True
2026-02-22 18:54:25,658 [DEBUG] TrafficAI.MQTT [app.py:1000]: Context update: speed=0.0 veh=0 ok=True
2026-02-22 18:54:25,658 [DEBUG] TrafficAI.MQTT [app.py:1000]: Context update: speed=0.0 veh=0 ok=True
2026-02-22 18:54:25,869 [DEBUG] TrafficAI.MQTT [app.py:1000]: Context update: speed=0.0 veh=0 ok=True
2026-02-22 18:54:25,872 [DEBUG] TrafficAI.MQTT [app.py:1000]: Context update: speed=0.0 veh=0 ok=True
2026-02-22 18:54:26,080 [DEBUG] TrafficAI.MQTT [app.py:1000]: Context update: speed=0.0 veh=0 ok=True
2026-02-22 18:54:26,080 [DEBUG] TrafficAI.MQTT [app.py:1000]: Context update: speed=0.0 veh=0 ok=True
2026-02-22 18:54:26,291 [DEBUG] TrafficAI.MQTT [app.py:1000]: Context update: speed=0.0 veh=0 ok=True
2026-02-22 18:54:26,291 [DEBUG] TrafficAI.MQTT [app.py:1000]: Context update: speed=0.0 veh=0 ok=True
2026-02-22 18:54:26,500 [DEBUG] TrafficAI.MQTT [app.py:1000]: Context update: speed=0.0 veh=0 ok=True
2026-02-22 18:54:26,501 [DEBUG] TrafficAI.MQTT [app.py:1000]: Context update: speed=0.0 veh=0 ok=True
2026-02-22 18:54:26,711 [DEBUG] TrafficAI.MQTT [app.py:1000]: Context update: speed=0.0 veh=0 ok=True
2026-02-22 18:54:26,711 [DEBUG] TrafficAI.MQTT [app.py:1000]: Context update: speed=0.0 veh=0 ok=True
2026-02-22 18:54:26,922 [DEBUG] TrafficAI.MQTT [app.py:1000]: Context update: speed=0.0 veh=0 ok=True
2026-02-22 18:54:26,922 [DEBUG] TrafficAI.MQTT [app.py:1000]: Context update: speed=0.0 veh=0 ok=True
2026-02-22 18:54:27,131 [DEBUG] TrafficAI.MQTT [app.py:1000]: Context update: speed=0.0 veh=0 ok=True
2026-02-22 18:54:27,132 [DEBUG] TrafficAI.MQTT [app.py:1000]: Context update: speed=0.0 veh=0 ok=True
2026-02-22 18:54:27,369 [DEBUG] TrafficAI.MQTT [app.py:1000]: Context update: speed=0.0 veh=0 ok=True
2026-02-22 18:54:27,369 [DEBUG] TrafficAI.MQTT [app.py:1000]: Context update: speed=0.0 veh=0 ok=True
2026-02-22 18:54:27,551 [DEBUG] TrafficAI.MQTT [app.py:1000]: Context update: speed=0.0 veh=0 ok=True
2026-02-22 18:54:27,552 [DEBUG] TrafficAI.MQTT [app.py:1000]: Context update: speed=0.0 veh=0 ok=True
2026-02-22 18:54:27,760 [DEBUG] TrafficAI.MQTT [app.py:1000]: Context update: speed=0.0 veh=0 ok=True
2026-02-22 18:54:27,760 [DEBUG] TrafficAI.MQTT [app.py:1000]: Context update: speed=0.0 veh=0 ok=True
2026-02-22 18:54:27,969 [DEBUG] TrafficAI.MQTT [app.py:1000]: Context update: speed=0.0 veh=0 ok=True
2026-02-22 18:54:27,969 [DEBUG] TrafficAI.MQTT [app.py:1000]: Context update: speed=0.0 veh=0 ok=True
2026-02-22 18:54:28,179 [DEBUG] TrafficAI.MQTT [app.py:1000]: Context update: speed=0.0 veh=0 ok=True
2026-02-22 18:54:28,179 [DEBUG] TrafficAI.MQTT [app.py:1000]: Context update: speed=0.0 veh=0 ok=True
2026-02-22 18:54:28,390 [DEBUG] TrafficAI.MQTT [app.py:1000]: Context update: speed=0.0 veh=0 ok=True
2026-02-22 18:54:28,390 [DEBUG] TrafficAI.MQTT [app.py:1000]: Context update: speed=0.0 veh=0 ok=True
2026-02-22 18:54:28,600 [DEBUG] TrafficAI.MQTT [app.py:1000]: Context update: speed=0.0 veh=0 ok=True
2026-02-22 18:54:28,603 [DEBUG] TrafficAI.MQTT [app.py:1000]: Context update: speed=0.0 veh=0 ok=True
2026-02-22 18:54:28,811 [DEBUG] TrafficAI.MQTT [app.py:1000]: Context update: speed=0.0 veh=0 ok=True
2026-02-22 18:54:28,811 [DEBUG] TrafficAI.MQTT [app.py:1000]: Context update: speed=0.0 veh=0 ok=True
2026-02-22 18:54:29,024 [DEBUG] TrafficAI.MQTT [app.py:1000]: Context update: speed=0.0 veh=0 ok=True
2026-02-22 18:54:29,025 [DEBUG] TrafficAI.MQTT [app.py:1000]: Context update: speed=0.0 veh=0 ok=True
2026-02-22 18:54:29,236 [DEBUG] TrafficAI.MQTT [app.py:1000]: Context update: speed=0.0 veh=0 ok=True
2026-02-22 18:54:29,237 [DEBUG] TrafficAI.MQTT [app.py:1000]: Context update: speed=0.0 veh=0 ok=True
2026-02-22 18:54:29,441 [DEBUG] TrafficAI.MQTT [app.py:1000]: Context update: speed=0.0 veh=0 ok=True
2026-02-22 18:54:29,441 [DEBUG] TrafficAI.MQTT [app.py:1000]: Context update: speed=0.0 veh=0 ok=True
2026-02-22 18:54:29,647 [DEBUG] TrafficAI.MQTT [app.py:1000]: Context update: speed=0.0 veh=0 ok=True
2026-02-22 18:54:29,648 [DEBUG] TrafficAI.MQTT [app.py:1000]: Context update: speed=0.0 veh=0 ok=True
2026-02-22 18:54:29,872 [DEBUG] TrafficAI.MQTT [app.py:1000]: Context update: speed=0.0 veh=0 ok=True
2026-02-22 18:54:29,875 [DEBUG] TrafficAI.MQTT [app.py:1000]: Context update: speed=0.0 veh=0 ok=True
2026-02-22 18:54:30,098 [DEBUG] TrafficAI.MQTT [app.py:1000]: Context update: speed=0.0 veh=0 ok=True
2026-02-22 18:54:30,099 [DEBUG] TrafficAI.MQTT [app.py:1000]: Context update: speed=0.0 veh=0 ok=True
2026-02-22 18:54:30,265 [DEBUG] TrafficAI.MQTT [app.py:1000]: Context update: speed=0.0 veh=0 ok=True
2026-02-22 18:54:30,265 [DEBUG] TrafficAI.MQTT [app.py:1000]: Context update: speed=0.0 veh=0 ok=True
2026-02-22 18:54:30,471 [DEBUG] TrafficAI.MQTT [app.py:1000]: Context update: speed=0.0 veh=0 ok=True
2026-02-22 18:54:30,471 [DEBUG] TrafficAI.MQTT [app.py:1000]: Context update: speed=0.0 veh=0 ok=True
2026-02-22 18:54:30,685 [DEBUG] TrafficAI.MQTT [app.py:1000]: Context update: speed=0.0 veh=0 ok=True
2026-02-22 18:54:30,694 [DEBUG] TrafficAI.MQTT [app.py:1000]: Context update: speed=0.0 veh=0 ok=True
2026-02-22 18:54:30,886 [DEBUG] TrafficAI.MQTT [app.py:1000]: Context update: speed=0.0 veh=0 ok=True
2026-02-22 18:54:30,887 [DEBUG] TrafficAI.MQTT [app.py:1000]: Context update: speed=0.0 veh=0 ok=True
2026-02-22 18:54:31,089 [DEBUG] TrafficAI.MQTT [app.py:1000]: Context update: speed=0.0 veh=0 ok=True
2026-02-22 18:54:31,089 [DEBUG] TrafficAI.MQTT [app.py:1000]: Context update: speed=0.0 veh=0 ok=True
2026-02-22 18:54:31,295 [DEBUG] TrafficAI.MQTT [app.py:1000]: Context update: speed=0.0 veh=0 ok=True
2026-02-22 18:54:31,295 [DEBUG] TrafficAI.MQTT [app.py:1000]: Context update: speed=0.0 veh=0 ok=True
2026-02-22 18:54:31,501 [DEBUG] TrafficAI.MQTT [app.py:1000]: Context update: speed=0.0 veh=0 ok=True
2026-02-22 18:54:31,502 [DEBUG] TrafficAI.MQTT [app.py:1000]: Context update: speed=0.0 veh=0 ok=True
2026-02-22 18:54:31,709 [DEBUG] TrafficAI.MQTT [app.py:1000]: Context update: speed=0.0 veh=0 ok=True
2026-02-22 18:54:31,710 [DEBUG] TrafficAI.MQTT [app.py:1000]: Context update: speed=0.0 veh=0 ok=True
2026-02-22 18:54:31,916 [DEBUG] TrafficAI.MQTT [app.py:1000]: Context update: speed=0.0 veh=0 ok=True
2026-02-22 18:54:31,916 [DEBUG] TrafficAI.MQTT [app.py:1000]: Context update: speed=0.0 veh=0 ok=True
2026-02-22 18:54:32,122 [DEBUG] TrafficAI.MQTT [app.py:1000]: Context update: speed=0.0 veh=0 ok=True
2026-02-22 18:54:32,122 [DEBUG] TrafficAI.MQTT [app.py:1000]: Context update: speed=0.0 veh=0 ok=True
2026-02-22 18:54:32,329 [DEBUG] TrafficAI.MQTT [app.py:1000]: Context update: speed=0.0 veh=0 ok=True
2026-02-22 18:54:32,330 [DEBUG] TrafficAI.MQTT [app.py:1000]: Context update: speed=0.0 veh=0 ok=True
2026-02-22 18:54:32,535 [DEBUG] TrafficAI.MQTT [app.py:1000]: Context update: speed=0.0 veh=0 ok=True
2026-02-22 18:54:32,535 [DEBUG] TrafficAI.MQTT [app.py:1000]: Context update: speed=0.0 veh=0 ok=True
2026-02-22 18:54:32,741 [DEBUG] TrafficAI.MQTT [app.py:1000]: Context update: speed=0.0 veh=0 ok=True
2026-02-22 18:54:32,743 [DEBUG] TrafficAI.MQTT [app.py:1000]: Context update: speed=0.0 veh=0 ok=True
2026-02-22 18:54:32,947 [DEBUG] TrafficAI.MQTT [app.py:1000]: Context update: speed=0.0 veh=0 ok=True
2026-02-22 18:54:32,948 [DEBUG] TrafficAI.MQTT [app.py:1000]: Context update: speed=0.0 veh=0 ok=True
2026-02-22 18:54:33,153 [DEBUG] TrafficAI.MQTT [app.py:1000]: Context update: speed=0.0 veh=0 ok=True
2026-02-22 18:54:33,153 [DEBUG] TrafficAI.MQTT [app.py:1000]: Context update: speed=0.0 veh=0 ok=True
2026-02-22 18:54:33,390 [DEBUG] TrafficAI.MQTT [app.py:1000]: Context update: speed=0.0 veh=0 ok=True
2026-02-22 18:54:33,390 [DEBUG] TrafficAI.MQTT [app.py:1000]: Context update: speed=0.0 veh=0 ok=True
2026-02-22 18:54:33,565 [DEBUG] TrafficAI.MQTT [app.py:1000]: Context update: speed=0.0 veh=0 ok=True
2026-02-22 18:54:33,566 [DEBUG] TrafficAI.MQTT [app.py:1000]: Context update: speed=0.0 veh=0 ok=True
2026-02-22 18:54:33,772 [DEBUG] TrafficAI.MQTT [app.py:1000]: Context update: speed=0.0 veh=0 ok=True
2026-02-22 18:54:33,773 [DEBUG] TrafficAI.MQTT [app.py:1000]: Context update: speed=0.0 veh=0 ok=True
2026-02-22 18:54:33,979 [DEBUG] TrafficAI.MQTT [app.py:1000]: Context update: speed=0.0 veh=0 ok=True
2026-02-22 18:54:33,979 [DEBUG] TrafficAI.MQTT [app.py:1000]: Context update: speed=0.0 veh=0 ok=True
2026-02-22 18:54:34,185 [DEBUG] TrafficAI.MQTT [app.py:1000]: Context update: speed=0.0 veh=0 ok=True
2026-02-22 18:54:34,186 [DEBUG] TrafficAI.MQTT [app.py:1000]: Context update: speed=0.0 veh=0 ok=True
2026-02-22 18:54:34,394 [DEBUG] TrafficAI.MQTT [app.py:1000]: Context update: speed=0.0 veh=0 ok=True
2026-02-22 18:54:34,394 [DEBUG] TrafficAI.MQTT [app.py:1000]: Context update: speed=0.0 veh=0 ok=True
2026-02-22 18:54:34,597 [DEBUG] TrafficAI.MQTT [app.py:1000]: Context update: speed=0.0 veh=0 ok=True
2026-02-22 18:54:34,597 [DEBUG] TrafficAI.MQTT [app.py:1000]: Context update: speed=0.0 veh=0 ok=True
2026-02-22 18:54:34,804 [DEBUG] TrafficAI.MQTT [app.py:1000]: Context update: speed=0.0 veh=0 ok=True
2026-02-22 18:54:34,804 [DEBUG] TrafficAI.MQTT [app.py:1000]: Context update: speed=0.0 veh=0 ok=True
2026-02-22 18:54:35,010 [DEBUG] TrafficAI.MQTT [app.py:1000]: Context update: speed=0.0 veh=0 ok=True
2026-02-22 18:54:35,010 [DEBUG] TrafficAI.MQTT [app.py:1000]: Context update: speed=0.0 veh=0 ok=True
2026-02-22 18:54:35,216 [DEBUG] TrafficAI.MQTT [app.py:1000]: Context update: speed=0.0 veh=0 ok=True
2026-02-22 18:54:35,216 [DEBUG] TrafficAI.MQTT [app.py:1000]: Context update: speed=0.0 veh=0 ok=True
2026-02-22 18:54:35,422 [DEBUG] TrafficAI.MQTT [app.py:1000]: Context update: speed=0.0 veh=0 ok=True
2026-02-22 18:54:35,422 [DEBUG] TrafficAI.MQTT [app.py:1000]: Context update: speed=0.0 veh=0 ok=True
2026-02-22 18:54:35,628 [DEBUG] TrafficAI.MQTT [app.py:1000]: Context update: speed=0.0 veh=0 ok=True
2026-02-22 18:54:35,628 [DEBUG] TrafficAI.MQTT [app.py:1000]: Context update: speed=0.0 veh=0 ok=True
2026-02-22 18:54:35,834 [DEBUG] TrafficAI.MQTT [app.py:1000]: Context update: speed=0.0 veh=0 ok=True
2026-02-22 18:54:35,834 [DEBUG] TrafficAI.MQTT [app.py:1000]: Context update: speed=0.0 veh=0 ok=True
2026-02-22 18:54:36,040 [DEBUG] TrafficAI.MQTT [app.py:1000]: Context update: speed=0.0 veh=0 ok=True
2026-02-22 18:54:36,040 [DEBUG] TrafficAI.MQTT [app.py:1000]: Context update: speed=0.0 veh=0 ok=True
2026-02-22 18:54:36,246 [DEBUG] TrafficAI.MQTT [app.py:1000]: Context update: speed=0.0 veh=0 ok=True
2026-02-22 18:54:36,246 [DEBUG] TrafficAI.MQTT [app.py:1000]: Context update: speed=0.0 veh=0 ok=True
2026-02-22 18:54:36,452 [DEBUG] TrafficAI.MQTT [app.py:1000]: Context update: speed=0.0 veh=0 ok=True
2026-02-22 18:54:36,452 [DEBUG] TrafficAI.MQTT [app.py:1000]: Context update: speed=0.0 veh=0 ok=True
2026-02-22 18:54:36,658 [DEBUG] TrafficAI.MQTT [app.py:1000]: Context update: speed=0.0 veh=0 ok=True
2026-02-22 18:54:36,658 [DEBUG] TrafficAI.MQTT [app.py:1000]: Context update: speed=0.0 veh=0 ok=True
2026-02-22 18:54:36,864 [DEBUG] TrafficAI.MQTT [app.py:1000]: Context update: speed=0.0 veh=0 ok=True
2026-02-22 18:54:37,070 [DEBUG] TrafficAI.MQTT [app.py:1000]: Context update: speed=0.0 veh=0 ok=True
2026-02-22 18:54:37,070 [DEBUG] TrafficAI.MQTT [app.py:1000]: Context update: speed=0.0 veh=0 ok=True
2026-02-22 18:54:37,276 [DEBUG] TrafficAI.MQTT [app.py:1000]: Context update: speed=0.0 veh=0 ok=True
2026-02-22 18:54:37,277 [DEBUG] TrafficAI.MQTT [app.py:1000]: Context update: speed=0.0 veh=0 ok=True
2026-02-22 18:54:37,386 [INFO] TrafficAI.LaptopCam [app.py:244]: 🎥 Laptop camera worker starting...
2026-02-22 18:54:37,386 [INFO] TrafficAI.LaptopCam [app.py:337]: 🎥 Laptop camera started by 127.0.0.1
2026-02-22 18:54:37,482 [DEBUG] TrafficAI.MQTT [app.py:1000]: Context update: speed=0.0 veh=0 ok=True
2026-02-22 18:54:37,483 [DEBUG] TrafficAI.MQTT [app.py:1000]: Context update: speed=0.0 veh=0 ok=True
2026-02-22 18:54:37,688 [DEBUG] TrafficAI.MQTT [app.py:1000]: Context update: speed=0.0 veh=0 ok=True
2026-02-22 18:54:37,688 [DEBUG] TrafficAI.MQTT [app.py:1000]: Context update: speed=0.0 veh=0 ok=True
2026-02-22 18:54:37,893 [DEBUG] TrafficAI.MQTT [app.py:1000]: Context update: speed=0.0 veh=0 ok=True
2026-02-22 18:54:38,858 [DEBUG] TrafficAI.MQTT [app.py:1000]: Context update: speed=0.0 veh=0 ok=True
2026-02-22 18:54:39,738 [INFO] TrafficAI.LaptopCam [app.py:250]: ✅ Webcam opened 1024x768
2026-02-22 18:54:39,978 [DEBUG] TrafficAI.MQTT [app.py:1000]: Context update: speed=0.0 veh=0 ok=True
2026-02-22 18:54:40,256 [DEBUG] TrafficAI.MQTT [app.py:1000]: Context update: speed=0.0 veh=0 ok=True
2026-02-22 18:54:40,462 [DEBUG] TrafficAI.MQTT [app.py:1000]: Context update: speed=0.0 veh=0 ok=True
2026-02-22 18:54:40,669 [DEBUG] TrafficAI.MQTT [app.py:1000]: Context update: speed=0.0 veh=0 ok=True
2026-02-22 18:54:40,907 [DEBUG] TrafficAI.MQTT [app.py:1000]: Context update: speed=0.0 veh=0 ok=True
2026-02-22 18:54:41,082 [DEBUG] TrafficAI.MQTT [app.py:1000]: Context update: speed=0.0 veh=0 ok=True
2026-02-22 18:54:41,082 [DEBUG] TrafficAI.MQTT [app.py:1000]: Context update: speed=0.0 veh=0 ok=True
2026-02-22 18:54:41,287 [DEBUG] TrafficAI.MQTT [app.py:1000]: Context update: speed=0.0 veh=0 ok=True
2026-02-22 18:54:41,288 [DEBUG] TrafficAI.MQTT [app.py:1000]: Context update: speed=0.0 veh=0 ok=True
2026-02-22 18:54:41,494 [DEBUG] TrafficAI.MQTT [app.py:1000]: Context update: speed=0.0 veh=0 ok=True
2026-02-22 18:54:41,701 [DEBUG] TrafficAI.MQTT [app.py:1000]: Context update: speed=0.0 veh=0 ok=True
2026-02-22 18:54:41,866 [DEBUG] TrafficAI.Premium [app.py:1059]: Context snapshot saved
2026-02-22 18:54:41,898 [INFO] TrafficAI.Theme [app.py:806]: Theme changed: neon-active → neon-futuristic (by=auto-worker auto=True)
2026-02-22 18:54:41,920 [DEBUG] TrafficAI.MQTT [app.py:1000]: Context update: speed=0.0 veh=0 ok=True
2026-02-22 18:54:41,921 [DEBUG] TrafficAI.MQTT [app.py:1000]: Context update: speed=0.0 veh=0 ok=True
2026-02-22 18:54:42,109 [INFO] TrafficAI.Theme [app.py:1013]: MQTT remote theme update: neon-futuristic
2026-02-22 18:54:42,311 [DEBUG] TrafficAI.MQTT [app.py:1000]: Context update: speed=0.0 veh=0 ok=True
2026-02-22 18:54:42,322 [DEBUG] TrafficAI.MQTT [app.py:1000]: Context update: speed=0.0 veh=0 ok=True
2026-02-22 18:54:42,322 [DEBUG] TrafficAI.MQTT [app.py:1000]: Context update: speed=0.0 veh=0 ok=True
2026-02-22 18:54:42,529 [DEBUG] TrafficAI.MQTT [app.py:1000]: Context update: speed=0.0 veh=0 ok=True
2026-02-22 18:54:42,757 [DEBUG] TrafficAI.MQTT [app.py:1000]: Context update: speed=0.0 veh=0 ok=True
2026-02-22 18:54:42,965 [DEBUG] TrafficAI.MQTT [app.py:1000]: Context update: speed=0.0 veh=0 ok=True
2026-02-22 18:54:43,172 [DEBUG] TrafficAI.MQTT [app.py:1000]: Context update: speed=0.0 veh=0 ok=True
2026-02-22 18:54:43,379 [DEBUG] TrafficAI.MQTT [app.py:1000]: Context update: speed=0.0 veh=0 ok=True
2026-02-22 18:54:43,630 [DEBUG] TrafficAI.MQTT [app.py:1000]: Context update: speed=0.0 veh=0 ok=True
2026-02-22 18:54:43,836 [DEBUG] TrafficAI.MQTT [app.py:1000]: Context update: speed=0.0 veh=0 ok=True
2026-02-22 18:54:44,042 [DEBUG] TrafficAI.MQTT [app.py:1000]: Context update: speed=0.0 veh=0 ok=True
2026-02-22 18:54:44,275 [DEBUG] TrafficAI.MQTT [app.py:1000]: Context update: speed=0.0 veh=0 ok=True
2026-02-22 18:54:44,276 [DEBUG] TrafficAI.MQTT [app.py:1000]: Context update: speed=0.0 veh=0 ok=True
2026-02-22 18:54:44,482 [DEBUG] TrafficAI.MQTT [app.py:1000]: Context update: speed=0.0 veh=0 ok=True
2026-02-22 18:54:44,483 [DEBUG] TrafficAI.MQTT [app.py:1000]: Context update: speed=0.0 veh=0 ok=True
2026-02-22 18:54:44,688 [DEBUG] TrafficAI.MQTT [app.py:1000]: Context update: speed=0.0 veh=0 ok=True
2026-02-22 18:54:44,908 [DEBUG] TrafficAI.MQTT [app.py:1000]: Context update: speed=0.0 veh=0 ok=True
2026-02-22 18:54:45,101 [DEBUG] TrafficAI.MQTT [app.py:1000]: Context update: speed=0.0 veh=0 ok=True
2026-02-22 18:54:45,307 [DEBUG] TrafficAI.MQTT [app.py:1000]: Context update: speed=0.0 veh=0 ok=True
2026-02-22 18:54:45,514 [DEBUG] TrafficAI.MQTT [app.py:1000]: Context update: speed=0.0 veh=0 ok=True
2026-02-22 18:54:45,720 [DEBUG] TrafficAI.MQTT [app.py:1000]: Context update: speed=0.0 veh=0 ok=True
2026-02-22 18:54:45,721 [DEBUG] TrafficAI.MQTT [app.py:1000]: Context update: speed=0.0 veh=0 ok=True
2026-02-22 18:54:45,925 [DEBUG] TrafficAI.MQTT [app.py:1000]: Context update: speed=0.0 veh=0 ok=True
2026-02-22 18:54:46,133 [DEBUG] TrafficAI.MQTT [app.py:1000]: Context update: speed=0.0 veh=0 ok=True
2026-02-22 18:54:46,337 [DEBUG] TrafficAI.MQTT [app.py:1000]: Context update: speed=0.0 veh=0 ok=True
2026-02-22 18:54:46,543 [DEBUG] TrafficAI.MQTT [app.py:1000]: Context update: speed=0.0 veh=0 ok=True
2026-02-22 18:54:46,765 [DEBUG] TrafficAI.MQTT [app.py:1000]: Context update: speed=0.0 veh=0 ok=True
2026-02-22 18:54:46,955 [DEBUG] TrafficAI.MQTT [app.py:1000]: Context update: speed=0.0 veh=0 ok=True
2026-02-22 18:54:46,955 [DEBUG] TrafficAI.MQTT [app.py:1000]: Context update: speed=0.0 veh=0 ok=True
2026-02-22 18:54:47,161 [DEBUG] TrafficAI.MQTT [app.py:1000]: Context update: speed=0.0 veh=0 ok=True
2026-02-22 18:54:47,161 [DEBUG] TrafficAI.MQTT [app.py:1000]: Context update: speed=0.0 veh=0 ok=True
2026-02-22 18:54:47,413 [DEBUG] TrafficAI.MQTT [app.py:1000]: Context update: speed=0.0 veh=0 ok=True
2026-02-22 18:54:47,619 [DEBUG] TrafficAI.MQTT [app.py:1000]: Context update: speed=0.0 veh=0 ok=True
2026-02-22 18:54:47,825 [DEBUG] TrafficAI.MQTT [app.py:1000]: Context update: speed=0.0 veh=0 ok=True
2026-02-22 18:54:48,032 [DEBUG] TrafficAI.MQTT [app.py:1000]: Context update: speed=0.0 veh=0 ok=True
2026-02-22 18:54:48,238 [DEBUG] TrafficAI.MQTT [app.py:1000]: Context update: speed=0.0 veh=0 ok=True
2026-02-22 18:54:48,239 [DEBUG] TrafficAI.MQTT [app.py:1000]: Context update: speed=0.0 veh=0 ok=True
2026-02-22 18:54:48,444 [DEBUG] TrafficAI.MQTT [app.py:1000]: Context update: speed=0.0 veh=0 ok=True
2026-02-22 18:54:48,650 [DEBUG] TrafficAI.MQTT [app.py:1000]: Context update: speed=0.0 veh=0 ok=True
2026-02-22 18:54:48,856 [DEBUG] TrafficAI.MQTT [app.py:1000]: Context update: speed=0.0 veh=0 ok=True
2026-02-22 18:54:49,062 [DEBUG] TrafficAI.MQTT [app.py:1000]: Context update: speed=0.0 veh=0 ok=True
2026-02-22 18:54:49,062 [DEBUG] TrafficAI.MQTT [app.py:1000]: Context update: speed=0.0 veh=0 ok=True
2026-02-22 18:54:49,268 [DEBUG] TrafficAI.MQTT [app.py:1000]: Context update: speed=0.0 veh=0 ok=True
2026-02-22 18:54:49,268 [DEBUG] TrafficAI.MQTT [app.py:1000]: Context update: speed=0.0 veh=0 ok=True
2026-02-22 18:54:49,474 [DEBUG] TrafficAI.MQTT [app.py:1000]: Context update: speed=0.0 veh=0 ok=True
2026-02-22 18:54:49,680 [DEBUG] TrafficAI.MQTT [app.py:1000]: Context update: speed=0.0 veh=0 ok=True
2026-02-22 18:54:49,681 [DEBUG] TrafficAI.MQTT [app.py:1000]: Context update: speed=0.0 veh=0 ok=True
2026-02-22 18:54:49,886 [DEBUG] TrafficAI.MQTT [app.py:1000]: Context update: speed=0.0 veh=0 ok=True
2026-02-22 18:54:50,094 [DEBUG] TrafficAI.MQTT [app.py:1000]: Context update: speed=0.0 veh=0 ok=True
2026-02-22 18:54:50,308 [DEBUG] TrafficAI.MQTT [app.py:1000]: Context update: speed=0.0 veh=0 ok=True
2026-02-22 18:54:50,504 [DEBUG] TrafficAI.MQTT [app.py:1000]: Context update: speed=0.0 veh=0 ok=True
2026-02-22 18:54:50,710 [DEBUG] TrafficAI.MQTT [app.py:1000]: Context update: speed=0.0 veh=0 ok=True
2026-02-22 18:54:50,919 [DEBUG] TrafficAI.MQTT [app.py:1000]: Context update: speed=0.0 veh=0 ok=True
2026-02-22 18:54:51,124 [DEBUG] TrafficAI.MQTT [app.py:1000]: Context update: speed=0.0 veh=0 ok=True
2026-02-22 18:54:51,329 [DEBUG] TrafficAI.MQTT [app.py:1000]: Context update: speed=0.0 veh=0 ok=True
2026-02-22 18:54:51,330 [DEBUG] TrafficAI.MQTT [app.py:1000]: Context update: speed=0.0 veh=0 ok=True
2026-02-22 18:54:51,537 [DEBUG] TrafficAI.MQTT [app.py:1000]: Context update: speed=0.0 veh=0 ok=True
2026-02-22 18:54:51,746 [DEBUG] TrafficAI.MQTT [app.py:1000]: Context update: speed=0.0 veh=0 ok=True
2026-02-22 18:54:51,953 [DEBUG] TrafficAI.MQTT [app.py:1000]: Context update: speed=0.0 veh=0 ok=True
2026-02-22 18:54:52,159 [DEBUG] TrafficAI.MQTT [app.py:1000]: Context update: speed=0.0 veh=0 ok=True
2026-02-22 18:54:52,159 [DEBUG] TrafficAI.MQTT [app.py:1000]: Context update: speed=0.0 veh=0 ok=True
2026-02-22 18:54:52,363 [DEBUG] TrafficAI.MQTT [app.py:1000]: Context update: speed=0.0 veh=0 ok=True
2026-02-22 18:54:52,576 [DEBUG] TrafficAI.MQTT [app.py:1000]: Context update: speed=0.0 veh=0 ok=True
2026-02-22 18:54:52,775 [DEBUG] TrafficAI.MQTT [app.py:1000]: Context update: speed=0.0 veh=0 ok=True
2026-02-22 18:54:52,775 [DEBUG] TrafficAI.MQTT [app.py:1000]: Context update: speed=0.0 veh=0 ok=True
2026-02-22 18:54:52,996 [DEBUG] TrafficAI.MQTT [app.py:1000]: Context update: speed=0.0 veh=0 ok=True
2026-02-22 18:54:52,997 [DEBUG] TrafficAI.MQTT [app.py:1000]: Context update: speed=0.0 veh=0 ok=True
2026-02-22 18:54:53,188 [DEBUG] TrafficAI.MQTT [app.py:1000]: Context update: speed=0.0 veh=0 ok=True
2026-02-22 18:54:53,397 [DEBUG] TrafficAI.MQTT [app.py:1000]: Context update: speed=0.0 veh=0 ok=True
2026-02-22 18:54:53,601 [DEBUG] TrafficAI.MQTT [app.py:1000]: Context update: speed=0.0 veh=0 ok=True
2026-02-22 18:54:53,808 [DEBUG] TrafficAI.MQTT [app.py:1000]: Context update: speed=0.0 veh=0 ok=True
2026-02-22 18:54:54,014 [DEBUG] TrafficAI.MQTT [app.py:1000]: Context update: speed=0.0 veh=0 ok=True
2026-02-22 18:54:54,220 [DEBUG] TrafficAI.MQTT [app.py:1000]: Context update: speed=0.0 veh=0 ok=True
2026-02-22 18:54:54,427 [DEBUG] TrafficAI.MQTT [app.py:1000]: Context update: speed=0.0 veh=0 ok=True
2026-02-22 18:54:54,633 [DEBUG] TrafficAI.MQTT [app.py:1000]: Context update: speed=0.0 veh=0 ok=True
2026-02-22 18:54:54,838 [DEBUG] TrafficAI.MQTT [app.py:1000]: Context update: speed=0.0 veh=0 ok=True
2026-02-22 18:54:55,044 [DEBUG] TrafficAI.MQTT [app.py:1000]: Context update: speed=0.0 veh=0 ok=True
2026-02-22 18:54:55,250 [DEBUG] TrafficAI.MQTT [app.py:1000]: Context update: speed=0.0 veh=0 ok=True
2026-02-22 18:54:55,456 [DEBUG] TrafficAI.MQTT [app.py:1000]: Context update: speed=0.0 veh=0 ok=True
2026-02-22 18:54:55,456 [DEBUG] TrafficAI.MQTT [app.py:1000]: Context update: speed=0.0 veh=0 ok=True
2026-02-22 18:54:55,662 [DEBUG] TrafficAI.MQTT [app.py:1000]: Context update: speed=0.0 veh=0 ok=True
2026-02-22 18:54:55,868 [DEBUG] TrafficAI.MQTT [app.py:1000]: Context update: speed=0.0 veh=0 ok=True
2026-02-22 18:54:55,868 [DEBUG] TrafficAI.MQTT [app.py:1000]: Context update: speed=0.0 veh=0 ok=True
2026-02-22 18:54:56,075 [DEBUG] TrafficAI.MQTT [app.py:1000]: Context update: speed=0.0 veh=0 ok=True
2026-02-22 18:54:56,075 [DEBUG] TrafficAI.MQTT [app.py:1000]: Context update: speed=0.0 veh=0 ok=True
2026-02-22 18:54:56,280 [DEBUG] TrafficAI.MQTT [app.py:1000]: Context update: speed=0.0 veh=0 ok=True
2026-02-22 18:54:56,487 [DEBUG] TrafficAI.MQTT [app.py:1000]: Context update: speed=0.0 veh=0 ok=True
2026-02-22 18:54:56,698 [DEBUG] TrafficAI.MQTT [app.py:1000]: Context update: speed=0.0 veh=0 ok=True
2026-02-22 18:54:56,898 [DEBUG] TrafficAI.MQTT [app.py:1000]: Context update: speed=0.0 veh=0 ok=True
2026-02-22 18:54:57,104 [DEBUG] TrafficAI.MQTT [app.py:1000]: Context update: speed=0.0 veh=0 ok=True
2026-02-22 18:54:57,313 [DEBUG] TrafficAI.MQTT [app.py:1000]: Context update: speed=0.0 veh=0 ok=True
2026-02-22 18:54:57,519 [DEBUG] TrafficAI.MQTT [app.py:1000]: Context update: speed=0.0 veh=0 ok=True
2026-02-22 18:54:57,727 [DEBUG] TrafficAI.MQTT [app.py:1000]: Context update: speed=0.0 veh=0 ok=True
2026-02-22 18:54:57,727 [DEBUG] TrafficAI.MQTT [app.py:1000]: Context update: speed=0.0 veh=0 ok=True
2026-02-22 18:54:57,939 [DEBUG] TrafficAI.MQTT [app.py:1000]: Context update: speed=0.0 veh=0 ok=True
2026-02-22 18:54:58,141 [DEBUG] TrafficAI.MQTT [app.py:1000]: Context update: speed=0.0 veh=0 ok=True
2026-02-22 18:54:58,141 [DEBUG] TrafficAI.MQTT [app.py:1000]: Context update: speed=0.0 veh=0 ok=True
2026-02-22 18:54:58,346 [DEBUG] TrafficAI.MQTT [app.py:1000]: Context update: speed=0.0 veh=0 ok=True
2026-02-22 18:54:58,552 [DEBUG] TrafficAI.MQTT [app.py:1000]: Context update: speed=0.0 veh=0 ok=True
2026-02-22 18:54:58,758 [DEBUG] TrafficAI.MQTT [app.py:1000]: Context update: speed=0.0 veh=0 ok=True
2026-02-22 18:54:58,964 [DEBUG] TrafficAI.MQTT [app.py:1000]: Context update: speed=0.0 veh=0 ok=True
2026-02-22 18:54:59,177 [DEBUG] TrafficAI.MQTT [app.py:1000]: Context update: speed=0.0 veh=0 ok=True
2026-02-22 18:54:59,376 [DEBUG] TrafficAI.MQTT [app.py:1000]: Context update: speed=0.0 veh=0 ok=True
2026-02-22 18:54:59,584 [DEBUG] TrafficAI.MQTT [app.py:1000]: Context update: speed=0.0 veh=0 ok=True
2026-02-22 18:54:59,788 [DEBUG] TrafficAI.MQTT [app.py:1000]: Context update: speed=0.0 veh=0 ok=True
2026-02-22 18:54:59,789 [DEBUG] TrafficAI.MQTT [app.py:1000]: Context update: speed=0.0 veh=0 ok=True
2026-02-22 18:54:59,994 [DEBUG] TrafficAI.MQTT [app.py:1000]: Context update: speed=0.0 veh=0 ok=True
2026-02-22 18:55:00,200 [DEBUG] TrafficAI.MQTT [app.py:1000]: Context update: speed=0.0 veh=0 ok=True
2026-02-22 18:55:00,406 [DEBUG] TrafficAI.MQTT [app.py:1000]: Context update: speed=0.0 veh=0 ok=True
2026-02-22 18:55:00,612 [DEBUG] TrafficAI.MQTT [app.py:1000]: Context update: speed=0.0 veh=0 ok=True
2026-02-22 18:55:00,838 [DEBUG] TrafficAI.MQTT [app.py:1000]: Context update: speed=0.0 veh=0 ok=True
2026-02-22 18:55:00,839 [DEBUG] TrafficAI.MQTT [app.py:1000]: Context update: speed=0.0 veh=0 ok=True
2026-02-22 18:55:01,024 [DEBUG] TrafficAI.MQTT [app.py:1000]: Context update: speed=0.0 veh=0 ok=True
2026-02-22 18:55:01,230 [DEBUG] TrafficAI.MQTT [app.py:1000]: Context update: speed=0.0 veh=0 ok=True
2026-02-22 18:55:01,231 [DEBUG] TrafficAI.MQTT [app.py:1000]: Context update: speed=0.0 veh=0 ok=True
2026-02-22 18:55:01,438 [DEBUG] TrafficAI.MQTT [app.py:1000]: Context update: speed=0.0 veh=0 ok=True
2026-02-22 18:55:01,642 [DEBUG] TrafficAI.MQTT [app.py:1000]: Context update: speed=0.0 veh=0 ok=True
2026-02-22 18:55:01,848 [DEBUG] TrafficAI.MQTT [app.py:1000]: Context update: speed=0.0 veh=0 ok=True
2026-02-22 18:55:02,054 [DEBUG] TrafficAI.MQTT [app.py:1000]: Context update: speed=0.0 veh=0 ok=True
2026-02-22 18:55:02,260 [DEBUG] TrafficAI.MQTT [app.py:1000]: Context update: speed=0.0 veh=0 ok=True
2026-02-22 18:55:02,475 [DEBUG] TrafficAI.MQTT [app.py:1000]: Context update: speed=0.0 veh=0 ok=True
2026-02-22 18:55:02,676 [DEBUG] TrafficAI.MQTT [app.py:1000]: Context update: speed=0.0 veh=0 ok=True
2026-02-22 18:55:02,879 [DEBUG] TrafficAI.MQTT [app.py:1000]: Context update: speed=0.0 veh=0 ok=True
2026-02-22 18:55:03,084 [DEBUG] TrafficAI.MQTT [app.py:1000]: Context update: speed=0.0 veh=0 ok=True
2026-02-22 18:55:03,302 [DEBUG] TrafficAI.MQTT [app.py:1000]: Context update: speed=0.0 veh=0 ok=True
2026-02-22 18:55:03,501 [DEBUG] TrafficAI.MQTT [app.py:1000]: Context update: speed=0.0 veh=0 ok=True
2026-02-22 18:55:03,707 [DEBUG] TrafficAI.MQTT [app.py:1000]: Context update: speed=0.0 veh=0 ok=True
2026-02-22 18:55:03,707 [DEBUG] TrafficAI.MQTT [app.py:1000]: Context update: speed=0.0 veh=0 ok=True
2026-02-22 18:55:03,914 [DEBUG] TrafficAI.MQTT [app.py:1000]: Context update: speed=0.0 veh=0 ok=True
2026-02-22 18:55:04,120 [DEBUG] TrafficAI.MQTT [app.py:1000]: Context update: speed=0.0 veh=0 ok=True
2026-02-22 18:55:04,325 [DEBUG] TrafficAI.MQTT [app.py:1000]: Context update: speed=0.0 veh=0 ok=True
2026-02-22 18:55:04,535 [DEBUG] TrafficAI.MQTT [app.py:1000]: Context update: speed=0.0 veh=0 ok=True
2026-02-22 18:55:04,741 [DEBUG] TrafficAI.MQTT [app.py:1000]: Context update: speed=0.0 veh=0 ok=True
2026-02-22 18:55:04,947 [DEBUG] TrafficAI.MQTT [app.py:1000]: Context update: speed=0.0 veh=0 ok=True
2026-02-22 18:55:05,139 [INFO] TrafficAI.LaptopCam [app.py:352]: 🛑 Laptop camera stopped by 127.0.0.1
2026-02-22 18:55:05,154 [DEBUG] TrafficAI.MQTT [app.py:1000]: Context update: speed=0.0 veh=0 ok=True
2026-02-22 18:55:05,361 [DEBUG] TrafficAI.MQTT [app.py:1000]: Context update: speed=0.0 veh=0 ok=True
2026-02-22 18:55:05,691 [INFO] TrafficAI.LaptopCam [app.py:294]: 🛑 Laptop camera worker stopped
2026-02-22 18:55:06,396 [DEBUG] TrafficAI.MQTT [app.py:1000]: Context update: speed=0.0 veh=0 ok=True
2026-02-22 18:55:26,939 [INFO] TrafficAI.Theme [app.py:806]: Theme changed: neon-futuristic → neon-active (by=auto-worker auto=True)
2026-02-22 18:55:27,159 [INFO] TrafficAI.Theme [app.py:1013]: MQTT remote theme update: neon-active
2026-02-22 18:55:41,877 [DEBUG] TrafficAI.Premium [app.py:1059]: Context snapshot saved
2026-02-22 18:55:56,974 [INFO] TrafficAI.Theme [app.py:806]: Theme changed: neon-active → neon-futuristic (by=auto-worker auto=True)
2026-02-22 18:55:57,184 [INFO] TrafficAI.Theme [app.py:1013]: MQTT remote theme update: neon-futuristic
2026-02-22 18:56:27,001 [INFO] TrafficAI.Theme [app.py:806]: Theme changed: neon-futuristic → neon-active (by=auto-worker auto=True)
2026-02-22 18:56:27,217 [INFO] TrafficAI.Theme [app.py:1013]: MQTT remote theme update: neon-active
2026-02-22 18:56:41,887 [DEBUG] TrafficAI.Premium [app.py:1059]: Context snapshot saved
2026-02-22 18:56:57,028 [INFO] TrafficAI.Theme [app.py:806]: Theme changed: neon-active → neon-futuristic (by=auto-worker auto=True)
2026-02-22 18:56:57,238 [INFO] TrafficAI.Theme [app.py:1013]: MQTT remote theme update: neon-futuristic
2026-02-22 18:57:27,059 [INFO] TrafficAI.Theme [app.py:806]: Theme changed: neon-futuristic → neon-active (by=auto-worker auto=True)
2026-02-22 18:57:27,269 [INFO] TrafficAI.Theme [app.py:1013]: MQTT remote theme update: neon-active
2026-02-22 18:57:41,900 [DEBUG] TrafficAI.Premium [app.py:1059]: Context snapshot saved
2026-02-22 18:57:57,084 [INFO] TrafficAI.Theme [app.py:806]: Theme changed: neon-active → neon-futuristic (by=auto-worker auto=True)
2026-02-22 18:57:57,297 [INFO] TrafficAI.Theme [app.py:1013]: MQTT remote theme update: neon-futuristic
2026-02-22 18:58:41,909 [DEBUG] TrafficAI.Premium [app.py:1059]: Context snapshot saved
2026-02-22 18:58:42,124 [INFO] TrafficAI.Theme [app.py:806]: Theme changed: neon-futuristic → neon-active (by=auto-worker auto=True)
2026-02-22 18:58:42,334 [INFO] TrafficAI.Theme [app.py:1013]: MQTT remote theme update: neon-active
2026-02-22 18:59:12,153 [INFO] TrafficAI.Theme [app.py:806]: Theme changed: neon-active → neon-futuristic (by=auto-worker auto=True)
2026-02-22 18:59:12,363 [INFO] TrafficAI.Theme [app.py:1013]: MQTT remote theme update: neon-futuristic
2026-02-22 18:59:41,919 [DEBUG] TrafficAI.Premium [app.py:1059]: Context snapshot saved
2026-02-22 18:59:42,185 [INFO] TrafficAI.Theme [app.py:806]: Theme changed: neon-futuristic → neon-active (by=auto-worker auto=True)
2026-02-22 18:59:42,396 [INFO] TrafficAI.Theme [app.py:1013]: MQTT remote theme update: neon-active
2026-02-22 19:00:12,220 [INFO] TrafficAI.Theme [app.py:806]: Theme changed: neon-active → neon-futuristic (by=auto-worker auto=True)
2026-02-22 19:00:12,431 [INFO] TrafficAI.Theme [app.py:1013]: MQTT remote theme update: neon-futuristic
2026-02-22 19:00:41,928 [DEBUG] TrafficAI.Premium [app.py:1059]: Context snapshot saved
2026-02-22 19:00:42,252 [INFO] TrafficAI.Theme [app.py:806]: Theme changed: neon-futuristic → neon-active (by=auto-worker auto=True)
2026-02-22 19:00:42,464 [INFO] TrafficAI.Theme [app.py:1013]: MQTT remote theme update: neon-active
2026-02-22 19:01:12,280 [INFO] TrafficAI.Theme [app.py:806]: Theme changed: neon-active → neon-futuristic (by=auto-worker auto=True)
2026-02-22 19:01:12,492 [INFO] TrafficAI.Theme [app.py:1013]: MQTT remote theme update: neon-futuristic
2026-02-22 19:01:41,939 [DEBUG] TrafficAI.Premium [app.py:1059]: Context snapshot saved
2026-02-22 19:01:57,314 [INFO] TrafficAI.Theme [app.py:806]: Theme changed: neon-futuristic → neon-active (by=auto-worker auto=True)
2026-02-22 19:01:57,527 [INFO] TrafficAI.Theme [app.py:1013]: MQTT remote theme update: neon-active
2026-02-22 19:02:27,344 [INFO] TrafficAI.Theme [app.py:806]: Theme changed: neon-active → neon-futuristic (by=auto-worker auto=True)
2026-02-22 19:02:27,553 [INFO] TrafficAI.Theme [app.py:1013]: MQTT remote theme update: neon-futuristic
2026-02-22 19:02:41,950 [DEBUG] TrafficAI.Premium [app.py:1059]: Context snapshot saved
2026-02-22 19:02:57,370 [INFO] TrafficAI.Theme [app.py:806]: Theme changed: neon-futuristic → neon-active (by=auto-worker auto=True)
2026-02-22 19:02:57,616 [INFO] TrafficAI.Theme [app.py:1013]: MQTT remote theme update: neon-active
2026-02-22 19:03:27,400 [INFO] TrafficAI.Theme [app.py:806]: Theme changed: neon-active → neon-futuristic (by=auto-worker auto=True)
2026-02-22 19:03:27,642 [INFO] TrafficAI.Theme [app.py:1013]: MQTT remote theme update: neon-futuristic
2026-02-22 19:03:41,963 [DEBUG] TrafficAI.Premium [app.py:1059]: Context snapshot saved
2026-02-22 19:11:39,946 [INFO] TrafficAI.Premium [app.py:596]: ✅ DB ready: C:\Users\tuann\Downloads\WEB DEVELOPER\server\traffic_ai.db
2026-02-22 19:11:39,952 [INFO] TrafficAI.Premium [app.py:1495]: 🚀 AI Traffic Control v4.0 PREMIUM starting...
2026-02-22 19:11:39,953 [INFO] TrafficAI.Premium [app.py:619]: 🚦 Traffic cycle started
2026-02-22 19:11:40,220 [INFO] TrafficAI.MQTT [app.py:1025]: 📡 MQTT → broker.hivemq.com:1883
2026-02-22 19:11:40,222 [INFO] TrafficAI.Theme [app.py:1523]: Restored theme from DB: neon-futuristic
2026-02-22 19:11:40,432 [INFO] TrafficAI.MQTT [app.py:951]: ✅ MQTT connected broker.hivemq.com:1883
2026-02-22 19:11:49,282 [INFO] TrafficAI.Premium [app.py:1530]: 🤖 AI engine OK
2026-02-22 19:11:49,318 [INFO] TrafficAI.Premium [app.py:1537]: ✅ Premium v4.0 Ready — port 5050
2026-02-22 19:11:49,318 [INFO] TrafficAI.Premium [app.py:1538]:    Log dir:  C:\Users\tuann\Downloads\WEB DEVELOPER\server\logs
2026-02-22 19:11:49,319 [INFO] TrafficAI.Premium [app.py:1539]:    DB path:  C:\Users\tuann\Downloads\WEB DEVELOPER\server\traffic_ai.db
2026-02-22 19:11:49,319 [INFO] TrafficAI.Premium [app.py:1540]:    Theme:    neon-futuristic
2026-02-22 19:11:49,319 [INFO] TrafficAI.Premium [app.py:1541]:    MQTT:     broker.hivemq.com:1883
2026-02-22 19:11:49,319 [INFO] TrafficAI.Premium [app.py:1542]:    TB host:  http://localhost:8080 (no token)
2026-02-22 19:11:50,839 [DEBUG] TrafficAI.MQTT [app.py:1000]: Context update: speed=0.0 veh=0 ok=True
2026-02-22 19:11:51,046 [DEBUG] TrafficAI.MQTT [app.py:1000]: Context update: speed=0.0 veh=0 ok=True
2026-02-22 19:11:51,047 [DEBUG] TrafficAI.MQTT [app.py:1000]: Context update: speed=0.0 veh=0 ok=True
2026-02-22 19:11:51,253 [DEBUG] TrafficAI.MQTT [app.py:1000]: Context update: speed=0.0 veh=0 ok=True
2026-02-22 19:11:51,253 [DEBUG] TrafficAI.MQTT [app.py:1000]: Context update: speed=0.0 veh=0 ok=True
2026-02-22 19:11:51,254 [DEBUG] TrafficAI.MQTT [app.py:1000]: Context update: speed=0.0 veh=0 ok=True
2026-02-22 19:11:51,483 [DEBUG] TrafficAI.MQTT [app.py:1000]: Context update: speed=0.0 veh=0 ok=True
2026-02-22 19:11:51,485 [DEBUG] TrafficAI.MQTT [app.py:1000]: Context update: speed=0.0 veh=0 ok=True
2026-02-22 19:11:51,668 [DEBUG] TrafficAI.MQTT [app.py:1000]: Context update: speed=0.0 veh=0 ok=True
2026-02-22 19:11:51,668 [DEBUG] TrafficAI.MQTT [app.py:1000]: Context update: speed=0.0 veh=0 ok=True
2026-02-22 19:11:51,876 [DEBUG] TrafficAI.MQTT [app.py:1000]: Context update: speed=0.0 veh=0 ok=True
2026-02-22 19:11:51,876 [DEBUG] TrafficAI.MQTT [app.py:1000]: Context update: speed=0.0 veh=0 ok=True
2026-02-22 19:11:52,084 [DEBUG] TrafficAI.MQTT [app.py:1000]: Context update: speed=0.0 veh=0 ok=True
2026-02-22 19:11:52,084 [DEBUG] TrafficAI.MQTT [app.py:1000]: Context update: speed=0.0 veh=0 ok=True
2026-02-22 19:11:52,292 [DEBUG] TrafficAI.MQTT [app.py:1000]: Context update: speed=0.0 veh=0 ok=True
2026-02-22 19:11:52,292 [DEBUG] TrafficAI.MQTT [app.py:1000]: Context update: speed=0.0 veh=0 ok=True
2026-02-22 19:11:52,498 [DEBUG] TrafficAI.MQTT [app.py:1000]: Context update: speed=0.0 veh=0 ok=True
2026-02-22 19:11:52,499 [DEBUG] TrafficAI.MQTT [app.py:1000]: Context update: speed=0.0 veh=0 ok=True
2026-02-22 19:11:52,705 [DEBUG] TrafficAI.MQTT [app.py:1000]: Context update: speed=0.0 veh=0 ok=True
2026-02-22 19:11:52,705 [DEBUG] TrafficAI.MQTT [app.py:1000]: Context update: speed=0.0 veh=0 ok=True
2026-02-22 19:11:52,912 [DEBUG] TrafficAI.MQTT [app.py:1000]: Context update: speed=0.0 veh=0 ok=True
2026-02-22 19:11:52,912 [DEBUG] TrafficAI.MQTT [app.py:1000]: Context update: speed=0.0 veh=0 ok=True
2026-02-22 19:11:53,132 [DEBUG] TrafficAI.MQTT [app.py:1000]: Context update: speed=0.0 veh=0 ok=True
2026-02-22 19:11:53,132 [DEBUG] TrafficAI.MQTT [app.py:1000]: Context update: speed=0.0 veh=0 ok=True
2026-02-22 19:11:53,326 [DEBUG] TrafficAI.MQTT [app.py:1000]: Context update: speed=0.0 veh=0 ok=True
2026-02-22 19:11:53,326 [DEBUG] TrafficAI.MQTT [app.py:1000]: Context update: speed=0.0 veh=0 ok=True
2026-02-22 19:11:53,533 [DEBUG] TrafficAI.MQTT [app.py:1000]: Context update: speed=0.0 veh=0 ok=True
2026-02-22 19:11:53,533 [DEBUG] TrafficAI.MQTT [app.py:1000]: Context update: speed=0.0 veh=0 ok=True
2026-02-22 19:11:53,739 [DEBUG] TrafficAI.MQTT [app.py:1000]: Context update: speed=0.0 veh=0 ok=True
2026-02-22 19:11:53,739 [DEBUG] TrafficAI.MQTT [app.py:1000]: Context update: speed=0.0 veh=0 ok=True
2026-02-22 19:11:53,739 [DEBUG] TrafficAI.MQTT [app.py:1000]: Context update: speed=0.0 veh=0 ok=True
2026-02-22 19:11:53,959 [DEBUG] TrafficAI.MQTT [app.py:1000]: Context update: speed=0.0 veh=0 ok=True
2026-02-22 19:11:53,960 [DEBUG] TrafficAI.MQTT [app.py:1000]: Context update: speed=0.0 veh=0 ok=True
2026-02-22 19:11:54,165 [DEBUG] TrafficAI.MQTT [app.py:1000]: Context update: speed=0.0 veh=0 ok=True
2026-02-22 19:11:54,165 [DEBUG] TrafficAI.MQTT [app.py:1000]: Context update: speed=0.0 veh=0 ok=True
2026-02-22 19:11:54,373 [DEBUG] TrafficAI.MQTT [app.py:1000]: Context update: speed=0.0 veh=0 ok=True
2026-02-22 19:11:54,373 [DEBUG] TrafficAI.MQTT [app.py:1000]: Context update: speed=0.0 veh=0 ok=True
2026-02-22 19:11:54,579 [DEBUG] TrafficAI.MQTT [app.py:1000]: Context update: speed=0.0 veh=0 ok=True
2026-02-22 19:11:54,580 [DEBUG] TrafficAI.MQTT [app.py:1000]: Context update: speed=0.0 veh=0 ok=True
2026-02-22 19:11:54,787 [DEBUG] TrafficAI.MQTT [app.py:1000]: Context update: speed=0.0 veh=0 ok=True
2026-02-22 19:11:54,787 [DEBUG] TrafficAI.MQTT [app.py:1000]: Context update: speed=0.0 veh=0 ok=True
2026-02-22 19:11:55,002 [DEBUG] TrafficAI.MQTT [app.py:1000]: Context update: speed=0.0 veh=0 ok=True
2026-02-22 19:11:55,003 [DEBUG] TrafficAI.MQTT [app.py:1000]: Context update: speed=0.0 veh=0 ok=True
2026-02-22 19:11:55,209 [DEBUG] TrafficAI.MQTT [app.py:1000]: Context update: speed=0.0 veh=0 ok=True
2026-02-22 19:11:55,209 [DEBUG] TrafficAI.MQTT [app.py:1000]: Context update: speed=0.0 veh=0 ok=True
2026-02-22 19:11:55,417 [DEBUG] TrafficAI.MQTT [app.py:1000]: Context update: speed=0.0 veh=0 ok=True
2026-02-22 19:11:55,418 [DEBUG] TrafficAI.MQTT [app.py:1000]: Context update: speed=0.0 veh=0 ok=True
2026-02-22 19:11:55,639 [DEBUG] TrafficAI.MQTT [app.py:1000]: Context update: speed=0.0 veh=0 ok=True
2026-02-22 19:11:55,639 [DEBUG] TrafficAI.MQTT [app.py:1000]: Context update: speed=0.0 veh=0 ok=True
2026-02-22 19:11:55,831 [DEBUG] TrafficAI.MQTT [app.py:1000]: Context update: speed=0.0 veh=0 ok=True
2026-02-22 19:11:55,831 [DEBUG] TrafficAI.MQTT [app.py:1000]: Context update: speed=0.0 veh=0 ok=True
2026-02-22 19:11:56,069 [DEBUG] TrafficAI.MQTT [app.py:1000]: Context update: speed=0.0 veh=0 ok=True
2026-02-22 19:11:56,069 [DEBUG] TrafficAI.MQTT [app.py:1000]: Context update: speed=0.0 veh=0 ok=True
2026-02-22 19:11:56,069 [DEBUG] TrafficAI.MQTT [app.py:1000]: Context update: speed=0.0 veh=0 ok=True
2026-02-22 19:11:56,246 [DEBUG] TrafficAI.MQTT [app.py:1000]: Context update: speed=0.0 veh=0 ok=True
2026-02-22 19:11:56,246 [DEBUG] TrafficAI.MQTT [app.py:1000]: Context update: speed=0.0 veh=0 ok=True
2026-02-22 19:11:56,453 [DEBUG] TrafficAI.MQTT [app.py:1000]: Context update: speed=0.0 veh=0 ok=True
2026-02-22 19:11:56,454 [DEBUG] TrafficAI.MQTT [app.py:1000]: Context update: speed=0.0 veh=0 ok=True
2026-02-22 19:11:56,660 [DEBUG] TrafficAI.MQTT [app.py:1000]: Context update: speed=0.0 veh=0 ok=True
2026-02-22 19:11:56,660 [DEBUG] TrafficAI.MQTT [app.py:1000]: Context update: speed=0.0 veh=0 ok=True
2026-02-22 19:11:56,867 [DEBUG] TrafficAI.MQTT [app.py:1000]: Context update: speed=0.0 veh=0 ok=True
2026-02-22 19:11:56,867 [DEBUG] TrafficAI.MQTT [app.py:1000]: Context update: speed=0.0 veh=0 ok=True
2026-02-22 19:11:57,073 [DEBUG] TrafficAI.MQTT [app.py:1000]: Context update: speed=0.0 veh=0 ok=True
2026-02-22 19:11:57,073 [DEBUG] TrafficAI.MQTT [app.py:1000]: Context update: speed=0.0 veh=0 ok=True
2026-02-22 19:11:57,280 [DEBUG] TrafficAI.MQTT [app.py:1000]: Context update: speed=0.0 veh=0 ok=True
2026-02-22 19:11:57,280 [DEBUG] TrafficAI.MQTT [app.py:1000]: Context update: speed=0.0 veh=0 ok=True
2026-02-22 19:11:57,487 [DEBUG] TrafficAI.MQTT [app.py:1000]: Context update: speed=0.0 veh=0 ok=True
2026-02-22 19:11:57,487 [DEBUG] TrafficAI.MQTT [app.py:1000]: Context update: speed=0.0 veh=0 ok=True
2026-02-22 19:11:57,695 [DEBUG] TrafficAI.MQTT [app.py:1000]: Context update: speed=0.0 veh=0 ok=True
2026-02-22 19:11:57,695 [DEBUG] TrafficAI.MQTT [app.py:1000]: Context update: speed=0.0 veh=0 ok=True
2026-02-22 19:11:57,902 [DEBUG] TrafficAI.MQTT [app.py:1000]: Context update: speed=0.0 veh=0 ok=True
2026-02-22 19:11:58,107 [DEBUG] TrafficAI.MQTT [app.py:1000]: Context update: speed=0.0 veh=0 ok=True
2026-02-22 19:11:58,108 [DEBUG] TrafficAI.MQTT [app.py:1000]: Context update: speed=0.0 veh=0 ok=True
2026-02-22 19:11:58,289 [WARNING] TrafficAI.Theme [app.py:462]: Invalid theme access from 127.0.0.1 (no valid token)
2026-02-22 19:11:58,334 [DEBUG] TrafficAI.MQTT [app.py:1000]: Context update: speed=0.0 veh=0 ok=True
2026-02-22 19:11:58,335 [DEBUG] TrafficAI.MQTT [app.py:1000]: Context update: speed=0.0 veh=0 ok=True
2026-02-22 19:11:58,377 [WARNING] TrafficAI.API [app.py:447]: Unauthorized access to /api/bootstrap from 127.0.0.1
2026-02-22 19:11:58,526 [DEBUG] TrafficAI.MQTT [app.py:1000]: Context update: speed=0.0 veh=0 ok=True
2026-02-22 19:11:58,527 [DEBUG] TrafficAI.MQTT [app.py:1000]: Context update: speed=0.0 veh=0 ok=True
2026-02-22 19:11:58,729 [DEBUG] TrafficAI.MQTT [app.py:1000]: Context update: speed=0.0 veh=0 ok=True
2026-02-22 19:11:58,729 [DEBUG] TrafficAI.MQTT [app.py:1000]: Context update: speed=0.0 veh=0 ok=True
2026-02-22 19:11:58,935 [DEBUG] TrafficAI.MQTT [app.py:1000]: Context update: speed=0.0 veh=0 ok=True
2026-02-22 19:11:58,935 [DEBUG] TrafficAI.MQTT [app.py:1000]: Context update: speed=0.0 veh=0 ok=True
2026-02-22 19:11:59,146 [DEBUG] TrafficAI.MQTT [app.py:1000]: Context update: speed=0.0 veh=0 ok=True
2026-02-22 19:11:59,352 [DEBUG] TrafficAI.MQTT [app.py:1000]: Context update: speed=0.0 veh=0 ok=True
2026-02-22 19:11:59,352 [DEBUG] TrafficAI.MQTT [app.py:1000]: Context update: speed=0.0 veh=0 ok=True
2026-02-22 19:11:59,354 [DEBUG] TrafficAI.API [app.py:1425]: 404 Not Found: /favicon.ico
2026-02-22 19:11:59,557 [DEBUG] TrafficAI.MQTT [app.py:1000]: Context update: speed=0.0 veh=0 ok=True
2026-02-22 19:11:59,558 [DEBUG] TrafficAI.MQTT [app.py:1000]: Context update: speed=0.0 veh=0 ok=True
2026-02-22 19:11:59,764 [DEBUG] TrafficAI.MQTT [app.py:1000]: Context update: speed=0.0 veh=0 ok=True
2026-02-22 19:11:59,764 [DEBUG] TrafficAI.MQTT [app.py:1000]: Context update: speed=0.0 veh=0 ok=True
2026-02-22 19:11:59,969 [DEBUG] TrafficAI.MQTT [app.py:1000]: Context update: speed=0.0 veh=0 ok=True
2026-02-22 19:11:59,970 [DEBUG] TrafficAI.MQTT [app.py:1000]: Context update: speed=0.0 veh=0 ok=True
2026-02-22 19:12:00,176 [DEBUG] TrafficAI.MQTT [app.py:1000]: Context update: speed=0.0 veh=0 ok=True
2026-02-22 19:12:00,177 [DEBUG] TrafficAI.MQTT [app.py:1000]: Context update: speed=0.0 veh=0 ok=True
2026-02-22 19:12:00,383 [DEBUG] TrafficAI.MQTT [app.py:1000]: Context update: speed=0.0 veh=0 ok=True
2026-02-22 19:12:00,589 [DEBUG] TrafficAI.MQTT [app.py:1000]: Context update: speed=0.0 veh=0 ok=True
2026-02-22 19:12:00,589 [DEBUG] TrafficAI.MQTT [app.py:1000]: Context update: speed=0.0 veh=0 ok=True
2026-02-22 19:12:00,797 [DEBUG] TrafficAI.MQTT [app.py:1000]: Context update: speed=0.0 veh=0 ok=True
2026-02-22 19:12:01,003 [DEBUG] TrafficAI.MQTT [app.py:1000]: Context update: speed=0.0 veh=0 ok=True
2026-02-22 19:12:01,004 [DEBUG] TrafficAI.MQTT [app.py:1000]: Context update: speed=0.0 veh=0 ok=True
2026-02-22 19:12:01,210 [DEBUG] TrafficAI.MQTT [app.py:1000]: Context update: speed=0.0 veh=0 ok=True
2026-02-22 19:12:01,211 [DEBUG] TrafficAI.MQTT [app.py:1000]: Context update: speed=0.0 veh=0 ok=True
2026-02-22 19:12:01,417 [DEBUG] TrafficAI.MQTT [app.py:1000]: Context update: speed=0.0 veh=0 ok=True
2026-02-22 19:12:01,418 [DEBUG] TrafficAI.MQTT [app.py:1000]: Context update: speed=0.0 veh=0 ok=True
2026-02-22 19:12:01,626 [DEBUG] TrafficAI.MQTT [app.py:1000]: Context update: speed=0.0 veh=0 ok=True
2026-02-22 19:12:01,626 [DEBUG] TrafficAI.MQTT [app.py:1000]: Context update: speed=0.0 veh=0 ok=True
2026-02-22 19:12:01,839 [DEBUG] TrafficAI.MQTT [app.py:1000]: Context update: speed=0.0 veh=0 ok=True
2026-02-22 19:12:01,839 [DEBUG] TrafficAI.MQTT [app.py:1000]: Context update: speed=0.0 veh=0 ok=True
2026-02-22 19:12:02,039 [DEBUG] TrafficAI.MQTT [app.py:1000]: Context update: speed=0.0 veh=0 ok=True
2026-02-22 19:12:02,040 [DEBUG] TrafficAI.MQTT [app.py:1000]: Context update: speed=0.0 veh=0 ok=True
2026-02-22 19:12:02,247 [DEBUG] TrafficAI.MQTT [app.py:1000]: Context update: speed=0.0 veh=0 ok=True
2026-02-22 19:12:02,247 [DEBUG] TrafficAI.MQTT [app.py:1000]: Context update: speed=0.0 veh=0 ok=True
2026-02-22 19:12:02,484 [DEBUG] TrafficAI.MQTT [app.py:1000]: Context update: speed=0.0 veh=0 ok=True
2026-02-22 19:12:02,488 [DEBUG] TrafficAI.MQTT [app.py:1000]: Context update: speed=0.0 veh=0 ok=True
2026-02-22 19:12:02,661 [DEBUG] TrafficAI.MQTT [app.py:1000]: Context update: speed=0.0 veh=0 ok=True
2026-02-22 19:12:02,661 [DEBUG] TrafficAI.MQTT [app.py:1000]: Context update: speed=0.0 veh=0 ok=True
2026-02-22 19:12:02,869 [DEBUG] TrafficAI.MQTT [app.py:1000]: Context update: speed=0.0 veh=0 ok=True
2026-02-22 19:12:02,869 [DEBUG] TrafficAI.MQTT [app.py:1000]: Context update: speed=0.0 veh=0 ok=True
2026-02-22 19:12:03,079 [DEBUG] TrafficAI.MQTT [app.py:1000]: Context update: speed=0.0 veh=0 ok=True
2026-02-22 19:12:03,082 [DEBUG] TrafficAI.MQTT [app.py:1000]: Context update: speed=0.0 veh=0 ok=True
2026-02-22 19:12:03,282 [DEBUG] TrafficAI.MQTT [app.py:1000]: Context update: speed=0.0 veh=0 ok=True
2026-02-22 19:12:03,282 [DEBUG] TrafficAI.MQTT [app.py:1000]: Context update: speed=0.0 veh=0 ok=True
2026-02-22 19:12:03,512 [DEBUG] TrafficAI.MQTT [app.py:1000]: Context update: speed=0.0 veh=0 ok=True
2026-02-22 19:12:03,512 [DEBUG] TrafficAI.MQTT [app.py:1000]: Context update: speed=0.0 veh=0 ok=True
2026-02-22 19:12:03,512 [DEBUG] TrafficAI.MQTT [app.py:1000]: Context update: speed=0.0 veh=0 ok=True
2026-02-22 19:12:03,697 [DEBUG] TrafficAI.MQTT [app.py:1000]: Context update: speed=0.0 veh=0 ok=True
2026-02-22 19:12:03,698 [DEBUG] TrafficAI.MQTT [app.py:1000]: Context update: speed=0.0 veh=0 ok=True
2026-02-22 19:12:03,904 [DEBUG] TrafficAI.MQTT [app.py:1000]: Context update: speed=0.0 veh=0 ok=True
2026-02-22 19:12:03,904 [DEBUG] TrafficAI.MQTT [app.py:1000]: Context update: speed=0.0 veh=0 ok=True
2026-02-22 19:12:04,110 [DEBUG] TrafficAI.MQTT [app.py:1000]: Context update: speed=0.0 veh=0 ok=True
2026-02-22 19:12:04,110 [DEBUG] TrafficAI.MQTT [app.py:1000]: Context update: speed=0.0 veh=0 ok=True
2026-02-22 19:12:04,318 [DEBUG] TrafficAI.MQTT [app.py:1000]: Context update: speed=0.0 veh=0 ok=True
2026-02-22 19:12:04,318 [DEBUG] TrafficAI.MQTT [app.py:1000]: Context update: speed=0.0 veh=0 ok=True
2026-02-22 19:12:04,524 [DEBUG] TrafficAI.MQTT [app.py:1000]: Context update: speed=0.0 veh=0 ok=True
2026-02-22 19:12:04,524 [DEBUG] TrafficAI.MQTT [app.py:1000]: Context update: speed=0.0 veh=0 ok=True
2026-02-22 19:12:04,731 [DEBUG] TrafficAI.MQTT [app.py:1000]: Context update: speed=0.0 veh=0 ok=True
2026-02-22 19:12:04,732 [DEBUG] TrafficAI.MQTT [app.py:1000]: Context update: speed=0.0 veh=0 ok=True
2026-02-22 19:12:04,938 [DEBUG] TrafficAI.MQTT [app.py:1000]: Context update: speed=0.0 veh=0 ok=True
2026-02-22 19:12:04,938 [DEBUG] TrafficAI.MQTT [app.py:1000]: Context update: speed=0.0 veh=0 ok=True
2026-02-22 19:12:05,145 [DEBUG] TrafficAI.MQTT [app.py:1000]: Context update: speed=0.0 veh=0 ok=True
2026-02-22 19:12:05,145 [DEBUG] TrafficAI.MQTT [app.py:1000]: Context update: speed=0.0 veh=0 ok=True
2026-02-22 19:12:05,354 [DEBUG] TrafficAI.MQTT [app.py:1000]: Context update: speed=0.0 veh=0 ok=True
2026-02-22 19:12:05,355 [DEBUG] TrafficAI.MQTT [app.py:1000]: Context update: speed=0.0 veh=0 ok=True
2026-02-22 19:12:05,558 [DEBUG] TrafficAI.MQTT [app.py:1000]: Context update: speed=0.0 veh=0 ok=True
2026-02-22 19:12:05,558 [DEBUG] TrafficAI.MQTT [app.py:1000]: Context update: speed=0.0 veh=0 ok=True
2026-02-22 19:12:05,765 [DEBUG] TrafficAI.MQTT [app.py:1000]: Context update: speed=0.0 veh=0 ok=True
2026-02-22 19:12:05,765 [DEBUG] TrafficAI.MQTT [app.py:1000]: Context update: speed=0.0 veh=0 ok=True
2026-02-22 19:12:05,971 [DEBUG] TrafficAI.MQTT [app.py:1000]: Context update: speed=0.0 veh=0 ok=True
2026-02-22 19:12:05,972 [DEBUG] TrafficAI.MQTT [app.py:1000]: Context update: speed=0.0 veh=0 ok=True
2026-02-22 19:12:06,189 [DEBUG] TrafficAI.MQTT [app.py:1000]: Context update: speed=0.0 veh=0 ok=True
2026-02-22 19:12:06,189 [DEBUG] TrafficAI.MQTT [app.py:1000]: Context update: speed=0.0 veh=0 ok=True
2026-02-22 19:12:06,385 [DEBUG] TrafficAI.MQTT [app.py:1000]: Context update: speed=0.0 veh=0 ok=True
2026-02-22 19:12:06,386 [DEBUG] TrafficAI.MQTT [app.py:1000]: Context update: speed=0.0 veh=0 ok=True
2026-02-22 19:12:06,593 [DEBUG] TrafficAI.MQTT [app.py:1000]: Context update: speed=0.0 veh=0 ok=True
2026-02-22 19:12:06,594 [DEBUG] TrafficAI.MQTT [app.py:1000]: Context update: speed=0.0 veh=0 ok=True
2026-02-22 19:12:06,800 [DEBUG] TrafficAI.MQTT [app.py:1000]: Context update: speed=0.0 veh=0 ok=True
2026-02-22 19:12:06,800 [DEBUG] TrafficAI.MQTT [app.py:1000]: Context update: speed=0.0 veh=0 ok=True
2026-02-22 19:12:07,006 [DEBUG] TrafficAI.MQTT [app.py:1000]: Context update: speed=0.0 veh=0 ok=True
2026-02-22 19:12:07,006 [DEBUG] TrafficAI.MQTT [app.py:1000]: Context update: speed=0.0 veh=0 ok=True
2026-02-22 19:12:07,214 [DEBUG] TrafficAI.MQTT [app.py:1000]: Context update: speed=0.0 veh=0 ok=True
2026-02-22 19:12:07,215 [DEBUG] TrafficAI.MQTT [app.py:1000]: Context update: speed=0.0 veh=0 ok=True
2026-02-22 19:12:07,422 [DEBUG] TrafficAI.MQTT [app.py:1000]: Context update: speed=0.0 veh=0 ok=True
2026-02-22 19:12:07,422 [DEBUG] TrafficAI.MQTT [app.py:1000]: Context update: speed=0.0 veh=0 ok=True
2026-02-22 19:12:07,628 [DEBUG] TrafficAI.MQTT [app.py:1000]: Context update: speed=0.0 veh=0 ok=True
2026-02-22 19:12:07,628 [DEBUG] TrafficAI.MQTT [app.py:1000]: Context update: speed=0.0 veh=0 ok=True
2026-02-22 19:12:07,857 [DEBUG] TrafficAI.MQTT [app.py:1000]: Context update: speed=0.0 veh=0 ok=True
2026-02-22 19:12:07,858 [DEBUG] TrafficAI.MQTT [app.py:1000]: Context update: speed=0.0 veh=0 ok=True
2026-02-22 19:12:08,044 [DEBUG] TrafficAI.MQTT [app.py:1000]: Context update: speed=0.0 veh=0 ok=True
2026-02-22 19:12:08,045 [DEBUG] TrafficAI.MQTT [app.py:1000]: Context update: speed=0.0 veh=0 ok=True
2026-02-22 19:12:08,252 [DEBUG] TrafficAI.MQTT [app.py:1000]: Context update: speed=0.0 veh=0 ok=True
2026-02-22 19:12:08,253 [DEBUG] TrafficAI.MQTT [app.py:1000]: Context update: speed=0.0 veh=0 ok=True
2026-02-22 19:12:08,458 [DEBUG] TrafficAI.MQTT [app.py:1000]: Context update: speed=0.0 veh=0 ok=True
2026-02-22 19:12:08,459 [DEBUG] TrafficAI.MQTT [app.py:1000]: Context update: speed=0.0 veh=0 ok=True
2026-02-22 19:12:08,674 [DEBUG] TrafficAI.MQTT [app.py:1000]: Context update: speed=0.0 veh=0 ok=True
2026-02-22 19:12:08,675 [DEBUG] TrafficAI.MQTT [app.py:1000]: Context update: speed=0.0 veh=0 ok=True
2026-02-22 19:12:08,874 [DEBUG] TrafficAI.MQTT [app.py:1000]: Context update: speed=0.0 veh=0 ok=True
2026-02-22 19:12:08,874 [DEBUG] TrafficAI.MQTT [app.py:1000]: Context update: speed=0.0 veh=0 ok=True
2026-02-22 19:12:09,081 [DEBUG] TrafficAI.MQTT [app.py:1000]: Context update: speed=0.0 veh=0 ok=True
2026-02-22 19:12:09,081 [DEBUG] TrafficAI.MQTT [app.py:1000]: Context update: speed=0.0 veh=0 ok=True
2026-02-22 19:12:09,287 [DEBUG] TrafficAI.MQTT [app.py:1000]: Context update: speed=0.0 veh=0 ok=True
2026-02-22 19:12:09,288 [DEBUG] TrafficAI.MQTT [app.py:1000]: Context update: speed=0.0 veh=0 ok=True
2026-02-22 19:12:09,496 [DEBUG] TrafficAI.MQTT [app.py:1000]: Context update: speed=0.0 veh=0 ok=True
2026-02-22 19:12:09,497 [DEBUG] TrafficAI.MQTT [app.py:1000]: Context update: speed=0.0 veh=0 ok=True
2026-02-22 19:12:09,963 [INFO] TrafficAI.Theme [app.py:806]: Theme changed: neon-futuristic → neon-active (by=auto-worker auto=True)
2026-02-22 19:12:10,552 [DEBUG] TrafficAI.MQTT [app.py:1000]: Context update: speed=0.0 veh=0 ok=True
2026-02-22 19:12:10,579 [DEBUG] TrafficAI.MQTT [app.py:1000]: Context update: speed=0.0 veh=0 ok=True
2026-02-22 19:12:10,579 [DEBUG] TrafficAI.MQTT [app.py:1000]: Context update: speed=0.0 veh=0 ok=True
2026-02-22 19:12:10,580 [DEBUG] TrafficAI.MQTT [app.py:1000]: Context update: speed=0.0 veh=0 ok=True
2026-02-22 19:12:10,580 [DEBUG] TrafficAI.MQTT [app.py:1000]: Context update: speed=0.0 veh=0 ok=True
2026-02-22 19:12:10,581 [DEBUG] TrafficAI.MQTT [app.py:1000]: Context update: speed=0.0 veh=0 ok=True
2026-02-22 19:12:10,581 [DEBUG] TrafficAI.MQTT [app.py:1000]: Context update: speed=0.0 veh=0 ok=True
2026-02-22 19:12:10,581 [DEBUG] TrafficAI.MQTT [app.py:1000]: Context update: speed=0.0 veh=0 ok=True
2026-02-22 19:12:10,581 [DEBUG] TrafficAI.MQTT [app.py:1000]: Context update: speed=0.0 veh=0 ok=True
2026-02-22 19:12:10,588 [INFO] TrafficAI.Theme [app.py:1013]: MQTT remote theme update: neon-active
2026-02-22 19:12:10,801 [DEBUG] TrafficAI.MQTT [app.py:1000]: Context update: speed=0.0 veh=0 ok=True
2026-02-22 19:12:10,801 [DEBUG] TrafficAI.MQTT [app.py:1000]: Context update: speed=0.0 veh=0 ok=True
2026-02-22 19:12:10,945 [DEBUG] TrafficAI.MQTT [app.py:1000]: Context update: speed=0.0 veh=0 ok=True
2026-02-22 19:12:10,945 [DEBUG] TrafficAI.MQTT [app.py:1000]: Context update: speed=0.0 veh=0 ok=True
2026-02-22 19:12:11,156 [DEBUG] TrafficAI.MQTT [app.py:1000]: Context update: speed=0.0 veh=0 ok=True
2026-02-22 19:12:11,157 [DEBUG] TrafficAI.MQTT [app.py:1000]: Context update: speed=0.0 veh=0 ok=True
2026-02-22 19:12:11,359 [DEBUG] TrafficAI.MQTT [app.py:1000]: Context update: speed=0.0 veh=0 ok=True
2026-02-22 19:12:11,360 [DEBUG] TrafficAI.MQTT [app.py:1000]: Context update: speed=0.0 veh=0 ok=True
2026-02-22 19:12:11,568 [DEBUG] TrafficAI.MQTT [app.py:1000]: Context update: speed=0.0 veh=0 ok=True
2026-02-22 19:12:11,569 [DEBUG] TrafficAI.MQTT [app.py:1000]: Context update: speed=0.0 veh=0 ok=True
2026-02-22 19:12:11,778 [DEBUG] TrafficAI.MQTT [app.py:1000]: Context update: speed=0.0 veh=0 ok=True
2026-02-22 19:12:11,778 [DEBUG] TrafficAI.MQTT [app.py:1000]: Context update: speed=0.0 veh=0 ok=True
2026-02-22 19:12:11,985 [DEBUG] TrafficAI.MQTT [app.py:1000]: Context update: speed=0.0 veh=0 ok=True
2026-02-22 19:12:11,985 [DEBUG] TrafficAI.MQTT [app.py:1000]: Context update: speed=0.0 veh=0 ok=True
2026-02-22 19:12:12,194 [DEBUG] TrafficAI.MQTT [app.py:1000]: Context update: speed=0.0 veh=0 ok=True
2026-02-22 19:12:12,195 [DEBUG] TrafficAI.MQTT [app.py:1000]: Context update: speed=0.0 veh=0 ok=True
2026-02-22 19:12:12,400 [DEBUG] TrafficAI.MQTT [app.py:1000]: Context update: speed=0.0 veh=0 ok=True
2026-02-22 19:12:12,400 [DEBUG] TrafficAI.MQTT [app.py:1000]: Context update: speed=0.0 veh=0 ok=True
2026-02-22 19:12:12,607 [DEBUG] TrafficAI.MQTT [app.py:1000]: Context update: speed=0.0 veh=0 ok=True
2026-02-22 19:12:12,607 [DEBUG] TrafficAI.MQTT [app.py:1000]: Context update: speed=0.0 veh=0 ok=True
2026-02-22 19:12:12,813 [DEBUG] TrafficAI.MQTT [app.py:1000]: Context update: speed=0.0 veh=0 ok=True
2026-02-22 19:12:12,813 [DEBUG] TrafficAI.MQTT [app.py:1000]: Context update: speed=0.0 veh=0 ok=True
2026-02-22 19:12:13,020 [DEBUG] TrafficAI.MQTT [app.py:1000]: Context update: speed=0.0 veh=0 ok=True
2026-02-22 19:12:13,021 [DEBUG] TrafficAI.MQTT [app.py:1000]: Context update: speed=0.0 veh=0 ok=True
2026-02-22 19:12:13,229 [DEBUG] TrafficAI.MQTT [app.py:1000]: Context update: speed=0.0 veh=0 ok=True
2026-02-22 19:12:13,230 [DEBUG] TrafficAI.MQTT [app.py:1000]: Context update: speed=0.0 veh=0 ok=True
2026-02-22 19:12:13,437 [DEBUG] TrafficAI.MQTT [app.py:1000]: Context update: speed=0.0 veh=0 ok=True
2026-02-22 19:12:13,437 [DEBUG] TrafficAI.MQTT [app.py:1000]: Context update: speed=0.0 veh=0 ok=True
2026-02-22 19:12:13,642 [DEBUG] TrafficAI.MQTT [app.py:1000]: Context update: speed=0.0 veh=0 ok=True
2026-02-22 19:12:13,643 [DEBUG] TrafficAI.MQTT [app.py:1000]: Context update: speed=0.0 veh=0 ok=True
2026-02-22 19:12:13,862 [DEBUG] TrafficAI.MQTT [app.py:1000]: Context update: speed=0.0 veh=0 ok=True
2026-02-22 19:12:13,862 [DEBUG] TrafficAI.MQTT [app.py:1000]: Context update: speed=0.0 veh=0 ok=True
2026-02-22 19:12:14,061 [DEBUG] TrafficAI.MQTT [app.py:1000]: Context update: speed=0.0 veh=0 ok=True
2026-02-22 19:12:14,061 [DEBUG] TrafficAI.MQTT [app.py:1000]: Context update: speed=0.0 veh=0 ok=True
2026-02-22 19:12:14,268 [DEBUG] TrafficAI.MQTT [app.py:1000]: Context update: speed=0.0 veh=0 ok=True
2026-02-22 19:12:14,268 [DEBUG] TrafficAI.MQTT [app.py:1000]: Context update: speed=0.0 veh=0 ok=True
2026-02-22 19:12:14,417 [INFO] TrafficAI.API [app.py:520]: Login success: user=admin ip=127.0.0.1
2026-02-22 19:12:14,418 [DEBUG] TrafficAI.API [app.py:476]: ⏱  POST /api/login → 14.4ms
2026-02-22 19:12:14,474 [DEBUG] TrafficAI.MQTT [app.py:1000]: Context update: speed=0.0 veh=0 ok=True
2026-02-22 19:12:14,475 [DEBUG] TrafficAI.MQTT [app.py:1000]: Context update: speed=0.0 veh=0 ok=True
2026-02-22 19:12:14,695 [DEBUG] TrafficAI.MQTT [app.py:1000]: Context update: speed=0.0 veh=0 ok=True
2026-02-22 19:12:14,699 [DEBUG] TrafficAI.MQTT [app.py:1000]: Context update: speed=0.0 veh=0 ok=True
2026-02-22 19:12:14,893 [DEBUG] TrafficAI.MQTT [app.py:1000]: Context update: speed=0.0 veh=0 ok=True
2026-02-22 19:12:14,893 [DEBUG] TrafficAI.MQTT [app.py:1000]: Context update: speed=0.0 veh=0 ok=True
2026-02-22 19:12:15,098 [DEBUG] TrafficAI.MQTT [app.py:1000]: Context update: speed=0.0 veh=0 ok=True
2026-02-22 19:12:15,098 [DEBUG] TrafficAI.MQTT [app.py:1000]: Context update: speed=0.0 veh=0 ok=True
2026-02-22 19:12:15,099 [DEBUG] TrafficAI.MQTT [app.py:1000]: Context update: speed=0.0 veh=0 ok=True
2026-02-22 19:12:15,307 [DEBUG] TrafficAI.MQTT [app.py:1000]: Context update: speed=0.0 veh=0 ok=True
2026-02-22 19:12:15,309 [DEBUG] TrafficAI.MQTT [app.py:1000]: Context update: speed=0.0 veh=0 ok=True
2026-02-22 19:12:15,513 [DEBUG] TrafficAI.MQTT [app.py:1000]: Context update: speed=0.0 veh=0 ok=True
2026-02-22 19:12:15,579 [DEBUG] TrafficAI.Theme [app.py:464]: Theme access granted: /api/theme
2026-02-22 19:12:15,580 [DEBUG] TrafficAI.Theme [app.py:1295]: GET /api/theme → neon-active (ctx_ok=True)
2026-02-22 19:12:15,580 [DEBUG] TrafficAI.API [app.py:476]: ⏱  GET /api/theme → 0.3ms
2026-02-22 19:12:15,696 [DEBUG] TrafficAI.API [app.py:449]: Authorized request: GET /api/bootstrap
2026-02-22 19:12:15,706 [DEBUG] TrafficAI.API [app.py:1133]: Bootstrap: 0 violations loaded
2026-02-22 19:12:15,706 [DEBUG] TrafficAI.API [app.py:476]: ⏱  GET /api/bootstrap → 9.8ms
2026-02-22 19:12:15,723 [DEBUG] TrafficAI.MQTT [app.py:1000]: Context update: speed=0.0 veh=0 ok=True
2026-02-22 19:12:15,723 [DEBUG] TrafficAI.MQTT [app.py:1000]: Context update: speed=0.0 veh=0 ok=True
2026-02-22 19:12:15,929 [DEBUG] TrafficAI.MQTT [app.py:1000]: Context update: speed=0.0 veh=0 ok=True
2026-02-22 19:12:16,135 [DEBUG] TrafficAI.MQTT [app.py:1000]: Context update: speed=0.0 veh=0 ok=True
2026-02-22 19:12:16,136 [DEBUG] TrafficAI.MQTT [app.py:1000]: Context update: speed=0.0 veh=0 ok=True
2026-02-22 19:12:16,342 [DEBUG] TrafficAI.MQTT [app.py:1000]: Context update: speed=0.0 veh=0 ok=True
2026-02-22 19:12:16,342 [DEBUG] TrafficAI.MQTT [app.py:1000]: Context update: speed=0.0 veh=0 ok=True
2026-02-22 19:12:16,549 [DEBUG] TrafficAI.MQTT [app.py:1000]: Context update: speed=0.0 veh=0 ok=True
2026-02-22 19:12:16,756 [DEBUG] TrafficAI.MQTT [app.py:1000]: Context update: speed=0.0 veh=0 ok=True
2026-02-22 19:12:16,757 [DEBUG] TrafficAI.MQTT [app.py:1000]: Context update: speed=0.0 veh=0 ok=True
2026-02-22 19:12:16,963 [DEBUG] TrafficAI.MQTT [app.py:1000]: Context update: speed=0.0 veh=0 ok=True
2026-02-22 19:12:16,964 [DEBUG] TrafficAI.MQTT [app.py:1000]: Context update: speed=0.0 veh=0 ok=True
2026-02-22 19:12:17,169 [DEBUG] TrafficAI.MQTT [app.py:1000]: Context update: speed=0.0 veh=0 ok=True
2026-02-22 19:12:17,169 [DEBUG] TrafficAI.MQTT [app.py:1000]: Context update: speed=0.0 veh=0 ok=True
2026-02-22 19:12:17,383 [DEBUG] TrafficAI.MQTT [app.py:1000]: Context update: speed=0.0 veh=0 ok=True
2026-02-22 19:12:17,383 [DEBUG] TrafficAI.MQTT [app.py:1000]: Context update: speed=0.0 veh=0 ok=True
2026-02-22 19:12:17,584 [DEBUG] TrafficAI.MQTT [app.py:1000]: Context update: speed=0.0 veh=0 ok=True
2026-02-22 19:12:17,584 [DEBUG] TrafficAI.MQTT [app.py:1000]: Context update: speed=0.0 veh=0 ok=True
2026-02-22 19:12:17,790 [DEBUG] TrafficAI.MQTT [app.py:1000]: Context update: speed=0.0 veh=0 ok=True
2026-02-22 19:12:17,998 [DEBUG] TrafficAI.MQTT [app.py:1000]: Context update: speed=0.0 veh=0 ok=True
2026-02-22 19:12:17,999 [DEBUG] TrafficAI.MQTT [app.py:1000]: Context update: speed=0.0 veh=0 ok=True
2026-02-22 19:12:18,206 [DEBUG] TrafficAI.MQTT [app.py:1000]: Context update: speed=0.0 veh=0 ok=True
2026-02-22 19:12:18,207 [DEBUG] TrafficAI.MQTT [app.py:1000]: Context update: speed=0.0 veh=0 ok=True
2026-02-22 19:12:18,418 [DEBUG] TrafficAI.MQTT [app.py:1000]: Context update: speed=0.0 veh=0 ok=True
2026-02-22 19:12:18,418 [DEBUG] TrafficAI.MQTT [app.py:1000]: Context update: speed=0.0 veh=0 ok=True
2026-02-22 19:12:18,625 [DEBUG] TrafficAI.MQTT [app.py:1000]: Context update: speed=0.0 veh=0 ok=True
2026-02-22 19:12:18,625 [DEBUG] TrafficAI.MQTT [app.py:1000]: Context update: speed=0.0 veh=0 ok=True
2026-02-22 19:12:18,843 [DEBUG] TrafficAI.MQTT [app.py:1000]: Context update: speed=0.0 veh=0 ok=True
2026-02-22 19:12:18,850 [DEBUG] TrafficAI.MQTT [app.py:1000]: Context update: speed=0.0 veh=0 ok=True
2026-02-22 19:12:19,039 [DEBUG] TrafficAI.MQTT [app.py:1000]: Context update: speed=0.0 veh=0 ok=True
2026-02-22 19:12:19,040 [DEBUG] TrafficAI.MQTT [app.py:1000]: Context update: speed=0.0 veh=0 ok=True
2026-02-22 19:12:19,246 [DEBUG] TrafficAI.MQTT [app.py:1000]: Context update: speed=0.0 veh=0 ok=True
2026-02-22 19:12:19,247 [DEBUG] TrafficAI.MQTT [app.py:1000]: Context update: speed=0.0 veh=0 ok=True
2026-02-22 19:12:19,453 [DEBUG] TrafficAI.MQTT [app.py:1000]: Context update: speed=0.0 veh=0 ok=True
2026-02-22 19:12:19,454 [DEBUG] TrafficAI.MQTT [app.py:1000]: Context update: speed=0.0 veh=0 ok=True
2026-02-22 19:12:19,660 [DEBUG] TrafficAI.MQTT [app.py:1000]: Context update: speed=0.0 veh=0 ok=True
2026-02-22 19:12:19,660 [DEBUG] TrafficAI.MQTT [app.py:1000]: Context update: speed=0.0 veh=0 ok=True
2026-02-22 19:12:19,867 [DEBUG] TrafficAI.MQTT [app.py:1000]: Context update: speed=0.0 veh=0 ok=True
2026-02-22 19:12:19,868 [DEBUG] TrafficAI.MQTT [app.py:1000]: Context update: speed=0.0 veh=0 ok=True
2026-02-22 19:12:20,075 [DEBUG] TrafficAI.MQTT [app.py:1000]: Context update: speed=0.0 veh=0 ok=True
2026-02-22 19:12:20,076 [DEBUG] TrafficAI.MQTT [app.py:1000]: Context update: speed=0.0 veh=0 ok=True
2026-02-22 19:12:20,281 [DEBUG] TrafficAI.MQTT [app.py:1000]: Context update: speed=0.0 veh=0 ok=True
2026-02-22 19:12:20,281 [DEBUG] TrafficAI.MQTT [app.py:1000]: Context update: speed=0.0 veh=0 ok=True
2026-02-22 19:12:20,489 [DEBUG] TrafficAI.MQTT [app.py:1000]: Context update: speed=0.0 veh=0 ok=True
2026-02-22 19:12:20,489 [DEBUG] TrafficAI.MQTT [app.py:1000]: Context update: speed=0.0 veh=0 ok=True
2026-02-22 19:12:20,695 [DEBUG] TrafficAI.MQTT [app.py:1000]: Context update: speed=0.0 veh=0 ok=True
2026-02-22 19:12:20,695 [DEBUG] TrafficAI.MQTT [app.py:1000]: Context update: speed=0.0 veh=0 ok=True
2026-02-22 19:12:20,902 [DEBUG] TrafficAI.MQTT [app.py:1000]: Context update: speed=0.0 veh=0 ok=True
2026-02-22 19:12:20,902 [DEBUG] TrafficAI.MQTT [app.py:1000]: Context update: speed=0.0 veh=0 ok=True
2026-02-22 19:12:21,108 [DEBUG] TrafficAI.MQTT [app.py:1000]: Context update: speed=0.0 veh=0 ok=True
2026-02-22 19:12:21,109 [DEBUG] TrafficAI.MQTT [app.py:1000]: Context update: speed=0.0 veh=0 ok=True
2026-02-22 19:12:21,315 [DEBUG] TrafficAI.MQTT [app.py:1000]: Context update: speed=0.0 veh=0 ok=True
2026-02-22 19:12:21,316 [DEBUG] TrafficAI.MQTT [app.py:1000]: Context update: speed=0.0 veh=0 ok=True
2026-02-22 19:12:21,316 [DEBUG] TrafficAI.MQTT [app.py:1000]: Context update: speed=0.0 veh=0 ok=True
2026-02-22 19:12:21,522 [DEBUG] TrafficAI.MQTT [app.py:1000]: Context update: speed=0.0 veh=0 ok=True
2026-02-22 19:12:21,522 [DEBUG] TrafficAI.MQTT [app.py:1000]: Context update: speed=0.0 veh=0 ok=True
2026-02-22 19:12:21,729 [DEBUG] TrafficAI.MQTT [app.py:1000]: Context update: speed=0.0 veh=0 ok=True
2026-02-22 19:12:21,730 [DEBUG] TrafficAI.MQTT [app.py:1000]: Context update: speed=0.0 veh=0 ok=True
2026-02-22 19:12:21,942 [DEBUG] TrafficAI.MQTT [app.py:1000]: Context update: speed=0.0 veh=0 ok=True
2026-02-22 19:12:21,942 [DEBUG] TrafficAI.MQTT [app.py:1000]: Context update: speed=0.0 veh=0 ok=True
2026-02-22 19:12:22,149 [DEBUG] TrafficAI.MQTT [app.py:1000]: Context update: speed=0.0 veh=0 ok=True
2026-02-22 19:12:22,150 [DEBUG] TrafficAI.MQTT [app.py:1000]: Context update: speed=0.0 veh=0 ok=True
2026-02-22 19:12:22,356 [DEBUG] TrafficAI.MQTT [app.py:1000]: Context update: speed=0.0 veh=0 ok=True
2026-02-22 19:12:22,356 [DEBUG] TrafficAI.MQTT [app.py:1000]: Context update: speed=0.0 veh=0 ok=True
2026-02-22 19:12:22,563 [DEBUG] TrafficAI.MQTT [app.py:1000]: Context update: speed=0.0 veh=0 ok=True
2026-02-22 19:12:22,564 [DEBUG] TrafficAI.MQTT [app.py:1000]: Context update: speed=0.0 veh=0 ok=True
2026-02-22 19:12:22,770 [DEBUG] TrafficAI.MQTT [app.py:1000]: Context update: speed=0.0 veh=0 ok=True
2026-02-22 19:12:22,771 [DEBUG] TrafficAI.MQTT [app.py:1000]: Context update: speed=0.0 veh=0 ok=True
2026-02-22 19:12:22,976 [DEBUG] TrafficAI.MQTT [app.py:1000]: Context update: speed=0.0 veh=0 ok=True
2026-02-22 19:12:22,976 [DEBUG] TrafficAI.MQTT [app.py:1000]: Context update: speed=0.0 veh=0 ok=True
2026-02-22 19:12:22,977 [DEBUG] TrafficAI.MQTT [app.py:1000]: Context update: speed=0.0 veh=0 ok=True
2026-02-22 19:12:23,183 [DEBUG] TrafficAI.MQTT [app.py:1000]: Context update: speed=0.0 veh=0 ok=True
2026-02-22 19:12:23,184 [DEBUG] TrafficAI.MQTT [app.py:1000]: Context update: speed=0.0 veh=0 ok=True
2026-02-22 19:12:23,392 [DEBUG] TrafficAI.MQTT [app.py:1000]: Context update: speed=0.0 veh=0 ok=True
2026-02-22 19:12:23,393 [DEBUG] TrafficAI.MQTT [app.py:1000]: Context update: speed=0.0 veh=0 ok=True
2026-02-22 19:12:23,596 [DEBUG] TrafficAI.MQTT [app.py:1000]: Context update: speed=0.0 veh=0 ok=True
2026-02-22 19:12:23,596 [DEBUG] TrafficAI.MQTT [app.py:1000]: Context update: speed=0.0 veh=0 ok=True
2026-02-22 19:12:23,803 [DEBUG] TrafficAI.MQTT [app.py:1000]: Context update: speed=0.0 veh=0 ok=True
2026-02-22 19:12:23,803 [DEBUG] TrafficAI.MQTT [app.py:1000]: Context update: speed=0.0 veh=0 ok=True
2026-02-22 19:12:24,011 [DEBUG] TrafficAI.MQTT [app.py:1000]: Context update: speed=0.0 veh=0 ok=True
2026-02-22 19:12:24,012 [DEBUG] TrafficAI.MQTT [app.py:1000]: Context update: speed=0.0 veh=0 ok=True
2026-02-22 19:12:24,224 [DEBUG] TrafficAI.MQTT [app.py:1000]: Context update: speed=0.0 veh=0 ok=True
2026-02-22 19:12:24,224 [DEBUG] TrafficAI.MQTT [app.py:1000]: Context update: speed=0.0 veh=0 ok=True
2026-02-22 19:12:24,423 [DEBUG] TrafficAI.MQTT [app.py:1000]: Context update: speed=0.0 veh=0 ok=True
2026-02-22 19:12:24,423 [DEBUG] TrafficAI.MQTT [app.py:1000]: Context update: speed=0.0 veh=0 ok=True
2026-02-22 19:12:24,631 [DEBUG] TrafficAI.MQTT [app.py:1000]: Context update: speed=0.0 veh=0 ok=True
2026-02-22 19:12:24,632 [DEBUG] TrafficAI.MQTT [app.py:1000]: Context update: speed=0.0 veh=0 ok=True
2026-02-22 19:12:24,838 [DEBUG] TrafficAI.MQTT [app.py:1000]: Context update: speed=0.0 veh=0 ok=True
2026-02-22 19:12:24,839 [DEBUG] TrafficAI.MQTT [app.py:1000]: Context update: speed=0.0 veh=0 ok=True
2026-02-22 19:12:25,050 [DEBUG] TrafficAI.MQTT [app.py:1000]: Context update: speed=0.0 veh=0 ok=True
2026-02-22 19:12:25,050 [DEBUG] TrafficAI.MQTT [app.py:1000]: Context update: speed=0.0 veh=0 ok=True
2026-02-22 19:12:25,252 [DEBUG] TrafficAI.MQTT [app.py:1000]: Context update: speed=0.0 veh=0 ok=True
2026-02-22 19:12:25,252 [DEBUG] TrafficAI.MQTT [app.py:1000]: Context update: speed=0.0 veh=0 ok=True
2026-02-22 19:12:25,458 [DEBUG] TrafficAI.MQTT [app.py:1000]: Context update: speed=0.0 veh=0 ok=True
2026-02-22 19:12:25,458 [DEBUG] TrafficAI.MQTT [app.py:1000]: Context update: speed=0.0 veh=0 ok=True
2026-02-22 19:12:25,664 [DEBUG] TrafficAI.MQTT [app.py:1000]: Context update: speed=0.0 veh=0 ok=True
2026-02-22 19:12:25,665 [DEBUG] TrafficAI.MQTT [app.py:1000]: Context update: speed=0.0 veh=0 ok=True
2026-02-22 19:12:25,873 [DEBUG] TrafficAI.MQTT [app.py:1000]: Context update: speed=0.0 veh=0 ok=True
2026-02-22 19:12:25,873 [DEBUG] TrafficAI.MQTT [app.py:1000]: Context update: speed=0.0 veh=0 ok=True
2026-02-22 19:12:26,081 [DEBUG] TrafficAI.MQTT [app.py:1000]: Context update: speed=0.0 veh=0 ok=True
2026-02-22 19:12:26,082 [DEBUG] TrafficAI.MQTT [app.py:1000]: Context update: speed=0.0 veh=0 ok=True
2026-02-22 19:12:26,290 [DEBUG] TrafficAI.MQTT [app.py:1000]: Context update: speed=0.0 veh=0 ok=True
2026-02-22 19:12:26,290 [DEBUG] TrafficAI.MQTT [app.py:1000]: Context update: speed=0.0 veh=0 ok=True
2026-02-22 19:12:26,496 [DEBUG] TrafficAI.MQTT [app.py:1000]: Context update: speed=0.0 veh=0 ok=True
2026-02-22 19:12:26,496 [DEBUG] TrafficAI.MQTT [app.py:1000]: Context update: speed=0.0 veh=0 ok=True
2026-02-22 19:12:26,702 [DEBUG] TrafficAI.MQTT [app.py:1000]: Context update: speed=0.0 veh=0 ok=True
2026-02-22 19:12:26,703 [DEBUG] TrafficAI.MQTT [app.py:1000]: Context update: speed=0.0 veh=0 ok=True
2026-02-22 19:12:26,910 [DEBUG] TrafficAI.MQTT [app.py:1000]: Context update: speed=0.0 veh=0 ok=True
2026-02-22 19:12:26,910 [DEBUG] TrafficAI.MQTT [app.py:1000]: Context update: speed=0.0 veh=0 ok=True
2026-02-22 19:12:27,116 [DEBUG] TrafficAI.MQTT [app.py:1000]: Context update: speed=0.0 veh=0 ok=True
2026-02-22 19:12:27,323 [DEBUG] TrafficAI.MQTT [app.py:1000]: Context update: speed=0.0 veh=0 ok=True
2026-02-22 19:12:27,324 [DEBUG] TrafficAI.MQTT [app.py:1000]: Context update: speed=0.0 veh=0 ok=True
2026-02-22 19:12:27,531 [DEBUG] TrafficAI.MQTT [app.py:1000]: Context update: speed=0.0 veh=0 ok=True
2026-02-22 19:12:27,531 [DEBUG] TrafficAI.MQTT [app.py:1000]: Context update: speed=0.0 veh=0 ok=True
2026-02-22 19:12:27,737 [DEBUG] TrafficAI.MQTT [app.py:1000]: Context update: speed=0.0 veh=0 ok=True
2026-02-22 19:12:27,737 [DEBUG] TrafficAI.MQTT [app.py:1000]: Context update: speed=0.0 veh=0 ok=True
2026-02-22 19:12:27,738 [DEBUG] TrafficAI.MQTT [app.py:1000]: Context update: speed=0.0 veh=0 ok=True
2026-02-22 19:12:27,945 [DEBUG] TrafficAI.MQTT [app.py:1000]: Context update: speed=0.0 veh=0 ok=True
2026-02-22 19:12:28,151 [DEBUG] TrafficAI.MQTT [app.py:1000]: Context update: speed=0.0 veh=0 ok=True
2026-02-22 19:12:28,152 [DEBUG] TrafficAI.MQTT [app.py:1000]: Context update: speed=0.0 veh=0 ok=True
2026-02-22 19:12:28,358 [DEBUG] TrafficAI.MQTT [app.py:1000]: Context update: speed=0.0 veh=0 ok=True
2026-02-22 19:12:28,359 [DEBUG] TrafficAI.MQTT [app.py:1000]: Context update: speed=0.0 veh=0 ok=True
2026-02-22 19:12:28,359 [DEBUG] TrafficAI.MQTT [app.py:1000]: Context update: speed=0.0 veh=0 ok=True
2026-02-22 19:12:28,566 [DEBUG] TrafficAI.MQTT [app.py:1000]: Context update: speed=0.0 veh=0 ok=True
2026-02-22 19:12:28,774 [DEBUG] TrafficAI.MQTT [app.py:1000]: Context update: speed=0.0 veh=0 ok=True
2026-02-22 19:12:28,774 [DEBUG] TrafficAI.MQTT [app.py:1000]: Context update: speed=0.0 veh=0 ok=True
2026-02-22 19:12:28,983 [DEBUG] TrafficAI.MQTT [app.py:1000]: Context update: speed=0.0 veh=0 ok=True
2026-02-22 19:12:28,984 [DEBUG] TrafficAI.MQTT [app.py:1000]: Context update: speed=0.0 veh=0 ok=True
2026-02-22 19:12:29,188 [DEBUG] TrafficAI.MQTT [app.py:1000]: Context update: speed=0.0 veh=0 ok=True
2026-02-22 19:12:29,188 [DEBUG] TrafficAI.MQTT [app.py:1000]: Context update: speed=0.0 veh=0 ok=True
2026-02-22 19:12:29,395 [DEBUG] TrafficAI.MQTT [app.py:1000]: Context update: speed=0.0 veh=0 ok=True
2026-02-22 19:12:29,396 [DEBUG] TrafficAI.MQTT [app.py:1000]: Context update: speed=0.0 veh=0 ok=True
2026-02-22 19:12:29,602 [DEBUG] TrafficAI.MQTT [app.py:1000]: Context update: speed=0.0 veh=0 ok=True
2026-02-22 19:12:29,603 [DEBUG] TrafficAI.MQTT [app.py:1000]: Context update: speed=0.0 veh=0 ok=True
2026-02-22 19:12:29,810 [DEBUG] TrafficAI.MQTT [app.py:1000]: Context update: speed=0.0 veh=0 ok=True
2026-02-22 19:12:29,810 [DEBUG] TrafficAI.MQTT [app.py:1000]: Context update: speed=0.0 veh=0 ok=True
2026-02-22 19:12:30,017 [DEBUG] TrafficAI.MQTT [app.py:1000]: Context update: speed=0.0 veh=0 ok=True
2026-02-22 19:12:30,018 [DEBUG] TrafficAI.MQTT [app.py:1000]: Context update: speed=0.0 veh=0 ok=True
2026-02-22 19:12:30,237 [DEBUG] TrafficAI.MQTT [app.py:1000]: Context update: speed=0.0 veh=0 ok=True
2026-02-22 19:12:30,238 [DEBUG] TrafficAI.MQTT [app.py:1000]: Context update: speed=0.0 veh=0 ok=True
2026-02-22 19:12:30,445 [DEBUG] TrafficAI.MQTT [app.py:1000]: Context update: speed=0.0 veh=0 ok=True
2026-02-22 19:12:30,446 [DEBUG] TrafficAI.MQTT [app.py:1000]: Context update: speed=0.0 veh=0 ok=True
2026-02-22 19:12:30,639 [DEBUG] TrafficAI.MQTT [app.py:1000]: Context update: speed=0.0 veh=0 ok=True
2026-02-22 19:12:30,639 [DEBUG] TrafficAI.MQTT [app.py:1000]: Context update: speed=0.0 veh=0 ok=True
2026-02-22 19:12:30,846 [DEBUG] TrafficAI.MQTT [app.py:1000]: Context update: speed=0.0 veh=0 ok=True
2026-02-22 19:12:30,847 [DEBUG] TrafficAI.MQTT [app.py:1000]: Context update: speed=0.0 veh=0 ok=True
2026-02-22 19:12:31,057 [DEBUG] TrafficAI.MQTT [app.py:1000]: Context update: speed=0.0 veh=0 ok=True
2026-02-22 19:12:31,057 [DEBUG] TrafficAI.MQTT [app.py:1000]: Context update: speed=0.0 veh=0 ok=True
2026-02-22 19:12:31,261 [DEBUG] TrafficAI.MQTT [app.py:1000]: Context update: speed=0.0 veh=0 ok=True
2026-02-22 19:12:31,261 [DEBUG] TrafficAI.MQTT [app.py:1000]: Context update: speed=0.0 veh=0 ok=True
2026-02-22 19:12:31,468 [DEBUG] TrafficAI.MQTT [app.py:1000]: Context update: speed=0.0 veh=0 ok=True
2026-02-22 19:12:31,468 [DEBUG] TrafficAI.MQTT [app.py:1000]: Context update: speed=0.0 veh=0 ok=True
2026-02-22 19:12:31,674 [DEBUG] TrafficAI.MQTT [app.py:1000]: Context update: speed=0.0 veh=0 ok=True
2026-02-22 19:12:31,675 [DEBUG] TrafficAI.MQTT [app.py:1000]: Context update: speed=0.0 veh=0 ok=True
2026-02-22 19:12:31,884 [DEBUG] TrafficAI.MQTT [app.py:1000]: Context update: speed=0.0 veh=0 ok=True
2026-02-22 19:12:31,885 [DEBUG] TrafficAI.MQTT [app.py:1000]: Context update: speed=0.0 veh=0 ok=True
2026-02-22 19:12:32,096 [DEBUG] TrafficAI.MQTT [app.py:1000]: Context update: speed=0.0 veh=0 ok=True
2026-02-22 19:12:32,096 [DEBUG] TrafficAI.MQTT [app.py:1000]: Context update: speed=0.0 veh=0 ok=True
2026-02-22 19:12:32,312 [DEBUG] TrafficAI.MQTT [app.py:1000]: Context update: speed=0.0 veh=0 ok=True
2026-02-22 19:12:32,312 [DEBUG] TrafficAI.MQTT [app.py:1000]: Context update: speed=0.0 veh=0 ok=True
2026-02-22 19:12:32,538 [DEBUG] TrafficAI.MQTT [app.py:1000]: Context update: speed=0.0 veh=0 ok=True
2026-02-22 19:12:32,540 [DEBUG] TrafficAI.MQTT [app.py:1000]: Context update: speed=0.0 veh=0 ok=True
2026-02-22 19:12:32,743 [DEBUG] TrafficAI.MQTT [app.py:1000]: Context update: speed=0.0 veh=0 ok=True
2026-02-22 19:12:32,744 [DEBUG] TrafficAI.MQTT [app.py:1000]: Context update: speed=0.0 veh=0 ok=True
2026-02-22 19:12:32,744 [DEBUG] TrafficAI.MQTT [app.py:1000]: Context update: speed=0.0 veh=0 ok=True
2026-02-22 19:12:32,959 [DEBUG] TrafficAI.MQTT [app.py:1000]: Context update: speed=0.0 veh=0 ok=True
2026-02-22 19:12:32,959 [DEBUG] TrafficAI.MQTT [app.py:1000]: Context update: speed=0.0 veh=0 ok=True
2026-02-22 19:12:33,175 [DEBUG] TrafficAI.MQTT [app.py:1000]: Context update: speed=0.0 veh=0 ok=True
2026-02-22 19:12:33,175 [DEBUG] TrafficAI.MQTT [app.py:1000]: Context update: speed=0.0 veh=0 ok=True
2026-02-22 19:12:33,391 [DEBUG] TrafficAI.MQTT [app.py:1000]: Context update: speed=0.0 veh=0 ok=True
2026-02-22 19:12:33,391 [DEBUG] TrafficAI.MQTT [app.py:1000]: Context update: speed=0.0 veh=0 ok=True
2026-02-22 19:12:33,609 [DEBUG] TrafficAI.MQTT [app.py:1000]: Context update: speed=0.0 veh=0 ok=True
2026-02-22 19:12:33,609 [DEBUG] TrafficAI.MQTT [app.py:1000]: Context update: speed=0.0 veh=0 ok=True
2026-02-22 19:12:33,825 [DEBUG] TrafficAI.MQTT [app.py:1000]: Context update: speed=0.0 veh=0 ok=True
2026-02-22 19:12:33,825 [DEBUG] TrafficAI.MQTT [app.py:1000]: Context update: speed=0.0 veh=0 ok=True
2026-02-22 19:12:34,038 [DEBUG] TrafficAI.MQTT [app.py:1000]: Context update: speed=0.0 veh=0 ok=True
2026-02-22 19:12:34,039 [DEBUG] TrafficAI.MQTT [app.py:1000]: Context update: speed=0.0 veh=0 ok=True
2026-02-22 19:12:34,254 [DEBUG] TrafficAI.MQTT [app.py:1000]: Context update: speed=0.0 veh=0 ok=True
2026-02-22 19:12:34,254 [DEBUG] TrafficAI.MQTT [app.py:1000]: Context update: speed=0.0 veh=0 ok=True
2026-02-22 19:12:34,470 [DEBUG] TrafficAI.MQTT [app.py:1000]: Context update: speed=0.0 veh=0 ok=True
2026-02-22 19:12:34,472 [DEBUG] TrafficAI.MQTT [app.py:1000]: Context update: speed=0.0 veh=0 ok=True
2026-02-22 19:12:34,685 [DEBUG] TrafficAI.MQTT [app.py:1000]: Context update: speed=0.0 veh=0 ok=True
2026-02-22 19:12:34,686 [DEBUG] TrafficAI.MQTT [app.py:1000]: Context update: speed=0.0 veh=0 ok=True
2026-02-22 19:12:34,900 [DEBUG] TrafficAI.MQTT [app.py:1000]: Context update: speed=0.0 veh=0 ok=True
2026-02-22 19:12:34,900 [DEBUG] TrafficAI.MQTT [app.py:1000]: Context update: speed=0.0 veh=0 ok=True
2026-02-22 19:12:35,117 [DEBUG] TrafficAI.MQTT [app.py:1000]: Context update: speed=0.0 veh=0 ok=True
2026-02-22 19:12:35,117 [DEBUG] TrafficAI.MQTT [app.py:1000]: Context update: speed=0.0 veh=0 ok=True
2026-02-22 19:12:35,330 [DEBUG] TrafficAI.MQTT [app.py:1000]: Context update: speed=0.0 veh=0 ok=True
2026-02-22 19:12:35,331 [DEBUG] TrafficAI.MQTT [app.py:1000]: Context update: speed=0.0 veh=0 ok=True
2026-02-22 19:12:35,548 [DEBUG] TrafficAI.MQTT [app.py:1000]: Context update: speed=0.0 veh=0 ok=True
2026-02-22 19:12:35,761 [DEBUG] TrafficAI.MQTT [app.py:1000]: Context update: speed=0.0 veh=0 ok=True
2026-02-22 19:12:35,761 [DEBUG] TrafficAI.MQTT [app.py:1000]: Context update: speed=0.0 veh=0 ok=True
2026-02-22 19:12:35,761 [DEBUG] TrafficAI.MQTT [app.py:1000]: Context update: speed=0.0 veh=0 ok=True
2026-02-22 19:12:36,001 [DEBUG] TrafficAI.MQTT [app.py:1000]: Context update: speed=0.0 veh=0 ok=True
2026-02-22 19:12:36,001 [DEBUG] TrafficAI.MQTT [app.py:1000]: Context update: speed=0.0 veh=0 ok=True
2026-02-22 19:12:36,190 [DEBUG] TrafficAI.MQTT [app.py:1000]: Context update: speed=0.0 veh=0 ok=True
2026-02-22 19:12:36,191 [DEBUG] TrafficAI.MQTT [app.py:1000]: Context update: speed=0.0 veh=0 ok=True
2026-02-22 19:12:36,409 [DEBUG] TrafficAI.MQTT [app.py:1000]: Context update: speed=0.0 veh=0 ok=True
2026-02-22 19:12:36,409 [DEBUG] TrafficAI.MQTT [app.py:1000]: Context update: speed=0.0 veh=0 ok=True
2026-02-22 19:12:36,624 [DEBUG] TrafficAI.MQTT [app.py:1000]: Context update: speed=0.0 veh=0 ok=True
2026-02-22 19:12:36,624 [DEBUG] TrafficAI.MQTT [app.py:1000]: Context update: speed=0.0 veh=0 ok=True
2026-02-22 19:12:36,625 [DEBUG] TrafficAI.MQTT [app.py:1000]: Context update: speed=0.0 veh=0 ok=True
2026-02-22 19:12:36,886 [DEBUG] TrafficAI.MQTT [app.py:1000]: Context update: speed=0.0 veh=0 ok=True
2026-02-22 19:12:36,887 [DEBUG] TrafficAI.MQTT [app.py:1000]: Context update: speed=0.0 veh=0 ok=True
2026-02-22 19:12:37,148 [DEBUG] TrafficAI.MQTT [app.py:1000]: Context update: speed=0.0 veh=0 ok=True
2026-02-22 19:12:37,149 [DEBUG] TrafficAI.MQTT [app.py:1000]: Context update: speed=0.0 veh=0 ok=True
2026-02-22 19:12:37,149 [DEBUG] TrafficAI.MQTT [app.py:1000]: Context update: speed=0.0 veh=0 ok=True
2026-02-22 19:12:37,792 [DEBUG] TrafficAI.MQTT [app.py:1000]: Context update: speed=0.0 veh=0 ok=True
2026-02-22 19:12:37,793 [DEBUG] TrafficAI.MQTT [app.py:1000]: Context update: speed=0.0 veh=0 ok=True
2026-02-22 19:12:37,793 [DEBUG] TrafficAI.MQTT [app.py:1000]: Context update: speed=0.0 veh=0 ok=True
2026-02-22 19:12:37,793 [DEBUG] TrafficAI.MQTT [app.py:1000]: Context update: speed=0.0 veh=0 ok=True
2026-02-22 19:12:37,794 [DEBUG] TrafficAI.MQTT [app.py:1000]: Context update: speed=0.0 veh=0 ok=True
2026-02-22 19:12:37,794 [DEBUG] TrafficAI.MQTT [app.py:1000]: Context update: speed=0.0 veh=0 ok=True
2026-02-22 19:12:38,056 [DEBUG] TrafficAI.MQTT [app.py:1000]: Context update: speed=0.0 veh=0 ok=True
2026-02-22 19:12:38,056 [DEBUG] TrafficAI.MQTT [app.py:1000]: Context update: speed=0.0 veh=0 ok=True
2026-02-22 19:12:38,319 [DEBUG] TrafficAI.MQTT [app.py:1000]: Context update: speed=0.0 veh=0 ok=True
2026-02-22 19:12:38,319 [DEBUG] TrafficAI.MQTT [app.py:1000]: Context update: speed=0.0 veh=0 ok=True
2026-02-22 19:12:38,612 [DEBUG] TrafficAI.MQTT [app.py:1000]: Context update: speed=0.0 veh=0 ok=True
2026-02-22 19:12:38,613 [DEBUG] TrafficAI.MQTT [app.py:1000]: Context update: speed=0.0 veh=0 ok=True
2026-02-22 19:12:38,613 [DEBUG] TrafficAI.MQTT [app.py:1000]: Context update: speed=0.0 veh=0 ok=True
2026-02-22 19:12:38,842 [DEBUG] TrafficAI.MQTT [app.py:1000]: Context update: speed=0.0 veh=0 ok=True
2026-02-22 19:12:38,843 [DEBUG] TrafficAI.MQTT [app.py:1000]: Context update: speed=0.0 veh=0 ok=True
2026-02-22 19:12:39,104 [DEBUG] TrafficAI.MQTT [app.py:1000]: Context update: speed=0.0 veh=0 ok=True
2026-02-22 19:12:39,104 [DEBUG] TrafficAI.MQTT [app.py:1000]: Context update: speed=0.0 veh=0 ok=True
2026-02-22 19:12:39,104 [DEBUG] TrafficAI.MQTT [app.py:1000]: Context update: speed=0.0 veh=0 ok=True
2026-02-22 19:12:39,367 [DEBUG] TrafficAI.MQTT [app.py:1000]: Context update: speed=0.0 veh=0 ok=True
2026-02-22 19:12:39,367 [DEBUG] TrafficAI.MQTT [app.py:1000]: Context update: speed=0.0 veh=0 ok=True
2026-02-22 19:12:39,631 [DEBUG] TrafficAI.MQTT [app.py:1000]: Context update: speed=0.0 veh=0 ok=True
2026-02-22 19:12:39,631 [DEBUG] TrafficAI.MQTT [app.py:1000]: Context update: speed=0.0 veh=0 ok=True
2026-02-22 19:12:39,894 [DEBUG] TrafficAI.MQTT [app.py:1000]: Context update: speed=0.0 veh=0 ok=True
2026-02-22 19:12:39,895 [DEBUG] TrafficAI.MQTT [app.py:1000]: Context update: speed=0.0 veh=0 ok=True
2026-02-22 19:12:39,895 [DEBUG] TrafficAI.MQTT [app.py:1000]: Context update: speed=0.0 veh=0 ok=True
2026-02-22 19:12:39,966 [DEBUG] TrafficAI.Premium [app.py:1059]: Context snapshot saved
2026-02-22 19:12:39,991 [INFO] TrafficAI.Theme [app.py:806]: Theme changed: neon-active → neon-futuristic (by=auto-worker auto=True)
2026-02-22 19:12:40,156 [DEBUG] TrafficAI.MQTT [app.py:1000]: Context update: speed=0.0 veh=0 ok=True
2026-02-22 19:12:40,156 [DEBUG] TrafficAI.MQTT [app.py:1000]: Context update: speed=0.0 veh=0 ok=True
2026-02-22 19:12:40,156 [DEBUG] TrafficAI.MQTT [app.py:1000]: Context update: speed=0.0 veh=0 ok=True
2026-02-22 19:12:40,223 [INFO] TrafficAI.Theme [app.py:1013]: MQTT remote theme update: neon-futuristic
2026-02-22 19:12:40,594 [DEBUG] TrafficAI.MQTT [app.py:1000]: Context update: speed=0.0 veh=0 ok=True
2026-02-22 19:12:40,595 [DEBUG] TrafficAI.MQTT [app.py:1000]: Context update: speed=0.0 veh=0 ok=True
2026-02-22 19:12:40,680 [DEBUG] TrafficAI.MQTT [app.py:1000]: Context update: speed=0.0 veh=0 ok=True
2026-02-22 19:12:40,681 [DEBUG] TrafficAI.MQTT [app.py:1000]: Context update: speed=0.0 veh=0 ok=True
2026-02-22 19:12:40,681 [DEBUG] TrafficAI.MQTT [app.py:1000]: Context update: speed=0.0 veh=0 ok=True
2026-02-22 19:12:40,942 [DEBUG] TrafficAI.MQTT [app.py:1000]: Context update: speed=0.0 veh=0 ok=True
2026-02-22 19:12:40,942 [DEBUG] TrafficAI.MQTT [app.py:1000]: Context update: speed=0.0 veh=0 ok=True
2026-02-22 19:12:40,942 [DEBUG] TrafficAI.MQTT [app.py:1000]: Context update: speed=0.0 veh=0 ok=True
2026-02-22 19:12:41,566 [DEBUG] TrafficAI.MQTT [app.py:1000]: Context update: speed=0.0 veh=0 ok=True
2026-02-22 19:12:41,567 [DEBUG] TrafficAI.MQTT [app.py:1000]: Context update: speed=0.0 veh=0 ok=True
2026-02-22 19:12:41,567 [DEBUG] TrafficAI.MQTT [app.py:1000]: Context update: speed=0.0 veh=0 ok=True
2026-02-22 19:12:41,567 [DEBUG] TrafficAI.MQTT [app.py:1000]: Context update: speed=0.0 veh=0 ok=True
2026-02-22 19:12:41,567 [DEBUG] TrafficAI.MQTT [app.py:1000]: Context update: speed=0.0 veh=0 ok=True
2026-02-22 19:12:41,568 [DEBUG] TrafficAI.MQTT [app.py:1000]: Context update: speed=0.0 veh=0 ok=True
2026-02-22 19:12:42,189 [DEBUG] TrafficAI.MQTT [app.py:1000]: Context update: speed=0.0 veh=0 ok=True
2026-02-22 19:12:42,190 [DEBUG] TrafficAI.MQTT [app.py:1000]: Context update: speed=0.0 veh=0 ok=True
2026-02-22 19:12:42,190 [DEBUG] TrafficAI.MQTT [app.py:1000]: Context update: speed=0.0 veh=0 ok=True
2026-02-22 19:12:42,190 [DEBUG] TrafficAI.MQTT [app.py:1000]: Context update: speed=0.0 veh=0 ok=True
2026-02-22 19:12:42,190 [DEBUG] TrafficAI.MQTT [app.py:1000]: Context update: speed=0.0 veh=0 ok=True
2026-02-22 19:12:42,190 [DEBUG] TrafficAI.MQTT [app.py:1000]: Context update: speed=0.0 veh=0 ok=True
2026-02-22 19:12:42,463 [DEBUG] TrafficAI.MQTT [app.py:1000]: Context update: speed=0.0 veh=0 ok=True
2026-02-22 19:12:42,464 [DEBUG] TrafficAI.MQTT [app.py:1000]: Context update: speed=0.0 veh=0 ok=True
2026-02-22 19:12:42,464 [DEBUG] TrafficAI.MQTT [app.py:1000]: Context update: speed=0.0 veh=0 ok=True
2026-02-22 19:12:42,714 [DEBUG] TrafficAI.MQTT [app.py:1000]: Context update: speed=0.0 veh=0 ok=True
2026-02-22 19:12:42,714 [DEBUG] TrafficAI.MQTT [app.py:1000]: Context update: speed=0.0 veh=0 ok=True
2026-02-22 19:12:42,714 [DEBUG] TrafficAI.MQTT [app.py:1000]: Context update: speed=0.0 veh=0 ok=True
2026-02-22 19:12:42,976 [DEBUG] TrafficAI.MQTT [app.py:1000]: Context update: speed=0.0 veh=0 ok=True
2026-02-22 19:12:42,976 [DEBUG] TrafficAI.MQTT [app.py:1000]: Context update: speed=0.0 veh=0 ok=True
2026-02-22 19:12:43,237 [DEBUG] TrafficAI.MQTT [app.py:1000]: Context update: speed=0.0 veh=0 ok=True
2026-02-22 19:12:43,238 [DEBUG] TrafficAI.MQTT [app.py:1000]: Context update: speed=0.0 veh=0 ok=True
2026-02-22 19:12:43,238 [DEBUG] TrafficAI.MQTT [app.py:1000]: Context update: speed=0.0 veh=0 ok=True
2026-02-22 19:12:43,500 [DEBUG] TrafficAI.MQTT [app.py:1000]: Context update: speed=0.0 veh=0 ok=True
2026-02-22 19:12:43,500 [DEBUG] TrafficAI.MQTT [app.py:1000]: Context update: speed=0.0 veh=0 ok=True
2026-02-22 19:12:43,785 [DEBUG] TrafficAI.MQTT [app.py:1000]: Context update: speed=0.0 veh=0 ok=True
2026-02-22 19:12:43,786 [DEBUG] TrafficAI.MQTT [app.py:1000]: Context update: speed=0.0 veh=0 ok=True
2026-02-22 19:12:43,786 [DEBUG] TrafficAI.MQTT [app.py:1000]: Context update: speed=0.0 veh=0 ok=True
2026-02-22 19:12:44,024 [DEBUG] TrafficAI.MQTT [app.py:1000]: Context update: speed=0.0 veh=0 ok=True
2026-02-22 19:12:44,024 [DEBUG] TrafficAI.MQTT [app.py:1000]: Context update: speed=0.0 veh=0 ok=True
2026-02-22 19:12:44,633 [DEBUG] TrafficAI.MQTT [app.py:1000]: Context update: speed=0.0 veh=0 ok=True
2026-02-22 19:12:44,634 [DEBUG] TrafficAI.MQTT [app.py:1000]: Context update: speed=0.0 veh=0 ok=True
2026-02-22 19:12:44,634 [DEBUG] TrafficAI.MQTT [app.py:1000]: Context update: speed=0.0 veh=0 ok=True
2026-02-22 19:12:44,634 [DEBUG] TrafficAI.MQTT [app.py:1000]: Context update: speed=0.0 veh=0 ok=True
2026-02-22 19:12:44,634 [DEBUG] TrafficAI.MQTT [app.py:1000]: Context update: speed=0.0 veh=0 ok=True
2026-02-22 19:12:44,634 [DEBUG] TrafficAI.MQTT [app.py:1000]: Context update: speed=0.0 veh=0 ok=True
2026-02-22 19:12:44,634 [DEBUG] TrafficAI.MQTT [app.py:1000]: Context update: speed=0.0 veh=0 ok=True
2026-02-22 19:12:44,896 [DEBUG] TrafficAI.MQTT [app.py:1000]: Context update: speed=0.0 veh=0 ok=True
2026-02-22 19:12:44,896 [DEBUG] TrafficAI.MQTT [app.py:1000]: Context update: speed=0.0 veh=0 ok=True
2026-02-22 19:12:45,157 [DEBUG] TrafficAI.MQTT [app.py:1000]: Context update: speed=0.0 veh=0 ok=True
2026-02-22 19:12:45,158 [DEBUG] TrafficAI.MQTT [app.py:1000]: Context update: speed=0.0 veh=0 ok=True
2026-02-22 19:12:45,158 [DEBUG] TrafficAI.MQTT [app.py:1000]: Context update: speed=0.0 veh=0 ok=True
2026-02-22 19:12:45,420 [DEBUG] TrafficAI.MQTT [app.py:1000]: Context update: speed=0.0 veh=0 ok=True
2026-02-22 19:12:45,421 [DEBUG] TrafficAI.MQTT [app.py:1000]: Context update: speed=0.0 veh=0 ok=True
2026-02-22 19:12:45,684 [DEBUG] TrafficAI.MQTT [app.py:1000]: Context update: speed=0.0 veh=0 ok=True
2026-02-22 19:12:45,685 [DEBUG] TrafficAI.MQTT [app.py:1000]: Context update: speed=0.0 veh=0 ok=True
2026-02-22 19:12:45,685 [DEBUG] TrafficAI.MQTT [app.py:1000]: Context update: speed=0.0 veh=0 ok=True
2026-02-22 19:12:45,944 [DEBUG] TrafficAI.MQTT [app.py:1000]: Context update: speed=0.0 veh=0 ok=True
2026-02-22 19:12:45,945 [DEBUG] TrafficAI.MQTT [app.py:1000]: Context update: speed=0.0 veh=0 ok=True
2026-02-22 19:12:46,207 [DEBUG] TrafficAI.MQTT [app.py:1000]: Context update: speed=0.0 veh=0 ok=True
2026-02-22 19:12:46,208 [DEBUG] TrafficAI.MQTT [app.py:1000]: Context update: speed=0.0 veh=0 ok=True
2026-02-22 19:12:46,471 [DEBUG] TrafficAI.MQTT [app.py:1000]: Context update: speed=0.0 veh=0 ok=True
2026-02-22 19:12:46,471 [DEBUG] TrafficAI.MQTT [app.py:1000]: Context update: speed=0.0 veh=0 ok=True
2026-02-22 19:12:46,471 [DEBUG] TrafficAI.MQTT [app.py:1000]: Context update: speed=0.0 veh=0 ok=True
2026-02-22 19:12:46,732 [DEBUG] TrafficAI.MQTT [app.py:1000]: Context update: speed=0.0 veh=0 ok=True
2026-02-22 19:12:46,732 [DEBUG] TrafficAI.MQTT [app.py:1000]: Context update: speed=0.0 veh=0 ok=True
2026-02-22 19:12:46,992 [DEBUG] TrafficAI.MQTT [app.py:1000]: Context update: speed=0.0 veh=0 ok=True
2026-02-22 19:12:46,993 [DEBUG] TrafficAI.MQTT [app.py:1000]: Context update: speed=0.0 veh=0 ok=True
2026-02-22 19:12:46,993 [DEBUG] TrafficAI.MQTT [app.py:1000]: Context update: speed=0.0 veh=0 ok=True
2026-02-22 19:12:47,256 [DEBUG] TrafficAI.MQTT [app.py:1000]: Context update: speed=0.0 veh=0 ok=True
2026-02-22 19:12:47,256 [DEBUG] TrafficAI.MQTT [app.py:1000]: Context update: speed=0.0 veh=0 ok=True
2026-02-22 19:12:47,256 [DEBUG] TrafficAI.MQTT [app.py:1000]: Context update: speed=0.0 veh=0 ok=True
2026-02-22 19:12:47,843 [DEBUG] TrafficAI.MQTT [app.py:1000]: Context update: speed=0.0 veh=0 ok=True
2026-02-22 19:12:47,843 [DEBUG] TrafficAI.MQTT [app.py:1000]: Context update: speed=0.0 veh=0 ok=True
2026-02-22 19:12:47,844 [DEBUG] TrafficAI.MQTT [app.py:1000]: Context update: speed=0.0 veh=0 ok=True
2026-02-22 19:12:47,844 [DEBUG] TrafficAI.MQTT [app.py:1000]: Context update: speed=0.0 veh=0 ok=True
2026-02-22 19:12:47,844 [DEBUG] TrafficAI.MQTT [app.py:1000]: Context update: speed=0.0 veh=0 ok=True
2026-02-22 19:12:48,146 [DEBUG] TrafficAI.MQTT [app.py:1000]: Context update: speed=0.0 veh=0 ok=True
2026-02-22 19:12:48,146 [DEBUG] TrafficAI.MQTT [app.py:1000]: Context update: speed=0.0 veh=0 ok=True
2026-02-22 19:12:48,146 [DEBUG] TrafficAI.MQTT [app.py:1000]: Context update: speed=0.0 veh=0 ok=True
2026-02-22 19:12:48,408 [DEBUG] TrafficAI.MQTT [app.py:1000]: Context update: speed=0.0 veh=0 ok=True
2026-02-22 19:12:48,409 [DEBUG] TrafficAI.MQTT [app.py:1000]: Context update: speed=0.0 veh=0 ok=True
2026-02-22 19:12:48,409 [DEBUG] TrafficAI.MQTT [app.py:1000]: Context update: speed=0.0 veh=0 ok=True
2026-02-22 19:12:48,670 [DEBUG] TrafficAI.MQTT [app.py:1000]: Context update: speed=0.0 veh=0 ok=True
2026-02-22 19:12:48,670 [DEBUG] TrafficAI.MQTT [app.py:1000]: Context update: speed=0.0 veh=0 ok=True
2026-02-22 19:12:48,932 [DEBUG] TrafficAI.MQTT [app.py:1000]: Context update: speed=0.0 veh=0 ok=True
2026-02-22 19:12:48,932 [DEBUG] TrafficAI.MQTT [app.py:1000]: Context update: speed=0.0 veh=0 ok=True
2026-02-22 19:12:48,932 [DEBUG] TrafficAI.MQTT [app.py:1000]: Context update: speed=0.0 veh=0 ok=True
2026-02-22 19:12:49,194 [DEBUG] TrafficAI.MQTT [app.py:1000]: Context update: speed=0.0 veh=0 ok=True
2026-02-22 19:12:49,195 [DEBUG] TrafficAI.MQTT [app.py:1000]: Context update: speed=0.0 veh=0 ok=True
2026-02-22 19:12:49,457 [DEBUG] TrafficAI.MQTT [app.py:1000]: Context update: speed=0.0 veh=0 ok=True
2026-02-22 19:12:49,457 [DEBUG] TrafficAI.MQTT [app.py:1000]: Context update: speed=0.0 veh=0 ok=True
2026-02-22 19:12:49,457 [DEBUG] TrafficAI.MQTT [app.py:1000]: Context update: speed=0.0 veh=0 ok=True
2026-02-22 19:12:49,721 [DEBUG] TrafficAI.MQTT [app.py:1000]: Context update: speed=0.0 veh=0 ok=True
2026-02-22 19:12:49,722 [DEBUG] TrafficAI.MQTT [app.py:1000]: Context update: speed=0.0 veh=0 ok=True
2026-02-22 19:12:49,984 [DEBUG] TrafficAI.MQTT [app.py:1000]: Context update: speed=0.0 veh=0 ok=True
2026-02-22 19:12:49,985 [DEBUG] TrafficAI.MQTT [app.py:1000]: Context update: speed=0.0 veh=0 ok=True
2026-02-22 19:12:49,985 [DEBUG] TrafficAI.MQTT [app.py:1000]: Context update: speed=0.0 veh=0 ok=True
2026-02-22 19:12:50,243 [DEBUG] TrafficAI.MQTT [app.py:1000]: Context update: speed=0.0 veh=0 ok=True
2026-02-22 19:12:50,244 [DEBUG] TrafficAI.MQTT [app.py:1000]: Context update: speed=0.0 veh=0 ok=True
2026-02-22 19:12:50,508 [DEBUG] TrafficAI.MQTT [app.py:1000]: Context update: speed=0.0 veh=0 ok=True
2026-02-22 19:12:50,509 [DEBUG] TrafficAI.MQTT [app.py:1000]: Context update: speed=0.0 veh=0 ok=True
2026-02-22 19:12:50,509 [DEBUG] TrafficAI.MQTT [app.py:1000]: Context update: speed=0.0 veh=0 ok=True
2026-02-22 19:12:50,767 [DEBUG] TrafficAI.MQTT [app.py:1000]: Context update: speed=0.0 veh=0 ok=True
2026-02-22 19:12:50,768 [DEBUG] TrafficAI.MQTT [app.py:1000]: Context update: speed=0.0 veh=0 ok=True
2026-02-22 19:12:51,351 [DEBUG] TrafficAI.MQTT [app.py:1000]: Context update: speed=0.0 veh=0 ok=True
2026-02-22 19:12:51,351 [DEBUG] TrafficAI.MQTT [app.py:1000]: Context update: speed=0.0 veh=0 ok=True
2026-02-22 19:12:51,352 [DEBUG] TrafficAI.MQTT [app.py:1000]: Context update: speed=0.0 veh=0 ok=True
2026-02-22 19:12:51,352 [DEBUG] TrafficAI.MQTT [app.py:1000]: Context update: speed=0.0 veh=0 ok=True
2026-02-22 19:12:51,352 [DEBUG] TrafficAI.MQTT [app.py:1000]: Context update: speed=0.0 veh=0 ok=True
2026-02-22 19:12:51,352 [DEBUG] TrafficAI.MQTT [app.py:1000]: Context update: speed=0.0 veh=0 ok=True
2026-02-22 19:12:51,615 [DEBUG] TrafficAI.MQTT [app.py:1000]: Context update: speed=0.0 veh=0 ok=True
2026-02-22 19:12:51,616 [DEBUG] TrafficAI.MQTT [app.py:1000]: Context update: speed=0.0 veh=0 ok=True
2026-02-22 19:12:51,821 [INFO] TrafficAI.LaptopCam [app.py:244]: 🎥 Laptop camera worker starting...
2026-02-22 19:12:51,821 [INFO] TrafficAI.LaptopCam [app.py:337]: 🎥 Laptop camera started by 127.0.0.1
2026-02-22 19:12:51,877 [DEBUG] TrafficAI.MQTT [app.py:1000]: Context update: speed=0.0 veh=0 ok=True
2026-02-22 19:12:51,877 [DEBUG] TrafficAI.MQTT [app.py:1000]: Context update: speed=0.0 veh=0 ok=True
2026-02-22 19:12:51,878 [DEBUG] TrafficAI.MQTT [app.py:1000]: Context update: speed=0.0 veh=0 ok=True
2026-02-22 19:12:52,139 [DEBUG] TrafficAI.MQTT [app.py:1000]: Context update: speed=0.0 veh=0 ok=True
2026-02-22 19:12:52,139 [DEBUG] TrafficAI.MQTT [app.py:1000]: Context update: speed=0.0 veh=0 ok=True
2026-02-22 19:12:53,232 [DEBUG] TrafficAI.MQTT [app.py:1000]: Context update: speed=0.0 veh=0 ok=True
2026-02-22 19:12:54,419 [INFO] TrafficAI.LaptopCam [app.py:250]: ✅ Webcam opened 1024x768
2026-02-22 19:12:54,493 [DEBUG] TrafficAI.MQTT [app.py:1000]: Context update: speed=0.0 veh=0 ok=True
2026-02-22 19:12:54,939 [DEBUG] TrafficAI.MQTT [app.py:1000]: Context update: speed=0.0 veh=0 ok=True
2026-02-22 19:12:55,201 [DEBUG] TrafficAI.MQTT [app.py:1000]: Context update: speed=0.0 veh=0 ok=True
2026-02-22 19:12:55,466 [DEBUG] TrafficAI.MQTT [app.py:1000]: Context update: speed=0.0 veh=0 ok=True
2026-02-22 19:12:55,467 [DEBUG] TrafficAI.MQTT [app.py:1000]: Context update: speed=0.0 veh=0 ok=True
2026-02-22 19:12:55,731 [DEBUG] TrafficAI.MQTT [app.py:1000]: Context update: speed=0.0 veh=0 ok=True
2026-02-22 19:12:55,995 [DEBUG] TrafficAI.MQTT [app.py:1000]: Context update: speed=0.0 veh=0 ok=True
2026-02-22 19:12:55,995 [DEBUG] TrafficAI.MQTT [app.py:1000]: Context update: speed=0.0 veh=0 ok=True
2026-02-22 19:12:56,250 [DEBUG] TrafficAI.MQTT [app.py:1000]: Context update: speed=0.0 veh=0 ok=True
2026-02-22 19:12:56,250 [DEBUG] TrafficAI.MQTT [app.py:1000]: Context update: speed=0.0 veh=0 ok=True
2026-02-22 19:12:56,514 [DEBUG] TrafficAI.MQTT [app.py:1000]: Context update: speed=0.0 veh=0 ok=True
2026-02-22 19:12:56,775 [DEBUG] TrafficAI.MQTT [app.py:1000]: Context update: speed=0.0 veh=0 ok=True
2026-02-22 19:12:56,776 [DEBUG] TrafficAI.MQTT [app.py:1000]: Context update: speed=0.0 veh=0 ok=True
2026-02-22 19:12:58,087 [DEBUG] TrafficAI.MQTT [app.py:1000]: Context update: speed=0.0 veh=0 ok=True
2026-02-22 19:12:58,088 [DEBUG] TrafficAI.MQTT [app.py:1000]: Context update: speed=0.0 veh=0 ok=True
2026-02-22 19:12:58,088 [DEBUG] TrafficAI.MQTT [app.py:1000]: Context update: speed=0.0 veh=0 ok=True
2026-02-22 19:12:58,088 [DEBUG] TrafficAI.MQTT [app.py:1000]: Context update: speed=0.0 veh=0 ok=True
2026-02-22 19:12:58,088 [DEBUG] TrafficAI.MQTT [app.py:1000]: Context update: speed=0.0 veh=0 ok=True
2026-02-22 19:12:58,107 [DEBUG] TrafficAI.MQTT [app.py:1000]: Context update: speed=0.0 veh=0 ok=True
2026-02-22 19:12:58,107 [DEBUG] TrafficAI.MQTT [app.py:1000]: Context update: speed=0.0 veh=0 ok=True
2026-02-22 19:12:58,347 [DEBUG] TrafficAI.MQTT [app.py:1000]: Context update: speed=0.0 veh=0 ok=True
2026-02-22 19:12:58,348 [DEBUG] TrafficAI.MQTT [app.py:1000]: Context update: speed=0.0 veh=0 ok=True
2026-02-22 19:12:58,609 [DEBUG] TrafficAI.MQTT [app.py:1000]: Context update: speed=0.0 veh=0 ok=True
2026-02-22 19:12:58,609 [DEBUG] TrafficAI.MQTT [app.py:1000]: Context update: speed=0.0 veh=0 ok=True
2026-02-22 19:12:58,871 [DEBUG] TrafficAI.MQTT [app.py:1000]: Context update: speed=0.0 veh=0 ok=True
2026-02-22 19:12:59,133 [DEBUG] TrafficAI.MQTT [app.py:1000]: Context update: speed=0.0 veh=0 ok=True
2026-02-22 19:12:59,133 [DEBUG] TrafficAI.MQTT [app.py:1000]: Context update: speed=0.0 veh=0 ok=True
2026-02-22 19:12:59,395 [DEBUG] TrafficAI.MQTT [app.py:1000]: Context update: speed=0.0 veh=0 ok=True
2026-02-22 19:12:59,657 [DEBUG] TrafficAI.MQTT [app.py:1000]: Context update: speed=0.0 veh=0 ok=True
2026-02-22 19:12:59,658 [DEBUG] TrafficAI.MQTT [app.py:1000]: Context update: speed=0.0 veh=0 ok=True
2026-02-22 19:12:59,658 [DEBUG] TrafficAI.MQTT [app.py:1000]: Context update: speed=0.0 veh=0 ok=True
2026-02-22 19:12:59,920 [DEBUG] TrafficAI.MQTT [app.py:1000]: Context update: speed=0.0 veh=0 ok=True
2026-02-22 19:12:59,920 [DEBUG] TrafficAI.MQTT [app.py:1000]: Context update: speed=0.0 veh=0 ok=True
2026-02-22 19:13:00,181 [DEBUG] TrafficAI.MQTT [app.py:1000]: Context update: speed=0.0 veh=0 ok=True
2026-02-22 19:13:00,443 [DEBUG] TrafficAI.MQTT [app.py:1000]: Context update: speed=0.0 veh=0 ok=True
2026-02-22 19:13:00,443 [DEBUG] TrafficAI.MQTT [app.py:1000]: Context update: speed=0.0 veh=0 ok=True
2026-02-22 19:13:00,707 [DEBUG] TrafficAI.MQTT [app.py:1000]: Context update: speed=0.0 veh=0 ok=True
2026-02-22 19:13:00,708 [DEBUG] TrafficAI.MQTT [app.py:1000]: Context update: speed=0.0 veh=0 ok=True
2026-02-22 19:13:00,972 [DEBUG] TrafficAI.MQTT [app.py:1000]: Context update: speed=0.0 veh=0 ok=True
2026-02-22 19:13:01,235 [DEBUG] TrafficAI.MQTT [app.py:1000]: Context update: speed=0.0 veh=0 ok=True
2026-02-22 19:13:01,235 [DEBUG] TrafficAI.MQTT [app.py:1000]: Context update: speed=0.0 veh=0 ok=True
2026-02-22 19:13:01,512 [DEBUG] TrafficAI.MQTT [app.py:1000]: Context update: speed=0.0 veh=0 ok=True
2026-02-22 19:13:01,513 [DEBUG] TrafficAI.MQTT [app.py:1000]: Context update: speed=0.0 veh=0 ok=True
2026-02-22 19:13:01,759 [DEBUG] TrafficAI.MQTT [app.py:1000]: Context update: speed=0.0 veh=0 ok=True
2026-02-22 19:13:01,759 [DEBUG] TrafficAI.MQTT [app.py:1000]: Context update: speed=0.0 veh=0 ok=True
2026-02-22 19:13:01,759 [DEBUG] TrafficAI.MQTT [app.py:1000]: Context update: speed=0.0 veh=0 ok=True
2026-02-22 19:13:02,022 [DEBUG] TrafficAI.MQTT [app.py:1000]: Context update: speed=0.0 veh=0 ok=True
2026-02-22 19:13:02,285 [DEBUG] TrafficAI.MQTT [app.py:1000]: Context update: speed=0.0 veh=0 ok=True
2026-02-22 19:13:02,285 [DEBUG] TrafficAI.MQTT [app.py:1000]: Context update: speed=0.0 veh=0 ok=True
2026-02-22 19:13:02,286 [DEBUG] TrafficAI.MQTT [app.py:1000]: Context update: speed=0.0 veh=0 ok=True
2026-02-22 19:13:02,548 [DEBUG] TrafficAI.MQTT [app.py:1000]: Context update: speed=0.0 veh=0 ok=True
2026-02-22 19:13:02,548 [DEBUG] TrafficAI.MQTT [app.py:1000]: Context update: speed=0.0 veh=0 ok=True
2026-02-22 19:13:02,810 [DEBUG] TrafficAI.MQTT [app.py:1000]: Context update: speed=0.0 veh=0 ok=True
2026-02-22 19:13:02,810 [DEBUG] TrafficAI.MQTT [app.py:1000]: Context update: speed=0.0 veh=0 ok=True
2026-02-22 19:13:03,393 [DEBUG] TrafficAI.MQTT [app.py:1000]: Context update: speed=0.0 veh=0 ok=True
2026-02-22 19:13:03,394 [DEBUG] TrafficAI.MQTT [app.py:1000]: Context update: speed=0.0 veh=0 ok=True
2026-02-22 19:13:03,394 [DEBUG] TrafficAI.MQTT [app.py:1000]: Context update: speed=0.0 veh=0 ok=True
2026-02-22 19:13:03,395 [DEBUG] TrafficAI.MQTT [app.py:1000]: Context update: speed=0.0 veh=0 ok=True
2026-02-22 19:13:03,395 [DEBUG] TrafficAI.MQTT [app.py:1000]: Context update: speed=0.0 veh=0 ok=True
2026-02-22 19:13:03,655 [DEBUG] TrafficAI.MQTT [app.py:1000]: Context update: speed=0.0 veh=0 ok=True
2026-02-22 19:13:03,655 [DEBUG] TrafficAI.MQTT [app.py:1000]: Context update: speed=0.0 veh=0 ok=True
2026-02-22 19:13:03,655 [DEBUG] TrafficAI.MQTT [app.py:1000]: Context update: speed=0.0 veh=0 ok=True
2026-02-22 19:13:03,917 [DEBUG] TrafficAI.MQTT [app.py:1000]: Context update: speed=0.0 veh=0 ok=True
2026-02-22 19:13:04,187 [DEBUG] TrafficAI.MQTT [app.py:1000]: Context update: speed=0.0 veh=0 ok=True
2026-02-22 19:13:04,187 [DEBUG] TrafficAI.MQTT [app.py:1000]: Context update: speed=0.0 veh=0 ok=True
2026-02-22 19:13:04,449 [DEBUG] TrafficAI.MQTT [app.py:1000]: Context update: speed=0.0 veh=0 ok=True
2026-02-22 19:13:04,450 [DEBUG] TrafficAI.MQTT [app.py:1000]: Context update: speed=0.0 veh=0 ok=True
2026-02-22 19:13:04,711 [DEBUG] TrafficAI.MQTT [app.py:1000]: Context update: speed=0.0 veh=0 ok=True
2026-02-22 19:13:04,975 [DEBUG] TrafficAI.MQTT [app.py:1000]: Context update: speed=0.0 veh=0 ok=True
2026-02-22 19:13:04,976 [DEBUG] TrafficAI.MQTT [app.py:1000]: Context update: speed=0.0 veh=0 ok=True
2026-02-22 19:13:05,236 [DEBUG] TrafficAI.MQTT [app.py:1000]: Context update: speed=0.0 veh=0 ok=True
2026-02-22 19:13:05,499 [DEBUG] TrafficAI.MQTT [app.py:1000]: Context update: speed=0.0 veh=0 ok=True
2026-02-22 19:13:05,499 [DEBUG] TrafficAI.MQTT [app.py:1000]: Context update: speed=0.0 veh=0 ok=True
2026-02-22 19:13:06,423 [DEBUG] TrafficAI.MQTT [app.py:1000]: Context update: speed=0.0 veh=0 ok=True
2026-02-22 19:13:06,424 [DEBUG] TrafficAI.MQTT [app.py:1000]: Context update: speed=0.0 veh=0 ok=True
2026-02-22 19:13:06,424 [DEBUG] TrafficAI.MQTT [app.py:1000]: Context update: speed=0.0 veh=0 ok=True
2026-02-22 19:13:06,424 [DEBUG] TrafficAI.MQTT [app.py:1000]: Context update: speed=0.0 veh=0 ok=True
2026-02-22 19:13:06,424 [DEBUG] TrafficAI.MQTT [app.py:1000]: Context update: speed=0.0 veh=0 ok=True
2026-02-22 19:13:06,424 [DEBUG] TrafficAI.MQTT [app.py:1000]: Context update: speed=0.0 veh=0 ok=True
2026-02-22 19:13:06,425 [DEBUG] TrafficAI.MQTT [app.py:1000]: Context update: speed=0.0 veh=0 ok=True
2026-02-22 19:13:07,024 [DEBUG] TrafficAI.MQTT [app.py:1000]: Context update: speed=0.0 veh=0 ok=True
2026-02-22 19:13:07,024 [DEBUG] TrafficAI.MQTT [app.py:1000]: Context update: speed=0.0 veh=0 ok=True
2026-02-22 19:13:07,025 [DEBUG] TrafficAI.MQTT [app.py:1000]: Context update: speed=0.0 veh=0 ok=True
2026-02-22 19:13:07,025 [DEBUG] TrafficAI.MQTT [app.py:1000]: Context update: speed=0.0 veh=0 ok=True
2026-02-22 19:13:07,276 [DEBUG] TrafficAI.MQTT [app.py:1000]: Context update: speed=0.0 veh=0 ok=True
2026-02-22 19:13:07,277 [DEBUG] TrafficAI.MQTT [app.py:1000]: Context update: speed=0.0 veh=0 ok=True
2026-02-22 19:13:07,873 [DEBUG] TrafficAI.MQTT [app.py:1000]: Context update: speed=0.0 veh=0 ok=True
2026-02-22 19:13:07,873 [DEBUG] TrafficAI.MQTT [app.py:1000]: Context update: speed=0.0 veh=0 ok=True
2026-02-22 19:13:07,873 [DEBUG] TrafficAI.MQTT [app.py:1000]: Context update: speed=0.0 veh=0 ok=True
2026-02-22 19:13:07,874 [DEBUG] TrafficAI.MQTT [app.py:1000]: Context update: speed=0.0 veh=0 ok=True
2026-02-22 19:13:08,127 [DEBUG] TrafficAI.MQTT [app.py:1000]: Context update: speed=0.0 veh=0 ok=True
2026-02-22 19:13:08,389 [DEBUG] TrafficAI.MQTT [app.py:1000]: Context update: speed=0.0 veh=0 ok=True
2026-02-22 19:13:08,390 [DEBUG] TrafficAI.MQTT [app.py:1000]: Context update: speed=0.0 veh=0 ok=True
2026-02-22 19:13:08,651 [DEBUG] TrafficAI.MQTT [app.py:1000]: Context update: speed=0.0 veh=0 ok=True
2026-02-22 19:13:08,913 [DEBUG] TrafficAI.MQTT [app.py:1000]: Context update: speed=0.0 veh=0 ok=True
2026-02-22 19:13:08,914 [DEBUG] TrafficAI.MQTT [app.py:1000]: Context update: speed=0.0 veh=0 ok=True
2026-02-22 19:13:09,175 [DEBUG] TrafficAI.MQTT [app.py:1000]: Context update: speed=0.0 veh=0 ok=True
2026-02-22 19:13:09,176 [DEBUG] TrafficAI.MQTT [app.py:1000]: Context update: speed=0.0 veh=0 ok=True
2026-02-22 19:13:09,437 [DEBUG] TrafficAI.MQTT [app.py:1000]: Context update: speed=0.0 veh=0 ok=True
2026-02-22 19:13:09,700 [DEBUG] TrafficAI.MQTT [app.py:1000]: Context update: speed=0.0 veh=0 ok=True
2026-02-22 19:13:09,961 [DEBUG] TrafficAI.MQTT [app.py:1000]: Context update: speed=0.0 veh=0 ok=True
2026-02-22 19:13:09,961 [DEBUG] TrafficAI.MQTT [app.py:1000]: Context update: speed=0.0 veh=0 ok=True
2026-02-22 19:13:10,223 [DEBUG] TrafficAI.MQTT [app.py:1000]: Context update: speed=0.0 veh=0 ok=True
2026-02-22 19:13:10,486 [DEBUG] TrafficAI.MQTT [app.py:1000]: Context update: speed=0.0 veh=0 ok=True
2026-02-22 19:13:10,487 [DEBUG] TrafficAI.MQTT [app.py:1000]: Context update: speed=0.0 veh=0 ok=True
2026-02-22 19:13:10,748 [DEBUG] TrafficAI.MQTT [app.py:1000]: Context update: speed=0.0 veh=0 ok=True
2026-02-22 19:13:11,011 [DEBUG] TrafficAI.MQTT [app.py:1000]: Context update: speed=0.0 veh=0 ok=True
2026-02-22 19:13:11,273 [DEBUG] TrafficAI.MQTT [app.py:1000]: Context update: speed=0.0 veh=0 ok=True
2026-02-22 19:13:11,274 [DEBUG] TrafficAI.MQTT [app.py:1000]: Context update: speed=0.0 veh=0 ok=True
2026-02-22 19:13:11,856 [DEBUG] TrafficAI.MQTT [app.py:1000]: Context update: speed=0.0 veh=0 ok=True
2026-02-22 19:13:11,856 [DEBUG] TrafficAI.MQTT [app.py:1000]: Context update: speed=0.0 veh=0 ok=True
2026-02-22 19:13:11,856 [DEBUG] TrafficAI.MQTT [app.py:1000]: Context update: speed=0.0 veh=0 ok=True
2026-02-22 19:13:11,857 [DEBUG] TrafficAI.MQTT [app.py:1000]: Context update: speed=0.0 veh=0 ok=True
2026-02-22 19:13:11,919 [DEBUG] TrafficAI.LaptopCam [app.py:382]: Snapshot request: plate=SNAP-00001 inject=False
2026-02-22 19:13:11,920 [DEBUG] TrafficAI.LaptopCam [app.py:394]: Snapshot saved: 1771762391_SNAP-00001_laptop.jpg
2026-02-22 19:13:11,935 [WARNING] TrafficAI.Violation [app.py:898]: 🚨 Violation #1: SNAP-00001 | MOTORBIKE | 14.2km/h | conf=0.87
2026-02-22 19:13:11,945 [DEBUG] TrafficAI.ThingsBoard [app.py:667]: ThingsBoard token not set — skipping telemetry push
2026-02-22 19:13:11,956 [WARNING] TrafficAI.LaptopCam [app.py:415]: Snapshot violation recorded: SNAP-00001
2026-02-22 19:13:12,118 [DEBUG] TrafficAI.MQTT [app.py:1000]: Context update: speed=0.0 veh=0 ok=True
2026-02-22 19:13:12,118 [DEBUG] TrafficAI.MQTT [app.py:1000]: Context update: speed=0.0 veh=0 ok=True
2026-02-22 19:13:12,386 [DEBUG] TrafficAI.MQTT [app.py:1000]: Context update: speed=0.0 veh=0 ok=True
2026-02-22 19:13:12,962 [DEBUG] TrafficAI.MQTT [app.py:1000]: Context update: speed=0.0 veh=0 ok=True
2026-02-22 19:13:12,963 [DEBUG] TrafficAI.MQTT [app.py:1000]: Context update: speed=0.0 veh=0 ok=True
2026-02-22 19:13:12,963 [DEBUG] TrafficAI.MQTT [app.py:1000]: Context update: speed=0.0 veh=0 ok=True
2026-02-22 19:13:13,225 [DEBUG] TrafficAI.MQTT [app.py:1000]: Context update: speed=0.0 veh=0 ok=True
2026-02-22 19:13:13,225 [DEBUG] TrafficAI.MQTT [app.py:1000]: Context update: speed=0.0 veh=0 ok=True
2026-02-22 19:13:13,488 [DEBUG] TrafficAI.MQTT [app.py:1000]: Context update: speed=0.0 veh=0 ok=True
2026-02-22 19:13:13,750 [DEBUG] TrafficAI.MQTT [app.py:1000]: Context update: speed=0.0 veh=0 ok=True
2026-02-22 19:13:14,013 [DEBUG] TrafficAI.MQTT [app.py:1000]: Context update: speed=0.0 veh=0 ok=True
2026-02-22 19:13:14,014 [DEBUG] TrafficAI.MQTT [app.py:1000]: Context update: speed=0.0 veh=0 ok=True
2026-02-22 19:13:14,275 [DEBUG] TrafficAI.MQTT [app.py:1000]: Context update: speed=0.0 veh=0 ok=True
2026-02-22 19:13:14,543 [DEBUG] TrafficAI.MQTT [app.py:1000]: Context update: speed=0.0 veh=0 ok=True
2026-02-22 19:13:14,802 [DEBUG] TrafficAI.MQTT [app.py:1000]: Context update: speed=0.0 veh=0 ok=True
2026-02-22 19:13:14,802 [DEBUG] TrafficAI.MQTT [app.py:1000]: Context update: speed=0.0 veh=0 ok=True
2026-02-22 19:13:15,063 [DEBUG] TrafficAI.MQTT [app.py:1000]: Context update: speed=0.0 veh=0 ok=True
2026-02-22 19:13:15,327 [DEBUG] TrafficAI.MQTT [app.py:1000]: Context update: speed=0.0 veh=0 ok=True
2026-02-22 19:13:15,913 [DEBUG] TrafficAI.MQTT [app.py:1000]: Context update: speed=0.0 veh=0 ok=True
2026-02-22 19:13:15,914 [DEBUG] TrafficAI.MQTT [app.py:1000]: Context update: speed=0.0 veh=0 ok=True
2026-02-22 19:13:15,915 [DEBUG] TrafficAI.MQTT [app.py:1000]: Context update: speed=0.0 veh=0 ok=True
2026-02-22 19:13:15,915 [DEBUG] TrafficAI.MQTT [app.py:1000]: Context update: speed=0.0 veh=0 ok=True
2026-02-22 19:13:16,173 [DEBUG] TrafficAI.MQTT [app.py:1000]: Context update: speed=0.0 veh=0 ok=True
2026-02-22 19:13:16,173 [DEBUG] TrafficAI.MQTT [app.py:1000]: Context update: speed=0.0 veh=0 ok=True
2026-02-22 19:13:16,436 [DEBUG] TrafficAI.MQTT [app.py:1000]: Context update: speed=0.0 veh=0 ok=True
2026-02-22 19:13:16,698 [DEBUG] TrafficAI.MQTT [app.py:1000]: Context update: speed=0.0 veh=0 ok=True
2026-02-22 19:13:16,698 [DEBUG] TrafficAI.MQTT [app.py:1000]: Context update: speed=0.0 veh=0 ok=True
2026-02-22 19:13:16,698 [DEBUG] TrafficAI.MQTT [app.py:1000]: Context update: speed=0.0 veh=0 ok=True
2026-02-22 19:13:16,960 [DEBUG] TrafficAI.MQTT [app.py:1000]: Context update: speed=0.0 veh=0 ok=True
2026-02-22 19:13:17,222 [DEBUG] TrafficAI.MQTT [app.py:1000]: Context update: speed=0.0 veh=0 ok=True
2026-02-22 19:13:17,484 [DEBUG] TrafficAI.MQTT [app.py:1000]: Context update: speed=0.0 veh=0 ok=True
2026-02-22 19:13:17,485 [DEBUG] TrafficAI.MQTT [app.py:1000]: Context update: speed=0.0 veh=0 ok=True
2026-02-22 19:13:17,485 [DEBUG] TrafficAI.MQTT [app.py:1000]: Context update: speed=0.0 veh=0 ok=True
2026-02-22 19:13:17,746 [DEBUG] TrafficAI.MQTT [app.py:1000]: Context update: speed=0.0 veh=0 ok=True
2026-02-22 19:13:18,008 [DEBUG] TrafficAI.MQTT [app.py:1000]: Context update: speed=0.0 veh=0 ok=True
2026-02-22 19:13:18,271 [DEBUG] TrafficAI.MQTT [app.py:1000]: Context update: speed=0.0 veh=0 ok=True
2026-02-22 19:13:18,271 [DEBUG] TrafficAI.MQTT [app.py:1000]: Context update: speed=0.0 veh=0 ok=True
2026-02-22 19:13:18,556 [DEBUG] TrafficAI.MQTT [app.py:1000]: Context update: speed=0.0 veh=0 ok=True
2026-02-22 19:13:18,796 [DEBUG] TrafficAI.MQTT [app.py:1000]: Context update: speed=0.0 veh=0 ok=True
2026-02-22 19:13:19,058 [DEBUG] TrafficAI.MQTT [app.py:1000]: Context update: speed=0.0 veh=0 ok=True
2026-02-22 19:13:19,058 [DEBUG] TrafficAI.MQTT [app.py:1000]: Context update: speed=0.0 veh=0 ok=True
2026-02-22 19:13:19,322 [DEBUG] TrafficAI.MQTT [app.py:1000]: Context update: speed=0.0 veh=0 ok=True
2026-02-22 19:13:19,583 [DEBUG] TrafficAI.MQTT [app.py:1000]: Context update: speed=0.0 veh=0 ok=True
2026-02-22 19:13:19,584 [DEBUG] TrafficAI.MQTT [app.py:1000]: Context update: speed=0.0 veh=0 ok=True
2026-02-22 19:13:19,847 [DEBUG] TrafficAI.MQTT [app.py:1000]: Context update: speed=0.0 veh=0 ok=True
2026-02-22 19:13:20,108 [DEBUG] TrafficAI.MQTT [app.py:1000]: Context update: speed=0.0 veh=0 ok=True
2026-02-22 19:13:20,371 [DEBUG] TrafficAI.MQTT [app.py:1000]: Context update: speed=0.0 veh=0 ok=True
2026-02-22 19:13:20,371 [DEBUG] TrafficAI.MQTT [app.py:1000]: Context update: speed=0.0 veh=0 ok=True
2026-02-22 19:13:20,633 [DEBUG] TrafficAI.MQTT [app.py:1000]: Context update: speed=0.0 veh=0 ok=True
2026-02-22 19:13:20,904 [DEBUG] TrafficAI.MQTT [app.py:1000]: Context update: speed=0.0 veh=0 ok=True
2026-02-22 19:13:20,904 [DEBUG] TrafficAI.MQTT [app.py:1000]: Context update: speed=0.0 veh=0 ok=True
2026-02-22 19:13:21,156 [DEBUG] TrafficAI.MQTT [app.py:1000]: Context update: speed=0.0 veh=0 ok=True
2026-02-22 19:13:21,419 [DEBUG] TrafficAI.MQTT [app.py:1000]: Context update: speed=0.0 veh=0 ok=True
2026-02-22 19:13:21,420 [DEBUG] TrafficAI.MQTT [app.py:1000]: Context update: speed=0.0 veh=0 ok=True
2026-02-22 19:13:21,420 [DEBUG] TrafficAI.MQTT [app.py:1000]: Context update: speed=0.0 veh=0 ok=True
2026-02-22 19:13:21,680 [DEBUG] TrafficAI.MQTT [app.py:1000]: Context update: speed=0.0 veh=0 ok=True
2026-02-22 19:13:21,681 [DEBUG] TrafficAI.MQTT [app.py:1000]: Context update: speed=0.0 veh=0 ok=True
2026-02-22 19:13:21,681 [DEBUG] TrafficAI.MQTT [app.py:1000]: Context update: speed=0.0 veh=0 ok=True
2026-02-22 19:13:21,942 [DEBUG] TrafficAI.MQTT [app.py:1000]: Context update: speed=0.0 veh=0 ok=True
2026-02-22 19:13:22,229 [DEBUG] TrafficAI.MQTT [app.py:1000]: Context update: speed=0.0 veh=0 ok=True
2026-02-22 19:13:22,466 [DEBUG] TrafficAI.MQTT [app.py:1000]: Context update: speed=0.0 veh=0 ok=True
2026-02-22 19:13:22,728 [DEBUG] TrafficAI.MQTT [app.py:1000]: Context update: speed=0.0 veh=0 ok=True
2026-02-22 19:13:22,729 [DEBUG] TrafficAI.MQTT [app.py:1000]: Context update: speed=0.0 veh=0 ok=True
2026-02-22 19:13:22,992 [DEBUG] TrafficAI.MQTT [app.py:1000]: Context update: speed=0.0 veh=0 ok=True
2026-02-22 19:13:23,253 [DEBUG] TrafficAI.MQTT [app.py:1000]: Context update: speed=0.0 veh=0 ok=True
2026-02-22 19:13:23,515 [DEBUG] TrafficAI.MQTT [app.py:1000]: Context update: speed=0.0 veh=0 ok=True
2026-02-22 19:13:23,516 [DEBUG] TrafficAI.MQTT [app.py:1000]: Context update: speed=0.0 veh=0 ok=True
2026-02-22 19:13:23,516 [DEBUG] TrafficAI.MQTT [app.py:1000]: Context update: speed=0.0 veh=0 ok=True
2026-02-22 19:13:23,777 [DEBUG] TrafficAI.MQTT [app.py:1000]: Context update: speed=0.0 veh=0 ok=True
2026-02-22 19:13:23,778 [DEBUG] TrafficAI.MQTT [app.py:1000]: Context update: speed=0.0 veh=0 ok=True
2026-02-22 19:13:24,039 [DEBUG] TrafficAI.MQTT [app.py:1000]: Context update: speed=0.0 veh=0 ok=True
2026-02-22 19:13:24,301 [DEBUG] TrafficAI.MQTT [app.py:1000]: Context update: speed=0.0 veh=0 ok=True
2026-02-22 19:13:24,301 [DEBUG] TrafficAI.MQTT [app.py:1000]: Context update: speed=0.0 veh=0 ok=True
2026-02-22 19:13:24,889 [DEBUG] TrafficAI.MQTT [app.py:1000]: Context update: speed=0.0 veh=0 ok=True
2026-02-22 19:13:24,889 [DEBUG] TrafficAI.MQTT [app.py:1000]: Context update: speed=0.0 veh=0 ok=True
2026-02-22 19:13:24,889 [DEBUG] TrafficAI.MQTT [app.py:1000]: Context update: speed=0.0 veh=0 ok=True
2026-02-22 19:13:24,889 [DEBUG] TrafficAI.MQTT [app.py:1000]: Context update: speed=0.0 veh=0 ok=True
2026-02-22 19:13:24,889 [DEBUG] TrafficAI.MQTT [app.py:1000]: Context update: speed=0.0 veh=0 ok=True
2026-02-22 19:13:25,028 [INFO] TrafficAI.Theme [app.py:806]: Theme changed: neon-futuristic → neon-active (by=auto-worker auto=True)
2026-02-22 19:13:25,151 [DEBUG] TrafficAI.MQTT [app.py:1000]: Context update: speed=0.0 veh=0 ok=True
2026-02-22 19:13:25,151 [DEBUG] TrafficAI.MQTT [app.py:1000]: Context update: speed=0.0 veh=0 ok=True
2026-02-22 19:13:25,259 [INFO] TrafficAI.Theme [app.py:1013]: MQTT remote theme update: neon-active
2026-02-22 19:13:25,479 [DEBUG] TrafficAI.MQTT [app.py:1000]: Context update: speed=0.0 veh=0 ok=True
2026-02-22 19:13:25,479 [DEBUG] TrafficAI.MQTT [app.py:1000]: Context update: speed=0.0 veh=0 ok=True
2026-02-22 19:13:25,677 [DEBUG] TrafficAI.MQTT [app.py:1000]: Context update: speed=0.0 veh=0 ok=True
2026-02-22 19:13:25,677 [DEBUG] TrafficAI.MQTT [app.py:1000]: Context update: speed=0.0 veh=0 ok=True
2026-02-22 19:13:25,677 [DEBUG] TrafficAI.MQTT [app.py:1000]: Context update: speed=0.0 veh=0 ok=True
2026-02-22 19:13:25,938 [DEBUG] TrafficAI.MQTT [app.py:1000]: Context update: speed=0.0 veh=0 ok=True
2026-02-22 19:13:26,201 [DEBUG] TrafficAI.MQTT [app.py:1000]: Context update: speed=0.0 veh=0 ok=True
2026-02-22 19:13:26,201 [DEBUG] TrafficAI.MQTT [app.py:1000]: Context update: speed=0.0 veh=0 ok=True
2026-02-22 19:13:26,202 [DEBUG] TrafficAI.MQTT [app.py:1000]: Context update: speed=0.0 veh=0 ok=True
2026-02-22 19:13:26,461 [DEBUG] TrafficAI.MQTT [app.py:1000]: Context update: speed=0.0 veh=0 ok=True
2026-02-22 19:13:26,724 [DEBUG] TrafficAI.MQTT [app.py:1000]: Context update: speed=0.0 veh=0 ok=True
2026-02-22 19:13:26,724 [DEBUG] TrafficAI.MQTT [app.py:1000]: Context update: speed=0.0 veh=0 ok=True
2026-02-22 19:13:26,985 [DEBUG] TrafficAI.MQTT [app.py:1000]: Context update: speed=0.0 veh=0 ok=True
2026-02-22 19:13:27,248 [DEBUG] TrafficAI.MQTT [app.py:1000]: Context update: speed=0.0 veh=0 ok=True
2026-02-22 19:13:27,511 [DEBUG] TrafficAI.MQTT [app.py:1000]: Context update: speed=0.0 veh=0 ok=True
2026-02-22 19:13:27,511 [DEBUG] TrafficAI.MQTT [app.py:1000]: Context update: speed=0.0 veh=0 ok=True
2026-02-22 19:13:28,428 [DEBUG] TrafficAI.MQTT [app.py:1000]: Context update: speed=0.0 veh=0 ok=True
2026-02-22 19:13:28,429 [DEBUG] TrafficAI.MQTT [app.py:1000]: Context update: speed=0.0 veh=0 ok=True
2026-02-22 19:13:28,429 [DEBUG] TrafficAI.MQTT [app.py:1000]: Context update: speed=0.0 veh=0 ok=True
2026-02-22 19:13:28,430 [DEBUG] TrafficAI.MQTT [app.py:1000]: Context update: speed=0.0 veh=0 ok=True
2026-02-22 19:13:28,430 [DEBUG] TrafficAI.MQTT [app.py:1000]: Context update: speed=0.0 veh=0 ok=True
2026-02-22 19:13:28,430 [DEBUG] TrafficAI.MQTT [app.py:1000]: Context update: speed=0.0 veh=0 ok=True
2026-02-22 19:13:28,690 [DEBUG] TrafficAI.MQTT [app.py:1000]: Context update: speed=0.0 veh=0 ok=True
2026-02-22 19:13:28,690 [DEBUG] TrafficAI.MQTT [app.py:1000]: Context update: speed=0.0 veh=0 ok=True
2026-02-22 19:13:28,691 [DEBUG] TrafficAI.MQTT [app.py:1000]: Context update: speed=0.0 veh=0 ok=True
2026-02-22 19:13:28,966 [DEBUG] TrafficAI.MQTT [app.py:1000]: Context update: speed=0.0 veh=0 ok=True
2026-02-22 19:13:29,239 [DEBUG] TrafficAI.MQTT [app.py:1000]: Context update: speed=0.0 veh=0 ok=True
2026-02-22 19:13:29,247 [DEBUG] TrafficAI.MQTT [app.py:1000]: Context update: speed=0.0 veh=0 ok=True
2026-02-22 19:13:29,857 [DEBUG] TrafficAI.MQTT [app.py:1000]: Context update: speed=0.0 veh=0 ok=True
2026-02-22 19:13:29,858 [DEBUG] TrafficAI.MQTT [app.py:1000]: Context update: speed=0.0 veh=0 ok=True
2026-02-22 19:13:29,858 [DEBUG] TrafficAI.MQTT [app.py:1000]: Context update: speed=0.0 veh=0 ok=True
2026-02-22 19:13:29,859 [DEBUG] TrafficAI.MQTT [app.py:1000]: Context update: speed=0.0 veh=0 ok=True
2026-02-22 19:13:29,859 [DEBUG] TrafficAI.MQTT [app.py:1000]: Context update: speed=0.0 veh=0 ok=True
2026-02-22 19:13:30,131 [DEBUG] TrafficAI.MQTT [app.py:1000]: Context update: speed=0.0 veh=0 ok=True
2026-02-22 19:13:30,406 [DEBUG] TrafficAI.MQTT [app.py:1000]: Context update: speed=0.0 veh=0 ok=True
2026-02-22 19:13:30,406 [DEBUG] TrafficAI.MQTT [app.py:1000]: Context update: speed=0.0 veh=0 ok=True
2026-02-22 19:13:30,676 [DEBUG] TrafficAI.MQTT [app.py:1000]: Context update: speed=0.0 veh=0 ok=True
2026-02-22 19:13:31,301 [DEBUG] TrafficAI.MQTT [app.py:1000]: Context update: speed=0.0 veh=0 ok=True
2026-02-22 19:13:31,301 [DEBUG] TrafficAI.MQTT [app.py:1000]: Context update: speed=0.0 veh=0 ok=True
2026-02-22 19:13:31,301 [DEBUG] TrafficAI.MQTT [app.py:1000]: Context update: speed=0.0 veh=0 ok=True
2026-02-22 19:13:31,301 [DEBUG] TrafficAI.MQTT [app.py:1000]: Context update: speed=0.0 veh=0 ok=True
2026-02-22 19:13:31,587 [DEBUG] TrafficAI.MQTT [app.py:1000]: Context update: speed=0.0 veh=0 ok=True
2026-02-22 19:13:31,836 [DEBUG] TrafficAI.MQTT [app.py:1000]: Context update: speed=0.0 veh=0 ok=True
2026-02-22 19:13:31,837 [DEBUG] TrafficAI.MQTT [app.py:1000]: Context update: speed=0.0 veh=0 ok=True
2026-02-22 19:13:31,837 [DEBUG] TrafficAI.MQTT [app.py:1000]: Context update: speed=0.0 veh=0 ok=True
2026-02-22 19:13:32,102 [DEBUG] TrafficAI.MQTT [app.py:1000]: Context update: speed=0.0 veh=0 ok=True
2026-02-22 19:13:32,103 [DEBUG] TrafficAI.MQTT [app.py:1000]: Context update: speed=0.0 veh=0 ok=True
2026-02-22 19:13:32,367 [DEBUG] TrafficAI.MQTT [app.py:1000]: Context update: speed=0.0 veh=0 ok=True
2026-02-22 19:13:32,634 [DEBUG] TrafficAI.MQTT [app.py:1000]: Context update: speed=0.0 veh=0 ok=True
2026-02-22 19:13:32,919 [DEBUG] TrafficAI.MQTT [app.py:1000]: Context update: speed=0.0 veh=0 ok=True
2026-02-22 19:13:32,921 [DEBUG] TrafficAI.MQTT [app.py:1000]: Context update: speed=0.0 veh=0 ok=True
2026-02-22 19:13:32,921 [DEBUG] TrafficAI.MQTT [app.py:1000]: Context update: speed=0.0 veh=0 ok=True
2026-02-22 19:13:33,162 [DEBUG] TrafficAI.MQTT [app.py:1000]: Context update: speed=0.0 veh=0 ok=True
2026-02-22 19:13:33,162 [DEBUG] TrafficAI.MQTT [app.py:1000]: Context update: speed=0.0 veh=0 ok=True
2026-02-22 19:13:33,437 [DEBUG] TrafficAI.MQTT [app.py:1000]: Context update: speed=0.0 veh=0 ok=True
2026-02-22 19:13:33,693 [DEBUG] TrafficAI.MQTT [app.py:1000]: Context update: speed=0.0 veh=0 ok=True
2026-02-22 19:13:33,959 [DEBUG] TrafficAI.MQTT [app.py:1000]: Context update: speed=0.0 veh=0 ok=True
2026-02-22 19:13:33,959 [DEBUG] TrafficAI.MQTT [app.py:1000]: Context update: speed=0.0 veh=0 ok=True
2026-02-22 19:13:34,224 [DEBUG] TrafficAI.MQTT [app.py:1000]: Context update: speed=0.0 veh=0 ok=True
2026-02-22 19:13:34,225 [DEBUG] TrafficAI.MQTT [app.py:1000]: Context update: speed=0.0 veh=0 ok=True
2026-02-22 19:13:34,490 [DEBUG] TrafficAI.MQTT [app.py:1000]: Context update: speed=0.0 veh=0 ok=True
2026-02-22 19:13:34,490 [DEBUG] TrafficAI.MQTT [app.py:1000]: Context update: speed=0.0 veh=0 ok=True
2026-02-22 19:13:34,755 [DEBUG] TrafficAI.MQTT [app.py:1000]: Context update: speed=0.0 veh=0 ok=True
2026-02-22 19:13:34,756 [DEBUG] TrafficAI.MQTT [app.py:1000]: Context update: speed=0.0 veh=0 ok=True
2026-02-22 19:13:35,021 [DEBUG] TrafficAI.MQTT [app.py:1000]: Context update: speed=0.0 veh=0 ok=True
2026-02-22 19:13:35,021 [DEBUG] TrafficAI.MQTT [app.py:1000]: Context update: speed=0.0 veh=0 ok=True
2026-02-22 19:13:35,022 [DEBUG] TrafficAI.MQTT [app.py:1000]: Context update: speed=0.0 veh=0 ok=True
2026-02-22 19:13:35,286 [DEBUG] TrafficAI.MQTT [app.py:1000]: Context update: speed=0.0 veh=0 ok=True
2026-02-22 19:13:35,286 [DEBUG] TrafficAI.MQTT [app.py:1000]: Context update: speed=0.0 veh=0 ok=True
2026-02-22 19:13:35,287 [DEBUG] TrafficAI.MQTT [app.py:1000]: Context update: speed=0.0 veh=0 ok=True
2026-02-22 19:13:35,551 [DEBUG] TrafficAI.MQTT [app.py:1000]: Context update: speed=0.0 veh=0 ok=True
2026-02-22 19:13:35,551 [DEBUG] TrafficAI.MQTT [app.py:1000]: Context update: speed=0.0 veh=0 ok=True
2026-02-22 19:13:35,817 [DEBUG] TrafficAI.MQTT [app.py:1000]: Context update: speed=0.0 veh=0 ok=True
2026-02-22 19:13:35,817 [DEBUG] TrafficAI.MQTT [app.py:1000]: Context update: speed=0.0 veh=0 ok=True
2026-02-22 19:13:35,817 [DEBUG] TrafficAI.MQTT [app.py:1000]: Context update: speed=0.0 veh=0 ok=True
2026-02-22 19:13:36,092 [DEBUG] TrafficAI.MQTT [app.py:1000]: Context update: speed=0.0 veh=0 ok=True
2026-02-22 19:13:36,346 [DEBUG] TrafficAI.MQTT [app.py:1000]: Context update: speed=0.0 veh=0 ok=True
2026-02-22 19:13:36,611 [DEBUG] TrafficAI.MQTT [app.py:1000]: Context update: speed=0.0 veh=0 ok=True
2026-02-22 19:13:36,611 [DEBUG] TrafficAI.MQTT [app.py:1000]: Context update: speed=0.0 veh=0 ok=True
2026-02-22 19:13:36,876 [DEBUG] TrafficAI.MQTT [app.py:1000]: Context update: speed=0.0 veh=0 ok=True
2026-02-22 19:13:37,141 [DEBUG] TrafficAI.MQTT [app.py:1000]: Context update: speed=0.0 veh=0 ok=True
2026-02-22 19:13:37,141 [DEBUG] TrafficAI.MQTT [app.py:1000]: Context update: speed=0.0 veh=0 ok=True
2026-02-22 19:13:37,412 [DEBUG] TrafficAI.MQTT [app.py:1000]: Context update: speed=0.0 veh=0 ok=True
2026-02-22 19:13:37,672 [DEBUG] TrafficAI.MQTT [app.py:1000]: Context update: speed=0.0 veh=0 ok=True
2026-02-22 19:13:37,951 [DEBUG] TrafficAI.MQTT [app.py:1000]: Context update: speed=0.0 veh=0 ok=True
2026-02-22 19:13:37,952 [DEBUG] TrafficAI.MQTT [app.py:1000]: Context update: speed=0.0 veh=0 ok=True
2026-02-22 19:13:38,203 [DEBUG] TrafficAI.MQTT [app.py:1000]: Context update: speed=0.0 veh=0 ok=True
2026-02-22 19:13:38,203 [DEBUG] TrafficAI.MQTT [app.py:1000]: Context update: speed=0.0 veh=0 ok=True
2026-02-22 19:13:38,469 [DEBUG] TrafficAI.MQTT [app.py:1000]: Context update: speed=0.0 veh=0 ok=True
2026-02-22 19:13:38,734 [DEBUG] TrafficAI.MQTT [app.py:1000]: Context update: speed=0.0 veh=0 ok=True
2026-02-22 19:13:38,735 [DEBUG] TrafficAI.MQTT [app.py:1000]: Context update: speed=0.0 veh=0 ok=True
2026-02-22 19:13:39,001 [DEBUG] TrafficAI.MQTT [app.py:1000]: Context update: speed=0.0 veh=0 ok=True
2026-02-22 19:13:39,268 [DEBUG] TrafficAI.MQTT [app.py:1000]: Context update: speed=0.0 veh=0 ok=True
2026-02-22 19:13:39,536 [DEBUG] TrafficAI.MQTT [app.py:1000]: Context update: speed=0.0 veh=0 ok=True
2026-02-22 19:13:39,536 [DEBUG] TrafficAI.MQTT [app.py:1000]: Context update: speed=0.0 veh=0 ok=True
2026-02-22 19:13:39,802 [DEBUG] TrafficAI.MQTT [app.py:1000]: Context update: speed=0.0 veh=0 ok=True
2026-02-22 19:13:39,979 [DEBUG] TrafficAI.Premium [app.py:1059]: Context snapshot saved
2026-02-22 19:13:40,068 [DEBUG] TrafficAI.MQTT [app.py:1000]: Context update: speed=0.0 veh=0 ok=True
2026-02-22 19:13:40,068 [DEBUG] TrafficAI.MQTT [app.py:1000]: Context update: speed=0.0 veh=0 ok=True
2026-02-22 19:13:40,334 [DEBUG] TrafficAI.MQTT [app.py:1000]: Context update: speed=0.0 veh=0 ok=True
2026-02-22 19:13:40,606 [DEBUG] TrafficAI.MQTT [app.py:1000]: Context update: speed=0.0 veh=0 ok=True
2026-02-22 19:13:40,866 [DEBUG] TrafficAI.MQTT [app.py:1000]: Context update: speed=0.0 veh=0 ok=True
2026-02-22 19:13:40,866 [DEBUG] TrafficAI.MQTT [app.py:1000]: Context update: speed=0.0 veh=0 ok=True
2026-02-22 19:13:41,130 [DEBUG] TrafficAI.MQTT [app.py:1000]: Context update: speed=0.0 veh=0 ok=True
2026-02-22 19:13:41,395 [DEBUG] TrafficAI.MQTT [app.py:1000]: Context update: speed=0.0 veh=0 ok=True
2026-02-22 19:13:41,661 [DEBUG] TrafficAI.MQTT [app.py:1000]: Context update: speed=0.0 veh=0 ok=True
2026-02-22 19:13:41,661 [DEBUG] TrafficAI.MQTT [app.py:1000]: Context update: speed=0.0 veh=0 ok=True
2026-02-22 19:13:41,926 [DEBUG] TrafficAI.MQTT [app.py:1000]: Context update: speed=0.0 veh=0 ok=True
2026-02-22 19:13:42,110 [INFO] TrafficAI.LaptopCam [app.py:352]: 🛑 Laptop camera stopped by 127.0.0.1
2026-02-22 19:13:42,191 [DEBUG] TrafficAI.MQTT [app.py:1000]: Context update: speed=0.0 veh=0 ok=True
2026-02-22 19:13:42,465 [DEBUG] TrafficAI.MQTT [app.py:1000]: Context update: speed=0.0 veh=0 ok=True
2026-02-22 19:13:42,465 [DEBUG] TrafficAI.MQTT [app.py:1000]: Context update: speed=0.0 veh=0 ok=True
2026-02-22 19:13:42,698 [INFO] TrafficAI.LaptopCam [app.py:294]: 🛑 Laptop camera worker stopped
2026-02-22 19:13:43,515 [DEBUG] TrafficAI.MQTT [app.py:1000]: Context update: speed=0.0 veh=0 ok=True
2026-02-22 19:13:55,061 [INFO] TrafficAI.Theme [app.py:806]: Theme changed: neon-active → neon-futuristic (by=auto-worker auto=True)
2026-02-22 19:13:55,278 [INFO] TrafficAI.Theme [app.py:1013]: MQTT remote theme update: neon-futuristic
2026-02-22 19:14:25,091 [INFO] TrafficAI.Theme [app.py:806]: Theme changed: neon-futuristic → neon-active (by=auto-worker auto=True)
2026-02-22 19:14:25,308 [INFO] TrafficAI.Theme [app.py:1013]: MQTT remote theme update: neon-active
2026-02-22 19:14:39,992 [DEBUG] TrafficAI.Premium [app.py:1059]: Context snapshot saved
2026-02-22 19:14:55,119 [INFO] TrafficAI.Theme [app.py:806]: Theme changed: neon-active → neon-futuristic (by=auto-worker auto=True)
2026-02-22 19:14:55,335 [INFO] TrafficAI.Theme [app.py:1013]: MQTT remote theme update: neon-futuristic
2026-02-22 19:15:25,148 [INFO] TrafficAI.Theme [app.py:806]: Theme changed: neon-futuristic → neon-active (by=auto-worker auto=True)
2026-02-22 19:15:25,364 [INFO] TrafficAI.Theme [app.py:1013]: MQTT remote theme update: neon-active
2026-02-22 19:16:50,457 [INFO] TrafficAI.Premium [app.py:662]: ✅ DB ready: C:\Users\tuann\Downloads\WEB DEVELOPER\server\traffic_ai.db
2026-02-22 19:16:50,463 [INFO] TrafficAI.Premium [app.py:1561]: 🚀 AI Traffic Control v4.0 PREMIUM starting...
2026-02-22 19:16:50,463 [INFO] TrafficAI.Premium [app.py:685]: 🚦 Traffic cycle started
2026-02-22 19:16:50,784 [INFO] TrafficAI.MQTT [app.py:1091]: 📡 MQTT → broker.hivemq.com:1883
2026-02-22 19:16:50,786 [INFO] TrafficAI.Theme [app.py:872]: Theme changed: neon-futuristic → neon-active (by=boot-restore auto=False)
2026-02-22 19:16:50,792 [DEBUG] TrafficAI.MQTT [app.py:1013]: MQTT not connected — skipped publish to traffic/ui/theme
2026-02-22 19:16:50,800 [INFO] TrafficAI.Theme [app.py:1589]: Restored theme from DB: neon-active
2026-02-22 19:16:51,047 [INFO] TrafficAI.MQTT [app.py:1017]: ✅ MQTT connected broker.hivemq.com:1883
2026-02-22 19:16:57,658 [INFO] TrafficAI.Premium [app.py:1596]: 🤖 AI engine OK
2026-02-22 19:16:57,668 [INFO] TrafficAI.Premium [app.py:1603]: ✅ Premium v4.0 Ready — port 5050
2026-02-22 19:16:57,668 [INFO] TrafficAI.Premium [app.py:1604]:    Log dir:  C:\Users\tuann\Downloads\WEB DEVELOPER\server\logs
2026-02-22 19:16:57,669 [INFO] TrafficAI.Premium [app.py:1605]:    DB path:  C:\Users\tuann\Downloads\WEB DEVELOPER\server\traffic_ai.db
2026-02-22 19:16:57,669 [INFO] TrafficAI.Premium [app.py:1606]:    Theme:    neon-active
2026-02-22 19:16:57,669 [INFO] TrafficAI.Premium [app.py:1607]:    MQTT:     broker.hivemq.com:1883
2026-02-22 19:16:57,669 [INFO] TrafficAI.Premium [app.py:1608]:    TB host:  http://localhost:8080 (no token)
2026-02-22 19:16:59,220 [DEBUG] TrafficAI.MQTT [app.py:1066]: Context update: speed=0.0 veh=0 ok=True
2026-02-22 19:16:59,473 [DEBUG] TrafficAI.MQTT [app.py:1066]: Context update: speed=0.0 veh=0 ok=True
2026-02-22 19:16:59,473 [DEBUG] TrafficAI.MQTT [app.py:1066]: Context update: speed=0.0 veh=0 ok=True
2026-02-22 19:16:59,473 [DEBUG] TrafficAI.MQTT [app.py:1066]: Context update: speed=0.0 veh=0 ok=True
2026-02-22 19:16:59,684 [DEBUG] TrafficAI.MQTT [app.py:1066]: Context update: speed=0.0 veh=0 ok=True
2026-02-22 19:16:59,684 [DEBUG] TrafficAI.MQTT [app.py:1066]: Context update: speed=0.0 veh=0 ok=True
2026-02-22 19:16:59,895 [DEBUG] TrafficAI.MQTT [app.py:1066]: Context update: speed=0.0 veh=0 ok=True
2026-02-22 19:16:59,895 [DEBUG] TrafficAI.MQTT [app.py:1066]: Context update: speed=0.0 veh=0 ok=True
2026-02-22 19:17:00,112 [DEBUG] TrafficAI.MQTT [app.py:1066]: Context update: speed=0.0 veh=0 ok=True
2026-02-22 19:17:00,112 [DEBUG] TrafficAI.MQTT [app.py:1066]: Context update: speed=0.0 veh=0 ok=True
2026-02-22 19:17:00,112 [DEBUG] TrafficAI.MQTT [app.py:1066]: Context update: speed=0.0 veh=0 ok=True
2026-02-22 19:17:00,316 [DEBUG] TrafficAI.MQTT [app.py:1066]: Context update: speed=0.0 veh=0 ok=True
2026-02-22 19:17:00,317 [DEBUG] TrafficAI.MQTT [app.py:1066]: Context update: speed=0.0 veh=0 ok=True
2026-02-22 19:17:00,527 [DEBUG] TrafficAI.MQTT [app.py:1066]: Context update: speed=0.0 veh=0 ok=True
2026-02-22 19:17:00,528 [DEBUG] TrafficAI.MQTT [app.py:1066]: Context update: speed=0.0 veh=0 ok=True
2026-02-22 19:17:00,736 [DEBUG] TrafficAI.MQTT [app.py:1066]: Context update: speed=0.0 veh=0 ok=True
2026-02-22 19:17:00,739 [DEBUG] TrafficAI.MQTT [app.py:1066]: Context update: speed=0.0 veh=0 ok=True
2026-02-22 19:17:00,946 [DEBUG] TrafficAI.MQTT [app.py:1066]: Context update: speed=0.0 veh=0 ok=True
2026-02-22 19:17:01,157 [DEBUG] TrafficAI.MQTT [app.py:1066]: Context update: speed=0.0 veh=0 ok=True
2026-02-22 19:17:01,158 [DEBUG] TrafficAI.MQTT [app.py:1066]: Context update: speed=0.0 veh=0 ok=True
2026-02-22 19:17:01,369 [DEBUG] TrafficAI.MQTT [app.py:1066]: Context update: speed=0.0 veh=0 ok=True
2026-02-22 19:17:01,370 [DEBUG] TrafficAI.MQTT [app.py:1066]: Context update: speed=0.0 veh=0 ok=True
2026-02-22 19:17:01,584 [DEBUG] TrafficAI.MQTT [app.py:1066]: Context update: speed=0.0 veh=0 ok=True
2026-02-22 19:17:01,584 [DEBUG] TrafficAI.MQTT [app.py:1066]: Context update: speed=0.0 veh=0 ok=True
2026-02-22 19:17:01,790 [DEBUG] TrafficAI.MQTT [app.py:1066]: Context update: speed=0.0 veh=0 ok=True
2026-02-22 19:17:01,999 [DEBUG] TrafficAI.MQTT [app.py:1066]: Context update: speed=0.0 veh=0 ok=True
2026-02-22 19:17:01,999 [DEBUG] TrafficAI.MQTT [app.py:1066]: Context update: speed=0.0 veh=0 ok=True
2026-02-22 19:17:02,210 [DEBUG] TrafficAI.MQTT [app.py:1066]: Context update: speed=0.0 veh=0 ok=True
2026-02-22 19:17:02,211 [DEBUG] TrafficAI.MQTT [app.py:1066]: Context update: speed=0.0 veh=0 ok=True
2026-02-22 19:17:02,419 [DEBUG] TrafficAI.MQTT [app.py:1066]: Context update: speed=0.0 veh=0 ok=True
2026-02-22 19:17:02,420 [DEBUG] TrafficAI.MQTT [app.py:1066]: Context update: speed=0.0 veh=0 ok=True
2026-02-22 19:17:02,630 [DEBUG] TrafficAI.MQTT [app.py:1066]: Context update: speed=0.0 veh=0 ok=True
2026-02-22 19:17:02,631 [DEBUG] TrafficAI.MQTT [app.py:1066]: Context update: speed=0.0 veh=0 ok=True
2026-02-22 19:17:02,841 [DEBUG] TrafficAI.MQTT [app.py:1066]: Context update: speed=0.0 veh=0 ok=True
2026-02-22 19:17:02,841 [DEBUG] TrafficAI.MQTT [app.py:1066]: Context update: speed=0.0 veh=0 ok=True
2026-02-22 19:17:03,051 [DEBUG] TrafficAI.MQTT [app.py:1066]: Context update: speed=0.0 veh=0 ok=True
2026-02-22 19:17:03,051 [DEBUG] TrafficAI.MQTT [app.py:1066]: Context update: speed=0.0 veh=0 ok=True
2026-02-22 19:17:03,260 [DEBUG] TrafficAI.MQTT [app.py:1066]: Context update: speed=0.0 veh=0 ok=True
2026-02-22 19:17:03,260 [DEBUG] TrafficAI.MQTT [app.py:1066]: Context update: speed=0.0 veh=0 ok=True
2026-02-22 19:17:03,471 [DEBUG] TrafficAI.MQTT [app.py:1066]: Context update: speed=0.0 veh=0 ok=True
2026-02-22 19:17:03,471 [DEBUG] TrafficAI.MQTT [app.py:1066]: Context update: speed=0.0 veh=0 ok=True
2026-02-22 19:17:03,681 [DEBUG] TrafficAI.MQTT [app.py:1066]: Context update: speed=0.0 veh=0 ok=True
2026-02-22 19:17:03,681 [DEBUG] TrafficAI.MQTT [app.py:1066]: Context update: speed=0.0 veh=0 ok=True
2026-02-22 19:17:03,890 [DEBUG] TrafficAI.MQTT [app.py:1066]: Context update: speed=0.0 veh=0 ok=True
2026-02-22 19:17:03,891 [DEBUG] TrafficAI.MQTT [app.py:1066]: Context update: speed=0.0 veh=0 ok=True
2026-02-22 19:17:03,891 [DEBUG] TrafficAI.MQTT [app.py:1066]: Context update: speed=0.0 veh=0 ok=True
2026-02-22 19:17:04,127 [DEBUG] TrafficAI.MQTT [app.py:1066]: Context update: speed=0.0 veh=0 ok=True
2026-02-22 19:17:04,128 [DEBUG] TrafficAI.MQTT [app.py:1066]: Context update: speed=0.0 veh=0 ok=True
2026-02-22 19:17:04,310 [DEBUG] TrafficAI.MQTT [app.py:1066]: Context update: speed=0.0 veh=0 ok=True
2026-02-22 19:17:04,311 [DEBUG] TrafficAI.MQTT [app.py:1066]: Context update: speed=0.0 veh=0 ok=True
2026-02-22 19:17:04,522 [DEBUG] TrafficAI.MQTT [app.py:1066]: Context update: speed=0.0 veh=0 ok=True
2026-02-22 19:17:04,731 [DEBUG] TrafficAI.MQTT [app.py:1066]: Context update: speed=0.0 veh=0 ok=True
2026-02-22 19:17:04,732 [DEBUG] TrafficAI.MQTT [app.py:1066]: Context update: speed=0.0 veh=0 ok=True
2026-02-22 19:17:04,942 [DEBUG] TrafficAI.MQTT [app.py:1066]: Context update: speed=0.0 veh=0 ok=True
2026-02-22 19:17:04,943 [DEBUG] TrafficAI.MQTT [app.py:1066]: Context update: speed=0.0 veh=0 ok=True
2026-02-22 19:17:05,153 [DEBUG] TrafficAI.MQTT [app.py:1066]: Context update: speed=0.0 veh=0 ok=True
2026-02-22 19:17:05,154 [DEBUG] TrafficAI.MQTT [app.py:1066]: Context update: speed=0.0 veh=0 ok=True
2026-02-22 19:17:05,363 [DEBUG] TrafficAI.MQTT [app.py:1066]: Context update: speed=0.0 veh=0 ok=True
2026-02-22 19:17:05,364 [DEBUG] TrafficAI.MQTT [app.py:1066]: Context update: speed=0.0 veh=0 ok=True
2026-02-22 19:17:05,471 [INFO] TrafficAI.Theme [app.py:872]: Theme changed: neon-active → neon-futuristic (by=auto-worker auto=True)
2026-02-22 19:17:05,572 [DEBUG] TrafficAI.MQTT [app.py:1066]: Context update: speed=0.0 veh=0 ok=True
2026-02-22 19:17:05,573 [DEBUG] TrafficAI.MQTT [app.py:1066]: Context update: speed=0.0 veh=0 ok=True
2026-02-22 19:17:05,745 [INFO] TrafficAI.Theme [app.py:1079]: MQTT remote theme update: neon-futuristic
2026-02-22 19:17:06,011 [DEBUG] TrafficAI.MQTT [app.py:1066]: Context update: speed=0.0 veh=0 ok=True
2026-02-22 19:17:06,011 [DEBUG] TrafficAI.MQTT [app.py:1066]: Context update: speed=0.0 veh=0 ok=True
2026-02-22 19:17:06,011 [DEBUG] TrafficAI.MQTT [app.py:1066]: Context update: speed=0.0 veh=0 ok=True
2026-02-22 19:17:06,012 [DEBUG] TrafficAI.MQTT [app.py:1066]: Context update: speed=0.0 veh=0 ok=True
2026-02-22 19:17:06,205 [DEBUG] TrafficAI.MQTT [app.py:1066]: Context update: speed=0.0 veh=0 ok=True
2026-02-22 19:17:06,205 [DEBUG] TrafficAI.MQTT [app.py:1066]: Context update: speed=0.0 veh=0 ok=True
2026-02-22 19:17:06,415 [DEBUG] TrafficAI.MQTT [app.py:1066]: Context update: speed=0.0 veh=0 ok=True
2026-02-22 19:17:06,416 [DEBUG] TrafficAI.MQTT [app.py:1066]: Context update: speed=0.0 veh=0 ok=True
2026-02-22 19:17:06,626 [DEBUG] TrafficAI.MQTT [app.py:1066]: Context update: speed=0.0 veh=0 ok=True
2026-02-22 19:17:06,626 [DEBUG] TrafficAI.MQTT [app.py:1066]: Context update: speed=0.0 veh=0 ok=True
2026-02-22 19:17:06,839 [DEBUG] TrafficAI.MQTT [app.py:1066]: Context update: speed=0.0 veh=0 ok=True
2026-02-22 19:17:06,839 [DEBUG] TrafficAI.MQTT [app.py:1066]: Context update: speed=0.0 veh=0 ok=True
2026-02-22 19:17:07,049 [DEBUG] TrafficAI.MQTT [app.py:1066]: Context update: speed=0.0 veh=0 ok=True
2026-02-22 19:17:07,049 [DEBUG] TrafficAI.MQTT [app.py:1066]: Context update: speed=0.0 veh=0 ok=True
2026-02-22 19:17:07,049 [DEBUG] TrafficAI.MQTT [app.py:1066]: Context update: speed=0.0 veh=0 ok=True
2026-02-22 19:17:07,260 [DEBUG] TrafficAI.MQTT [app.py:1066]: Context update: speed=0.0 veh=0 ok=True
2026-02-22 19:17:07,260 [DEBUG] TrafficAI.MQTT [app.py:1066]: Context update: speed=0.0 veh=0 ok=True
2026-02-22 19:17:07,470 [DEBUG] TrafficAI.MQTT [app.py:1066]: Context update: speed=0.0 veh=0 ok=True
2026-02-22 19:17:07,470 [DEBUG] TrafficAI.MQTT [app.py:1066]: Context update: speed=0.0 veh=0 ok=True
2026-02-22 19:17:07,680 [DEBUG] TrafficAI.MQTT [app.py:1066]: Context update: speed=0.0 veh=0 ok=True
2026-02-22 19:17:07,681 [DEBUG] TrafficAI.MQTT [app.py:1066]: Context update: speed=0.0 veh=0 ok=True
2026-02-22 19:17:07,891 [DEBUG] TrafficAI.MQTT [app.py:1066]: Context update: speed=0.0 veh=0 ok=True
2026-02-22 19:17:07,892 [DEBUG] TrafficAI.MQTT [app.py:1066]: Context update: speed=0.0 veh=0 ok=True
2026-02-22 19:17:08,102 [DEBUG] TrafficAI.MQTT [app.py:1066]: Context update: speed=0.0 veh=0 ok=True
2026-02-22 19:17:08,103 [DEBUG] TrafficAI.MQTT [app.py:1066]: Context update: speed=0.0 veh=0 ok=True
2026-02-22 19:17:08,314 [DEBUG] TrafficAI.MQTT [app.py:1066]: Context update: speed=0.0 veh=0 ok=True
2026-02-22 19:17:08,314 [DEBUG] TrafficAI.MQTT [app.py:1066]: Context update: speed=0.0 veh=0 ok=True
2026-02-22 19:17:08,524 [DEBUG] TrafficAI.MQTT [app.py:1066]: Context update: speed=0.0 veh=0 ok=True
2026-02-22 19:17:08,525 [DEBUG] TrafficAI.MQTT [app.py:1066]: Context update: speed=0.0 veh=0 ok=True
2026-02-22 19:17:08,735 [DEBUG] TrafficAI.MQTT [app.py:1066]: Context update: speed=0.0 veh=0 ok=True
2026-02-22 19:17:08,735 [DEBUG] TrafficAI.MQTT [app.py:1066]: Context update: speed=0.0 veh=0 ok=True
2026-02-22 19:17:08,944 [DEBUG] TrafficAI.MQTT [app.py:1066]: Context update: speed=0.0 veh=0 ok=True
2026-02-22 19:17:08,945 [DEBUG] TrafficAI.MQTT [app.py:1066]: Context update: speed=0.0 veh=0 ok=True
2026-02-22 19:17:09,154 [DEBUG] TrafficAI.MQTT [app.py:1066]: Context update: speed=0.0 veh=0 ok=True
2026-02-22 19:17:09,155 [DEBUG] TrafficAI.MQTT [app.py:1066]: Context update: speed=0.0 veh=0 ok=True
2026-02-22 19:17:09,364 [DEBUG] TrafficAI.MQTT [app.py:1066]: Context update: speed=0.0 veh=0 ok=True
2026-02-22 19:17:09,365 [DEBUG] TrafficAI.MQTT [app.py:1066]: Context update: speed=0.0 veh=0 ok=True
2026-02-22 19:17:09,576 [DEBUG] TrafficAI.MQTT [app.py:1066]: Context update: speed=0.0 veh=0 ok=True
2026-02-22 19:17:09,577 [DEBUG] TrafficAI.MQTT [app.py:1066]: Context update: speed=0.0 veh=0 ok=True
2026-02-22 19:17:09,786 [DEBUG] TrafficAI.MQTT [app.py:1066]: Context update: speed=0.0 veh=0 ok=True
2026-02-22 19:17:09,786 [DEBUG] TrafficAI.MQTT [app.py:1066]: Context update: speed=0.0 veh=0 ok=True
2026-02-22 19:17:09,995 [DEBUG] TrafficAI.MQTT [app.py:1066]: Context update: speed=0.0 veh=0 ok=True
2026-02-22 19:17:09,996 [DEBUG] TrafficAI.MQTT [app.py:1066]: Context update: speed=0.0 veh=0 ok=True
2026-02-22 19:17:10,207 [DEBUG] TrafficAI.MQTT [app.py:1066]: Context update: speed=0.0 veh=0 ok=True
2026-02-22 19:17:10,419 [DEBUG] TrafficAI.MQTT [app.py:1066]: Context update: speed=0.0 veh=0 ok=True
2026-02-22 19:17:10,419 [DEBUG] TrafficAI.MQTT [app.py:1066]: Context update: speed=0.0 veh=0 ok=True
2026-02-22 19:17:10,630 [DEBUG] TrafficAI.MQTT [app.py:1066]: Context update: speed=0.0 veh=0 ok=True
2026-02-22 19:17:10,630 [DEBUG] TrafficAI.MQTT [app.py:1066]: Context update: speed=0.0 veh=0 ok=True
2026-02-22 19:17:10,631 [DEBUG] TrafficAI.MQTT [app.py:1066]: Context update: speed=0.0 veh=0 ok=True
2026-02-22 19:17:10,840 [DEBUG] TrafficAI.MQTT [app.py:1066]: Context update: speed=0.0 veh=0 ok=True
2026-02-22 19:17:10,840 [DEBUG] TrafficAI.MQTT [app.py:1066]: Context update: speed=0.0 veh=0 ok=True
2026-02-22 19:17:11,049 [DEBUG] TrafficAI.MQTT [app.py:1066]: Context update: speed=0.0 veh=0 ok=True
2026-02-22 19:17:11,050 [DEBUG] TrafficAI.MQTT [app.py:1066]: Context update: speed=0.0 veh=0 ok=True
2026-02-22 19:17:11,263 [DEBUG] TrafficAI.MQTT [app.py:1066]: Context update: speed=0.0 veh=0 ok=True
2026-02-22 19:17:11,263 [DEBUG] TrafficAI.MQTT [app.py:1066]: Context update: speed=0.0 veh=0 ok=True
2026-02-22 19:17:11,472 [DEBUG] TrafficAI.MQTT [app.py:1066]: Context update: speed=0.0 veh=0 ok=True
2026-02-22 19:17:11,472 [DEBUG] TrafficAI.MQTT [app.py:1066]: Context update: speed=0.0 veh=0 ok=True
2026-02-22 19:17:11,682 [DEBUG] TrafficAI.MQTT [app.py:1066]: Context update: speed=0.0 veh=0 ok=True
2026-02-22 19:17:11,682 [DEBUG] TrafficAI.MQTT [app.py:1066]: Context update: speed=0.0 veh=0 ok=True
2026-02-22 19:17:11,893 [DEBUG] TrafficAI.MQTT [app.py:1066]: Context update: speed=0.0 veh=0 ok=True
2026-02-22 19:17:11,894 [DEBUG] TrafficAI.MQTT [app.py:1066]: Context update: speed=0.0 veh=0 ok=True
2026-02-22 19:17:11,905 [INFO] TrafficAI.API [app.py:586]: Login success: user=admin ip=127.0.0.1 token_prefix=legacy.YWRtaW46c3VwZXJhZ
2026-02-22 19:17:11,905 [DEBUG] TrafficAI.API [app.py:542]: ⏱  POST /api/login → 14.4ms
2026-02-22 19:17:12,109 [DEBUG] TrafficAI.MQTT [app.py:1066]: Context update: speed=0.0 veh=0 ok=True
2026-02-22 19:17:12,110 [DEBUG] TrafficAI.MQTT [app.py:1066]: Context update: speed=0.0 veh=0 ok=True
2026-02-22 19:17:12,313 [DEBUG] TrafficAI.MQTT [app.py:1066]: Context update: speed=0.0 veh=0 ok=True
2026-02-22 19:17:12,314 [DEBUG] TrafficAI.MQTT [app.py:1066]: Context update: speed=0.0 veh=0 ok=True
2026-02-22 19:17:12,522 [DEBUG] TrafficAI.MQTT [app.py:1066]: Context update: speed=0.0 veh=0 ok=True
2026-02-22 19:17:12,523 [DEBUG] TrafficAI.MQTT [app.py:1066]: Context update: speed=0.0 veh=0 ok=True
2026-02-22 19:17:12,735 [DEBUG] TrafficAI.MQTT [app.py:1066]: Context update: speed=0.0 veh=0 ok=True
2026-02-22 19:17:12,735 [DEBUG] TrafficAI.MQTT [app.py:1066]: Context update: speed=0.0 veh=0 ok=True
2026-02-22 19:17:12,736 [DEBUG] TrafficAI.MQTT [app.py:1066]: Context update: speed=0.0 veh=0 ok=True
2026-02-22 19:17:12,922 [DEBUG] TrafficAI.Theme [app.py:515]: Theme access via main token: /api/theme
2026-02-22 19:17:12,922 [DEBUG] TrafficAI.Theme [app.py:1361]: GET /api/theme → neon-futuristic (ctx_ok=True)
2026-02-22 19:17:12,922 [DEBUG] TrafficAI.API [app.py:542]: ⏱  GET /api/theme → 0.4ms
2026-02-22 19:17:12,945 [DEBUG] TrafficAI.MQTT [app.py:1066]: Context update: speed=0.0 veh=0 ok=True
2026-02-22 19:17:12,946 [DEBUG] TrafficAI.MQTT [app.py:1066]: Context update: speed=0.0 veh=0 ok=True
2026-02-22 19:17:13,086 [DEBUG] TrafficAI.API [app.py:489]: ✅ Authorized: GET /api/bootstrap
2026-02-22 19:17:13,095 [DEBUG] TrafficAI.API [app.py:1199]: Bootstrap: 1 violations loaded
2026-02-22 19:17:13,095 [DEBUG] TrafficAI.API [app.py:542]: ⏱  GET /api/bootstrap → 8.6ms
2026-02-22 19:17:13,135 [DEBUG] TrafficAI.API [app.py:1491]: 404 Not Found: /imge/1771762391_SNAP-00001.jpg
2026-02-22 19:17:13,158 [DEBUG] TrafficAI.MQTT [app.py:1066]: Context update: speed=0.0 veh=0 ok=True
2026-02-22 19:17:13,368 [DEBUG] TrafficAI.MQTT [app.py:1066]: Context update: speed=0.0 veh=0 ok=True
2026-02-22 19:17:13,369 [DEBUG] TrafficAI.MQTT [app.py:1066]: Context update: speed=0.0 veh=0 ok=True
2026-02-22 19:17:13,580 [DEBUG] TrafficAI.MQTT [app.py:1066]: Context update: speed=0.0 veh=0 ok=True
2026-02-22 19:17:13,789 [DEBUG] TrafficAI.MQTT [app.py:1066]: Context update: speed=0.0 veh=0 ok=True
2026-02-22 19:17:13,790 [DEBUG] TrafficAI.MQTT [app.py:1066]: Context update: speed=0.0 veh=0 ok=True
2026-02-22 19:17:13,999 [DEBUG] TrafficAI.MQTT [app.py:1066]: Context update: speed=0.0 veh=0 ok=True
2026-02-22 19:17:14,000 [DEBUG] TrafficAI.MQTT [app.py:1066]: Context update: speed=0.0 veh=0 ok=True
2026-02-22 19:17:14,210 [DEBUG] TrafficAI.MQTT [app.py:1066]: Context update: speed=0.0 veh=0 ok=True
2026-02-22 19:17:14,210 [DEBUG] TrafficAI.MQTT [app.py:1066]: Context update: speed=0.0 veh=0 ok=True
2026-02-22 19:17:14,421 [DEBUG] TrafficAI.MQTT [app.py:1066]: Context update: speed=0.0 veh=0 ok=True
2026-02-22 19:17:14,422 [DEBUG] TrafficAI.MQTT [app.py:1066]: Context update: speed=0.0 veh=0 ok=True
2026-02-22 19:17:14,631 [DEBUG] TrafficAI.MQTT [app.py:1066]: Context update: speed=0.0 veh=0 ok=True
2026-02-22 19:17:14,631 [DEBUG] TrafficAI.MQTT [app.py:1066]: Context update: speed=0.0 veh=0 ok=True
2026-02-22 19:17:14,841 [DEBUG] TrafficAI.MQTT [app.py:1066]: Context update: speed=0.0 veh=0 ok=True
2026-02-22 19:17:14,841 [DEBUG] TrafficAI.MQTT [app.py:1066]: Context update: speed=0.0 veh=0 ok=True
2026-02-22 19:17:15,051 [DEBUG] TrafficAI.MQTT [app.py:1066]: Context update: speed=0.0 veh=0 ok=True
2026-02-22 19:17:15,051 [DEBUG] TrafficAI.MQTT [app.py:1066]: Context update: speed=0.0 veh=0 ok=True
2026-02-22 19:17:15,261 [DEBUG] TrafficAI.MQTT [app.py:1066]: Context update: speed=0.0 veh=0 ok=True
2026-02-22 19:17:15,261 [DEBUG] TrafficAI.MQTT [app.py:1066]: Context update: speed=0.0 veh=0 ok=True
2026-02-22 19:17:15,472 [DEBUG] TrafficAI.MQTT [app.py:1066]: Context update: speed=0.0 veh=0 ok=True
2026-02-22 19:17:15,472 [DEBUG] TrafficAI.MQTT [app.py:1066]: Context update: speed=0.0 veh=0 ok=True
2026-02-22 19:17:15,681 [DEBUG] TrafficAI.MQTT [app.py:1066]: Context update: speed=0.0 veh=0 ok=True
2026-02-22 19:17:15,681 [DEBUG] TrafficAI.MQTT [app.py:1066]: Context update: speed=0.0 veh=0 ok=True
2026-02-22 19:17:15,891 [DEBUG] TrafficAI.MQTT [app.py:1066]: Context update: speed=0.0 veh=0 ok=True
2026-02-22 19:17:15,891 [DEBUG] TrafficAI.MQTT [app.py:1066]: Context update: speed=0.0 veh=0 ok=True
2026-02-22 19:17:15,891 [DEBUG] TrafficAI.MQTT [app.py:1066]: Context update: speed=0.0 veh=0 ok=True
2026-02-22 19:17:16,101 [DEBUG] TrafficAI.MQTT [app.py:1066]: Context update: speed=0.0 veh=0 ok=True
2026-02-22 19:17:16,101 [DEBUG] TrafficAI.MQTT [app.py:1066]: Context update: speed=0.0 veh=0 ok=True
2026-02-22 19:17:16,310 [DEBUG] TrafficAI.MQTT [app.py:1066]: Context update: speed=0.0 veh=0 ok=True
2026-02-22 19:17:16,311 [DEBUG] TrafficAI.MQTT [app.py:1066]: Context update: speed=0.0 veh=0 ok=True
2026-02-22 19:17:16,525 [DEBUG] TrafficAI.MQTT [app.py:1066]: Context update: speed=0.0 veh=0 ok=True
2026-02-22 19:17:16,731 [DEBUG] TrafficAI.MQTT [app.py:1066]: Context update: speed=0.0 veh=0 ok=True
2026-02-22 19:17:16,731 [DEBUG] TrafficAI.MQTT [app.py:1066]: Context update: speed=0.0 veh=0 ok=True
2026-02-22 19:17:16,940 [DEBUG] TrafficAI.MQTT [app.py:1066]: Context update: speed=0.0 veh=0 ok=True
2026-02-22 19:17:16,941 [DEBUG] TrafficAI.MQTT [app.py:1066]: Context update: speed=0.0 veh=0 ok=True
2026-02-22 19:17:16,941 [DEBUG] TrafficAI.MQTT [app.py:1066]: Context update: speed=0.0 veh=0 ok=True
2026-02-22 19:17:17,152 [DEBUG] TrafficAI.MQTT [app.py:1066]: Context update: speed=0.0 veh=0 ok=True
2026-02-22 19:17:17,152 [DEBUG] TrafficAI.MQTT [app.py:1066]: Context update: speed=0.0 veh=0 ok=True
2026-02-22 19:17:17,361 [DEBUG] TrafficAI.MQTT [app.py:1066]: Context update: speed=0.0 veh=0 ok=True
2026-02-22 19:17:17,362 [DEBUG] TrafficAI.MQTT [app.py:1066]: Context update: speed=0.0 veh=0 ok=True
2026-02-22 19:17:17,571 [DEBUG] TrafficAI.MQTT [app.py:1066]: Context update: speed=0.0 veh=0 ok=True
2026-02-22 19:17:17,571 [DEBUG] TrafficAI.MQTT [app.py:1066]: Context update: speed=0.0 veh=0 ok=True
2026-02-22 19:17:17,782 [DEBUG] TrafficAI.MQTT [app.py:1066]: Context update: speed=0.0 veh=0 ok=True
2026-02-22 19:17:17,783 [DEBUG] TrafficAI.MQTT [app.py:1066]: Context update: speed=0.0 veh=0 ok=True
2026-02-22 19:17:17,991 [DEBUG] TrafficAI.MQTT [app.py:1066]: Context update: speed=0.0 veh=0 ok=True
2026-02-22 19:17:17,992 [DEBUG] TrafficAI.MQTT [app.py:1066]: Context update: speed=0.0 veh=0 ok=True
2026-02-22 19:17:18,202 [DEBUG] TrafficAI.MQTT [app.py:1066]: Context update: speed=0.0 veh=0 ok=True
2026-02-22 19:17:18,202 [DEBUG] TrafficAI.MQTT [app.py:1066]: Context update: speed=0.0 veh=0 ok=True
2026-02-22 19:17:18,416 [DEBUG] TrafficAI.MQTT [app.py:1066]: Context update: speed=0.0 veh=0 ok=True
2026-02-22 19:17:18,416 [DEBUG] TrafficAI.MQTT [app.py:1066]: Context update: speed=0.0 veh=0 ok=True
2026-02-22 19:17:18,624 [DEBUG] TrafficAI.MQTT [app.py:1066]: Context update: speed=0.0 veh=0 ok=True
2026-02-22 19:17:18,624 [DEBUG] TrafficAI.MQTT [app.py:1066]: Context update: speed=0.0 veh=0 ok=True
2026-02-22 19:17:18,833 [DEBUG] TrafficAI.MQTT [app.py:1066]: Context update: speed=0.0 veh=0 ok=True
2026-02-22 19:17:18,834 [DEBUG] TrafficAI.MQTT [app.py:1066]: Context update: speed=0.0 veh=0 ok=True
2026-02-22 19:17:19,044 [DEBUG] TrafficAI.MQTT [app.py:1066]: Context update: speed=0.0 veh=0 ok=True
2026-02-22 19:17:19,045 [DEBUG] TrafficAI.MQTT [app.py:1066]: Context update: speed=0.0 veh=0 ok=True
2026-02-22 19:17:19,256 [DEBUG] TrafficAI.MQTT [app.py:1066]: Context update: speed=0.0 veh=0 ok=True
2026-02-22 19:17:19,256 [DEBUG] TrafficAI.MQTT [app.py:1066]: Context update: speed=0.0 veh=0 ok=True
2026-02-22 19:17:19,465 [DEBUG] TrafficAI.MQTT [app.py:1066]: Context update: speed=0.0 veh=0 ok=True
2026-02-22 19:17:19,465 [DEBUG] TrafficAI.MQTT [app.py:1066]: Context update: speed=0.0 veh=0 ok=True
2026-02-22 19:17:19,676 [DEBUG] TrafficAI.MQTT [app.py:1066]: Context update: speed=0.0 veh=0 ok=True
2026-02-22 19:17:19,676 [DEBUG] TrafficAI.MQTT [app.py:1066]: Context update: speed=0.0 veh=0 ok=True
2026-02-22 19:17:19,888 [DEBUG] TrafficAI.MQTT [app.py:1066]: Context update: speed=0.0 veh=0 ok=True
2026-02-22 19:17:19,888 [DEBUG] TrafficAI.MQTT [app.py:1066]: Context update: speed=0.0 veh=0 ok=True
2026-02-22 19:17:20,100 [DEBUG] TrafficAI.MQTT [app.py:1066]: Context update: speed=0.0 veh=0 ok=True
2026-02-22 19:17:20,100 [DEBUG] TrafficAI.MQTT [app.py:1066]: Context update: speed=0.0 veh=0 ok=True
2026-02-22 19:17:20,310 [DEBUG] TrafficAI.MQTT [app.py:1066]: Context update: speed=0.0 veh=0 ok=True
2026-02-22 19:17:20,311 [DEBUG] TrafficAI.MQTT [app.py:1066]: Context update: speed=0.0 veh=0 ok=True
2026-02-22 19:17:20,493 [INFO] TrafficAI.Theme [app.py:872]: Theme changed: neon-futuristic → neon-active (by=auto-worker auto=True)
2026-02-22 19:17:20,521 [DEBUG] TrafficAI.MQTT [app.py:1066]: Context update: speed=0.0 veh=0 ok=True
2026-02-22 19:17:20,521 [DEBUG] TrafficAI.MQTT [app.py:1066]: Context update: speed=0.0 veh=0 ok=True
2026-02-22 19:17:20,732 [DEBUG] TrafficAI.MQTT [app.py:1066]: Context update: speed=0.0 veh=0 ok=True
2026-02-22 19:17:20,732 [DEBUG] TrafficAI.MQTT [app.py:1066]: Context update: speed=0.0 veh=0 ok=True
2026-02-22 19:17:20,767 [INFO] TrafficAI.Theme [app.py:1079]: MQTT remote theme update: neon-active
2026-02-22 19:17:21,033 [DEBUG] TrafficAI.MQTT [app.py:1066]: Context update: speed=0.0 veh=0 ok=True
2026-02-22 19:17:21,033 [DEBUG] TrafficAI.MQTT [app.py:1066]: Context update: speed=0.0 veh=0 ok=True
2026-02-22 19:17:21,153 [DEBUG] TrafficAI.MQTT [app.py:1066]: Context update: speed=0.0 veh=0 ok=True
2026-02-22 19:17:21,153 [DEBUG] TrafficAI.MQTT [app.py:1066]: Context update: speed=0.0 veh=0 ok=True
2026-02-22 19:17:21,363 [DEBUG] TrafficAI.MQTT [app.py:1066]: Context update: speed=0.0 veh=0 ok=True
2026-02-22 19:17:21,364 [DEBUG] TrafficAI.MQTT [app.py:1066]: Context update: speed=0.0 veh=0 ok=True
2026-02-22 19:17:21,573 [DEBUG] TrafficAI.MQTT [app.py:1066]: Context update: speed=0.0 veh=0 ok=True
2026-02-22 19:17:21,573 [DEBUG] TrafficAI.MQTT [app.py:1066]: Context update: speed=0.0 veh=0 ok=True
2026-02-22 19:17:21,783 [DEBUG] TrafficAI.MQTT [app.py:1066]: Context update: speed=0.0 veh=0 ok=True
2026-02-22 19:17:21,783 [DEBUG] TrafficAI.MQTT [app.py:1066]: Context update: speed=0.0 veh=0 ok=True
2026-02-22 19:17:21,994 [DEBUG] TrafficAI.MQTT [app.py:1066]: Context update: speed=0.0 veh=0 ok=True
2026-02-22 19:17:21,994 [DEBUG] TrafficAI.MQTT [app.py:1066]: Context update: speed=0.0 veh=0 ok=True
2026-02-22 19:17:22,205 [DEBUG] TrafficAI.MQTT [app.py:1066]: Context update: speed=0.0 veh=0 ok=True
2026-02-22 19:17:22,206 [DEBUG] TrafficAI.MQTT [app.py:1066]: Context update: speed=0.0 veh=0 ok=True
2026-02-22 19:17:22,206 [DEBUG] TrafficAI.MQTT [app.py:1066]: Context update: speed=0.0 veh=0 ok=True
2026-02-22 19:17:22,415 [DEBUG] TrafficAI.MQTT [app.py:1066]: Context update: speed=0.0 veh=0 ok=True
2026-02-22 19:17:22,415 [DEBUG] TrafficAI.MQTT [app.py:1066]: Context update: speed=0.0 veh=0 ok=True
2026-02-22 19:17:22,634 [DEBUG] TrafficAI.MQTT [app.py:1066]: Context update: speed=0.0 veh=0 ok=True
2026-02-22 19:17:22,634 [DEBUG] TrafficAI.MQTT [app.py:1066]: Context update: speed=0.0 veh=0 ok=True
2026-02-22 19:17:22,834 [DEBUG] TrafficAI.MQTT [app.py:1066]: Context update: speed=0.0 veh=0 ok=True
2026-02-22 19:17:22,835 [DEBUG] TrafficAI.MQTT [app.py:1066]: Context update: speed=0.0 veh=0 ok=True
2026-02-22 19:17:23,045 [DEBUG] TrafficAI.MQTT [app.py:1066]: Context update: speed=0.0 veh=0 ok=True
2026-02-22 19:17:23,045 [DEBUG] TrafficAI.MQTT [app.py:1066]: Context update: speed=0.0 veh=0 ok=True
2026-02-22 19:17:23,254 [DEBUG] TrafficAI.MQTT [app.py:1066]: Context update: speed=0.0 veh=0 ok=True
2026-02-22 19:17:23,255 [DEBUG] TrafficAI.MQTT [app.py:1066]: Context update: speed=0.0 veh=0 ok=True
2026-02-22 19:17:23,465 [DEBUG] TrafficAI.MQTT [app.py:1066]: Context update: speed=0.0 veh=0 ok=True
2026-02-22 19:17:23,465 [DEBUG] TrafficAI.MQTT [app.py:1066]: Context update: speed=0.0 veh=0 ok=True
2026-02-22 19:17:23,675 [DEBUG] TrafficAI.MQTT [app.py:1066]: Context update: speed=0.0 veh=0 ok=True
2026-02-22 19:17:23,676 [DEBUG] TrafficAI.MQTT [app.py:1066]: Context update: speed=0.0 veh=0 ok=True
2026-02-22 19:17:23,887 [DEBUG] TrafficAI.MQTT [app.py:1066]: Context update: speed=0.0 veh=0 ok=True
2026-02-22 19:17:23,888 [DEBUG] TrafficAI.MQTT [app.py:1066]: Context update: speed=0.0 veh=0 ok=True
2026-02-22 19:17:24,097 [DEBUG] TrafficAI.MQTT [app.py:1066]: Context update: speed=0.0 veh=0 ok=True
2026-02-22 19:17:24,098 [DEBUG] TrafficAI.MQTT [app.py:1066]: Context update: speed=0.0 veh=0 ok=True
2026-02-22 19:17:24,298 [DEBUG] TrafficAI.API [app.py:1491]: 404 Not Found: /imge/1771762391_SNAP-00001.jpg
2026-02-22 19:17:24,309 [DEBUG] TrafficAI.MQTT [app.py:1066]: Context update: speed=0.0 veh=0 ok=True
2026-02-22 19:17:24,310 [DEBUG] TrafficAI.MQTT [app.py:1066]: Context update: speed=0.0 veh=0 ok=True
2026-02-22 19:17:24,519 [DEBUG] TrafficAI.MQTT [app.py:1066]: Context update: speed=0.0 veh=0 ok=True
2026-02-22 19:17:24,520 [DEBUG] TrafficAI.MQTT [app.py:1066]: Context update: speed=0.0 veh=0 ok=True
2026-02-22 19:17:24,729 [DEBUG] TrafficAI.MQTT [app.py:1066]: Context update: speed=0.0 veh=0 ok=True
2026-02-22 19:17:24,730 [DEBUG] TrafficAI.MQTT [app.py:1066]: Context update: speed=0.0 veh=0 ok=True
2026-02-22 19:17:24,941 [DEBUG] TrafficAI.MQTT [app.py:1066]: Context update: speed=0.0 veh=0 ok=True
2026-02-22 19:17:24,942 [DEBUG] TrafficAI.MQTT [app.py:1066]: Context update: speed=0.0 veh=0 ok=True
2026-02-22 19:17:25,151 [DEBUG] TrafficAI.MQTT [app.py:1066]: Context update: speed=0.0 veh=0 ok=True
2026-02-22 19:17:25,151 [DEBUG] TrafficAI.MQTT [app.py:1066]: Context update: speed=0.0 veh=0 ok=True
2026-02-22 19:17:25,360 [DEBUG] TrafficAI.MQTT [app.py:1066]: Context update: speed=0.0 veh=0 ok=True
2026-02-22 19:17:25,361 [DEBUG] TrafficAI.MQTT [app.py:1066]: Context update: speed=0.0 veh=0 ok=True
2026-02-22 19:17:25,571 [DEBUG] TrafficAI.MQTT [app.py:1066]: Context update: speed=0.0 veh=0 ok=True
2026-02-22 19:17:25,571 [DEBUG] TrafficAI.MQTT [app.py:1066]: Context update: speed=0.0 veh=0 ok=True
2026-02-22 19:17:25,783 [DEBUG] TrafficAI.MQTT [app.py:1066]: Context update: speed=0.0 veh=0 ok=True
2026-02-22 19:17:25,783 [DEBUG] TrafficAI.MQTT [app.py:1066]: Context update: speed=0.0 veh=0 ok=True
2026-02-22 19:17:25,993 [DEBUG] TrafficAI.MQTT [app.py:1066]: Context update: speed=0.0 veh=0 ok=True
2026-02-22 19:17:25,993 [DEBUG] TrafficAI.MQTT [app.py:1066]: Context update: speed=0.0 veh=0 ok=True
2026-02-22 19:17:26,203 [DEBUG] TrafficAI.MQTT [app.py:1066]: Context update: speed=0.0 veh=0 ok=True
2026-02-22 19:17:26,203 [DEBUG] TrafficAI.MQTT [app.py:1066]: Context update: speed=0.0 veh=0 ok=True
2026-02-22 19:17:26,413 [DEBUG] TrafficAI.MQTT [app.py:1066]: Context update: speed=0.0 veh=0 ok=True
2026-02-22 19:17:26,413 [DEBUG] TrafficAI.MQTT [app.py:1066]: Context update: speed=0.0 veh=0 ok=True
2026-02-22 19:17:26,623 [DEBUG] TrafficAI.MQTT [app.py:1066]: Context update: speed=0.0 veh=0 ok=True
2026-02-22 19:17:26,624 [DEBUG] TrafficAI.MQTT [app.py:1066]: Context update: speed=0.0 veh=0 ok=True
2026-02-22 19:17:26,834 [DEBUG] TrafficAI.MQTT [app.py:1066]: Context update: speed=0.0 veh=0 ok=True
2026-02-22 19:17:26,835 [DEBUG] TrafficAI.MQTT [app.py:1066]: Context update: speed=0.0 veh=0 ok=True
2026-02-22 19:17:27,045 [DEBUG] TrafficAI.MQTT [app.py:1066]: Context update: speed=0.0 veh=0 ok=True
2026-02-22 19:17:27,045 [DEBUG] TrafficAI.MQTT [app.py:1066]: Context update: speed=0.0 veh=0 ok=True
2026-02-22 19:17:27,255 [DEBUG] TrafficAI.MQTT [app.py:1066]: Context update: speed=0.0 veh=0 ok=True
2026-02-22 19:17:27,256 [DEBUG] TrafficAI.MQTT [app.py:1066]: Context update: speed=0.0 veh=0 ok=True
2026-02-22 19:17:27,467 [DEBUG] TrafficAI.MQTT [app.py:1066]: Context update: speed=0.0 veh=0 ok=True
2026-02-22 19:17:27,468 [DEBUG] TrafficAI.MQTT [app.py:1066]: Context update: speed=0.0 veh=0 ok=True
2026-02-22 19:17:27,676 [DEBUG] TrafficAI.MQTT [app.py:1066]: Context update: speed=0.0 veh=0 ok=True
2026-02-22 19:17:27,676 [DEBUG] TrafficAI.MQTT [app.py:1066]: Context update: speed=0.0 veh=0 ok=True
2026-02-22 19:17:27,887 [DEBUG] TrafficAI.MQTT [app.py:1066]: Context update: speed=0.0 veh=0 ok=True
2026-02-22 19:17:27,888 [DEBUG] TrafficAI.MQTT [app.py:1066]: Context update: speed=0.0 veh=0 ok=True
2026-02-22 19:17:28,095 [DEBUG] TrafficAI.MQTT [app.py:1066]: Context update: speed=0.0 veh=0 ok=True
2026-02-22 19:17:28,096 [DEBUG] TrafficAI.MQTT [app.py:1066]: Context update: speed=0.0 veh=0 ok=True
2026-02-22 19:17:28,306 [DEBUG] TrafficAI.MQTT [app.py:1066]: Context update: speed=0.0 veh=0 ok=True
2026-02-22 19:17:28,307 [DEBUG] TrafficAI.MQTT [app.py:1066]: Context update: speed=0.0 veh=0 ok=True
2026-02-22 19:17:28,516 [DEBUG] TrafficAI.MQTT [app.py:1066]: Context update: speed=0.0 veh=0 ok=True
2026-02-22 19:17:28,517 [DEBUG] TrafficAI.MQTT [app.py:1066]: Context update: speed=0.0 veh=0 ok=True
2026-02-22 19:17:28,727 [DEBUG] TrafficAI.MQTT [app.py:1066]: Context update: speed=0.0 veh=0 ok=True
2026-02-22 19:17:28,727 [DEBUG] TrafficAI.MQTT [app.py:1066]: Context update: speed=0.0 veh=0 ok=True
2026-02-22 19:17:28,937 [DEBUG] TrafficAI.MQTT [app.py:1066]: Context update: speed=0.0 veh=0 ok=True
2026-02-22 19:17:28,937 [DEBUG] TrafficAI.MQTT [app.py:1066]: Context update: speed=0.0 veh=0 ok=True
2026-02-22 19:17:29,151 [DEBUG] TrafficAI.MQTT [app.py:1066]: Context update: speed=0.0 veh=0 ok=True
2026-02-22 19:17:29,151 [DEBUG] TrafficAI.MQTT [app.py:1066]: Context update: speed=0.0 veh=0 ok=True
2026-02-22 19:17:29,151 [DEBUG] TrafficAI.MQTT [app.py:1066]: Context update: speed=0.0 veh=0 ok=True
2026-02-22 19:17:29,356 [DEBUG] TrafficAI.MQTT [app.py:1066]: Context update: speed=0.0 veh=0 ok=True
2026-02-22 19:17:29,566 [DEBUG] TrafficAI.MQTT [app.py:1066]: Context update: speed=0.0 veh=0 ok=True
2026-02-22 19:17:29,566 [DEBUG] TrafficAI.MQTT [app.py:1066]: Context update: speed=0.0 veh=0 ok=True
2026-02-22 19:17:29,777 [DEBUG] TrafficAI.MQTT [app.py:1066]: Context update: speed=0.0 veh=0 ok=True
2026-02-22 19:17:29,778 [DEBUG] TrafficAI.MQTT [app.py:1066]: Context update: speed=0.0 veh=0 ok=True
2026-02-22 19:17:29,988 [DEBUG] TrafficAI.MQTT [app.py:1066]: Context update: speed=0.0 veh=0 ok=True
2026-02-22 19:17:29,988 [DEBUG] TrafficAI.MQTT [app.py:1066]: Context update: speed=0.0 veh=0 ok=True
2026-02-22 19:17:29,988 [DEBUG] TrafficAI.MQTT [app.py:1066]: Context update: speed=0.0 veh=0 ok=True
2026-02-22 19:17:30,197 [DEBUG] TrafficAI.MQTT [app.py:1066]: Context update: speed=0.0 veh=0 ok=True
2026-02-22 19:17:30,197 [DEBUG] TrafficAI.MQTT [app.py:1066]: Context update: speed=0.0 veh=0 ok=True
2026-02-22 19:17:30,408 [DEBUG] TrafficAI.MQTT [app.py:1066]: Context update: speed=0.0 veh=0 ok=True
2026-02-22 19:17:30,409 [DEBUG] TrafficAI.MQTT [app.py:1066]: Context update: speed=0.0 veh=0 ok=True
2026-02-22 19:17:30,619 [DEBUG] TrafficAI.MQTT [app.py:1066]: Context update: speed=0.0 veh=0 ok=True
2026-02-22 19:17:30,619 [DEBUG] TrafficAI.MQTT [app.py:1066]: Context update: speed=0.0 veh=0 ok=True
2026-02-22 19:17:30,829 [DEBUG] TrafficAI.MQTT [app.py:1066]: Context update: speed=0.0 veh=0 ok=True
2026-02-22 19:17:30,829 [DEBUG] TrafficAI.MQTT [app.py:1066]: Context update: speed=0.0 veh=0 ok=True
2026-02-22 19:17:31,039 [DEBUG] TrafficAI.MQTT [app.py:1066]: Context update: speed=0.0 veh=0 ok=True
2026-02-22 19:17:31,039 [DEBUG] TrafficAI.MQTT [app.py:1066]: Context update: speed=0.0 veh=0 ok=True
2026-02-22 19:17:31,249 [DEBUG] TrafficAI.MQTT [app.py:1066]: Context update: speed=0.0 veh=0 ok=True
2026-02-22 19:17:31,250 [DEBUG] TrafficAI.MQTT [app.py:1066]: Context update: speed=0.0 veh=0 ok=True
2026-02-22 19:17:31,459 [DEBUG] TrafficAI.MQTT [app.py:1066]: Context update: speed=0.0 veh=0 ok=True
2026-02-22 19:17:31,460 [DEBUG] TrafficAI.MQTT [app.py:1066]: Context update: speed=0.0 veh=0 ok=True
2026-02-22 19:17:31,460 [DEBUG] TrafficAI.MQTT [app.py:1066]: Context update: speed=0.0 veh=0 ok=True
2026-02-22 19:17:31,670 [DEBUG] TrafficAI.MQTT [app.py:1066]: Context update: speed=0.0 veh=0 ok=True
2026-02-22 19:17:31,880 [DEBUG] TrafficAI.MQTT [app.py:1066]: Context update: speed=0.0 veh=0 ok=True
2026-02-22 19:17:31,881 [DEBUG] TrafficAI.MQTT [app.py:1066]: Context update: speed=0.0 veh=0 ok=True
2026-02-22 19:17:32,090 [DEBUG] TrafficAI.MQTT [app.py:1066]: Context update: speed=0.0 veh=0 ok=True
2026-02-22 19:17:32,091 [DEBUG] TrafficAI.MQTT [app.py:1066]: Context update: speed=0.0 veh=0 ok=True
2026-02-22 19:17:32,300 [DEBUG] TrafficAI.MQTT [app.py:1066]: Context update: speed=0.0 veh=0 ok=True
2026-02-22 19:17:32,300 [DEBUG] TrafficAI.MQTT [app.py:1066]: Context update: speed=0.0 veh=0 ok=True
2026-02-22 19:17:32,511 [DEBUG] TrafficAI.MQTT [app.py:1066]: Context update: speed=0.0 veh=0 ok=True
2026-02-22 19:17:32,511 [DEBUG] TrafficAI.MQTT [app.py:1066]: Context update: speed=0.0 veh=0 ok=True
2026-02-22 19:17:32,723 [DEBUG] TrafficAI.MQTT [app.py:1066]: Context update: speed=0.0 veh=0 ok=True
2026-02-22 19:17:32,724 [DEBUG] TrafficAI.MQTT [app.py:1066]: Context update: speed=0.0 veh=0 ok=True
2026-02-22 19:17:32,932 [DEBUG] TrafficAI.MQTT [app.py:1066]: Context update: speed=0.0 veh=0 ok=True
2026-02-22 19:17:32,933 [DEBUG] TrafficAI.MQTT [app.py:1066]: Context update: speed=0.0 veh=0 ok=True
2026-02-22 19:17:33,142 [DEBUG] TrafficAI.MQTT [app.py:1066]: Context update: speed=0.0 veh=0 ok=True
2026-02-22 19:17:33,143 [DEBUG] TrafficAI.MQTT [app.py:1066]: Context update: speed=0.0 veh=0 ok=True
2026-02-22 19:17:33,357 [DEBUG] TrafficAI.MQTT [app.py:1066]: Context update: speed=0.0 veh=0 ok=True
2026-02-22 19:17:33,357 [DEBUG] TrafficAI.MQTT [app.py:1066]: Context update: speed=0.0 veh=0 ok=True
2026-02-22 19:17:33,564 [DEBUG] TrafficAI.MQTT [app.py:1066]: Context update: speed=0.0 veh=0 ok=True
2026-02-22 19:17:33,564 [DEBUG] TrafficAI.MQTT [app.py:1066]: Context update: speed=0.0 veh=0 ok=True
2026-02-22 19:17:33,774 [DEBUG] TrafficAI.MQTT [app.py:1066]: Context update: speed=0.0 veh=0 ok=True
2026-02-22 19:17:33,774 [DEBUG] TrafficAI.MQTT [app.py:1066]: Context update: speed=0.0 veh=0 ok=True
2026-02-22 19:17:33,985 [DEBUG] TrafficAI.MQTT [app.py:1066]: Context update: speed=0.0 veh=0 ok=True
2026-02-22 19:17:33,986 [DEBUG] TrafficAI.MQTT [app.py:1066]: Context update: speed=0.0 veh=0 ok=True
2026-02-22 19:17:34,197 [DEBUG] TrafficAI.MQTT [app.py:1066]: Context update: speed=0.0 veh=0 ok=True
2026-02-22 19:17:34,198 [DEBUG] TrafficAI.MQTT [app.py:1066]: Context update: speed=0.0 veh=0 ok=True
2026-02-22 19:17:34,405 [DEBUG] TrafficAI.MQTT [app.py:1066]: Context update: speed=0.0 veh=0 ok=True
2026-02-22 19:17:34,405 [DEBUG] TrafficAI.MQTT [app.py:1066]: Context update: speed=0.0 veh=0 ok=True
2026-02-22 19:17:34,616 [DEBUG] TrafficAI.MQTT [app.py:1066]: Context update: speed=0.0 veh=0 ok=True
2026-02-22 19:17:34,616 [DEBUG] TrafficAI.MQTT [app.py:1066]: Context update: speed=0.0 veh=0 ok=True
2026-02-22 19:17:34,827 [DEBUG] TrafficAI.MQTT [app.py:1066]: Context update: speed=0.0 veh=0 ok=True
2026-02-22 19:17:34,827 [DEBUG] TrafficAI.MQTT [app.py:1066]: Context update: speed=0.0 veh=0 ok=True
2026-02-22 19:17:35,041 [DEBUG] TrafficAI.MQTT [app.py:1066]: Context update: speed=0.0 veh=0 ok=True
2026-02-22 19:17:35,041 [DEBUG] TrafficAI.MQTT [app.py:1066]: Context update: speed=0.0 veh=0 ok=True
2026-02-22 19:17:35,250 [DEBUG] TrafficAI.MQTT [app.py:1066]: Context update: speed=0.0 veh=0 ok=True
2026-02-22 19:17:35,250 [DEBUG] TrafficAI.MQTT [app.py:1066]: Context update: speed=0.0 veh=0 ok=True
2026-02-22 19:17:35,459 [DEBUG] TrafficAI.MQTT [app.py:1066]: Context update: speed=0.0 veh=0 ok=True
2026-02-22 19:17:35,459 [DEBUG] TrafficAI.MQTT [app.py:1066]: Context update: speed=0.0 veh=0 ok=True
2026-02-22 19:17:35,669 [DEBUG] TrafficAI.MQTT [app.py:1066]: Context update: speed=0.0 veh=0 ok=True
2026-02-22 19:17:35,885 [DEBUG] TrafficAI.MQTT [app.py:1066]: Context update: speed=0.0 veh=0 ok=True
2026-02-22 19:17:35,886 [DEBUG] TrafficAI.MQTT [app.py:1066]: Context update: speed=0.0 veh=0 ok=True
2026-02-22 19:17:36,095 [DEBUG] TrafficAI.MQTT [app.py:1066]: Context update: speed=0.0 veh=0 ok=True
2026-02-22 19:17:36,096 [DEBUG] TrafficAI.MQTT [app.py:1066]: Context update: speed=0.0 veh=0 ok=True
2026-02-22 19:17:36,096 [DEBUG] TrafficAI.MQTT [app.py:1066]: Context update: speed=0.0 veh=0 ok=True
2026-02-22 19:17:36,309 [DEBUG] TrafficAI.MQTT [app.py:1066]: Context update: speed=0.0 veh=0 ok=True
2026-02-22 19:17:36,309 [DEBUG] TrafficAI.MQTT [app.py:1066]: Context update: speed=0.0 veh=0 ok=True
2026-02-22 19:17:36,520 [DEBUG] TrafficAI.MQTT [app.py:1066]: Context update: speed=0.0 veh=0 ok=True
2026-02-22 19:17:36,520 [DEBUG] TrafficAI.MQTT [app.py:1066]: Context update: speed=0.0 veh=0 ok=True
2026-02-22 19:17:36,730 [DEBUG] TrafficAI.MQTT [app.py:1066]: Context update: speed=0.0 veh=0 ok=True
2026-02-22 19:17:36,730 [DEBUG] TrafficAI.MQTT [app.py:1066]: Context update: speed=0.0 veh=0 ok=True
2026-02-22 19:17:36,941 [DEBUG] TrafficAI.MQTT [app.py:1066]: Context update: speed=0.0 veh=0 ok=True
2026-02-22 19:17:36,942 [DEBUG] TrafficAI.MQTT [app.py:1066]: Context update: speed=0.0 veh=0 ok=True
2026-02-22 19:17:37,151 [DEBUG] TrafficAI.MQTT [app.py:1066]: Context update: speed=0.0 veh=0 ok=True
2026-02-22 19:17:37,152 [DEBUG] TrafficAI.MQTT [app.py:1066]: Context update: speed=0.0 veh=0 ok=True
2026-02-22 19:17:37,361 [DEBUG] TrafficAI.MQTT [app.py:1066]: Context update: speed=0.0 veh=0 ok=True
2026-02-22 19:17:37,362 [DEBUG] TrafficAI.MQTT [app.py:1066]: Context update: speed=0.0 veh=0 ok=True
2026-02-22 19:17:37,571 [DEBUG] TrafficAI.MQTT [app.py:1066]: Context update: speed=0.0 veh=0 ok=True
2026-02-22 19:17:37,571 [DEBUG] TrafficAI.MQTT [app.py:1066]: Context update: speed=0.0 veh=0 ok=True
2026-02-22 19:17:37,572 [DEBUG] TrafficAI.MQTT [app.py:1066]: Context update: speed=0.0 veh=0 ok=True
2026-02-22 19:17:37,781 [DEBUG] TrafficAI.MQTT [app.py:1066]: Context update: speed=0.0 veh=0 ok=True
2026-02-22 19:17:37,781 [DEBUG] TrafficAI.MQTT [app.py:1066]: Context update: speed=0.0 veh=0 ok=True
2026-02-22 19:17:37,991 [DEBUG] TrafficAI.MQTT [app.py:1066]: Context update: speed=0.0 veh=0 ok=True
2026-02-22 19:17:37,991 [DEBUG] TrafficAI.MQTT [app.py:1066]: Context update: speed=0.0 veh=0 ok=True
2026-02-22 19:17:38,202 [DEBUG] TrafficAI.MQTT [app.py:1066]: Context update: speed=0.0 veh=0 ok=True
2026-02-22 19:17:38,203 [DEBUG] TrafficAI.MQTT [app.py:1066]: Context update: speed=0.0 veh=0 ok=True
2026-02-22 19:17:38,412 [DEBUG] TrafficAI.MQTT [app.py:1066]: Context update: speed=0.0 veh=0 ok=True
2026-02-22 19:17:38,412 [DEBUG] TrafficAI.MQTT [app.py:1066]: Context update: speed=0.0 veh=0 ok=True
2026-02-22 19:17:38,625 [DEBUG] TrafficAI.MQTT [app.py:1066]: Context update: speed=0.0 veh=0 ok=True
2026-02-22 19:17:38,625 [DEBUG] TrafficAI.MQTT [app.py:1066]: Context update: speed=0.0 veh=0 ok=True
2026-02-22 19:17:38,833 [DEBUG] TrafficAI.MQTT [app.py:1066]: Context update: speed=0.0 veh=0 ok=True
2026-02-22 19:17:38,833 [DEBUG] TrafficAI.MQTT [app.py:1066]: Context update: speed=0.0 veh=0 ok=True
2026-02-22 19:17:39,043 [DEBUG] TrafficAI.MQTT [app.py:1066]: Context update: speed=0.0 veh=0 ok=True
2026-02-22 19:17:39,043 [DEBUG] TrafficAI.MQTT [app.py:1066]: Context update: speed=0.0 veh=0 ok=True
2026-02-22 19:17:39,255 [DEBUG] TrafficAI.MQTT [app.py:1066]: Context update: speed=0.0 veh=0 ok=True
2026-02-22 19:17:39,256 [DEBUG] TrafficAI.MQTT [app.py:1066]: Context update: speed=0.0 veh=0 ok=True
2026-02-22 19:17:39,463 [DEBUG] TrafficAI.MQTT [app.py:1066]: Context update: speed=0.0 veh=0 ok=True
2026-02-22 19:17:39,463 [DEBUG] TrafficAI.MQTT [app.py:1066]: Context update: speed=0.0 veh=0 ok=True
2026-02-22 19:17:39,464 [DEBUG] TrafficAI.MQTT [app.py:1066]: Context update: speed=0.0 veh=0 ok=True
2026-02-22 19:17:40,709 [DEBUG] TrafficAI.MQTT [app.py:1066]: Context update: speed=0.0 veh=0 ok=True
2026-02-22 19:17:40,710 [DEBUG] TrafficAI.MQTT [app.py:1066]: Context update: speed=0.0 veh=0 ok=True
2026-02-22 19:17:40,710 [DEBUG] TrafficAI.MQTT [app.py:1066]: Context update: speed=0.0 veh=0 ok=True
2026-02-22 19:17:40,710 [DEBUG] TrafficAI.MQTT [app.py:1066]: Context update: speed=0.0 veh=0 ok=True
2026-02-22 19:17:40,710 [DEBUG] TrafficAI.MQTT [app.py:1066]: Context update: speed=0.0 veh=0 ok=True
2026-02-22 19:17:40,710 [DEBUG] TrafficAI.MQTT [app.py:1066]: Context update: speed=0.0 veh=0 ok=True
2026-02-22 19:17:40,711 [DEBUG] TrafficAI.MQTT [app.py:1066]: Context update: speed=0.0 veh=0 ok=True
2026-02-22 19:17:40,711 [DEBUG] TrafficAI.MQTT [app.py:1066]: Context update: speed=0.0 veh=0 ok=True
2026-02-22 19:17:40,711 [DEBUG] TrafficAI.MQTT [app.py:1066]: Context update: speed=0.0 veh=0 ok=True
2026-02-22 19:17:40,737 [DEBUG] TrafficAI.MQTT [app.py:1066]: Context update: speed=0.0 veh=0 ok=True
2026-02-22 19:17:40,737 [DEBUG] TrafficAI.MQTT [app.py:1066]: Context update: speed=0.0 veh=0 ok=True
2026-02-22 19:17:40,955 [DEBUG] TrafficAI.MQTT [app.py:1066]: Context update: speed=0.0 veh=0 ok=True
2026-02-22 19:17:40,955 [DEBUG] TrafficAI.MQTT [app.py:1066]: Context update: speed=0.0 veh=0 ok=True
2026-02-22 19:17:41,237 [DEBUG] TrafficAI.MQTT [app.py:1066]: Context update: speed=0.0 veh=0 ok=True
2026-02-22 19:17:41,238 [DEBUG] TrafficAI.MQTT [app.py:1066]: Context update: speed=0.0 veh=0 ok=True
2026-02-22 19:17:41,364 [DEBUG] TrafficAI.MQTT [app.py:1066]: Context update: speed=0.0 veh=0 ok=True
2026-02-22 19:17:41,365 [DEBUG] TrafficAI.MQTT [app.py:1066]: Context update: speed=0.0 veh=0 ok=True
2026-02-22 19:17:41,576 [DEBUG] TrafficAI.MQTT [app.py:1066]: Context update: speed=0.0 veh=0 ok=True
2026-02-22 19:17:41,576 [DEBUG] TrafficAI.MQTT [app.py:1066]: Context update: speed=0.0 veh=0 ok=True
2026-02-22 19:17:41,786 [DEBUG] TrafficAI.MQTT [app.py:1066]: Context update: speed=0.0 veh=0 ok=True
2026-02-22 19:17:41,787 [DEBUG] TrafficAI.MQTT [app.py:1066]: Context update: speed=0.0 veh=0 ok=True
2026-02-22 19:17:41,996 [DEBUG] TrafficAI.MQTT [app.py:1066]: Context update: speed=0.0 veh=0 ok=True
2026-02-22 19:17:41,996 [DEBUG] TrafficAI.MQTT [app.py:1066]: Context update: speed=0.0 veh=0 ok=True
2026-02-22 19:17:42,214 [DEBUG] TrafficAI.MQTT [app.py:1066]: Context update: speed=0.0 veh=0 ok=True
2026-02-22 19:17:42,214 [DEBUG] TrafficAI.MQTT [app.py:1066]: Context update: speed=0.0 veh=0 ok=True
2026-02-22 19:17:42,215 [DEBUG] TrafficAI.MQTT [app.py:1066]: Context update: speed=0.0 veh=0 ok=True
2026-02-22 19:17:42,417 [DEBUG] TrafficAI.MQTT [app.py:1066]: Context update: speed=0.0 veh=0 ok=True
2026-02-22 19:17:42,417 [DEBUG] TrafficAI.MQTT [app.py:1066]: Context update: speed=0.0 veh=0 ok=True
2026-02-22 19:17:42,626 [DEBUG] TrafficAI.MQTT [app.py:1066]: Context update: speed=0.0 veh=0 ok=True
2026-02-22 19:17:42,626 [DEBUG] TrafficAI.MQTT [app.py:1066]: Context update: speed=0.0 veh=0 ok=True
2026-02-22 19:17:42,840 [DEBUG] TrafficAI.MQTT [app.py:1066]: Context update: speed=0.0 veh=0 ok=True
2026-02-22 19:17:42,840 [DEBUG] TrafficAI.MQTT [app.py:1066]: Context update: speed=0.0 veh=0 ok=True
2026-02-22 19:17:43,051 [DEBUG] TrafficAI.MQTT [app.py:1066]: Context update: speed=0.0 veh=0 ok=True
2026-02-22 19:17:43,051 [DEBUG] TrafficAI.MQTT [app.py:1066]: Context update: speed=0.0 veh=0 ok=True
2026-02-22 19:17:43,261 [DEBUG] TrafficAI.MQTT [app.py:1066]: Context update: speed=0.0 veh=0 ok=True
2026-02-22 19:17:43,262 [DEBUG] TrafficAI.MQTT [app.py:1066]: Context update: speed=0.0 veh=0 ok=True
2026-02-22 19:17:43,472 [DEBUG] TrafficAI.MQTT [app.py:1066]: Context update: speed=0.0 veh=0 ok=True
2026-02-22 19:17:43,681 [DEBUG] TrafficAI.MQTT [app.py:1066]: Context update: speed=0.0 veh=0 ok=True
2026-02-22 19:17:43,682 [DEBUG] TrafficAI.MQTT [app.py:1066]: Context update: speed=0.0 veh=0 ok=True
2026-02-22 19:17:43,891 [DEBUG] TrafficAI.MQTT [app.py:1066]: Context update: speed=0.0 veh=0 ok=True
2026-02-22 19:17:43,891 [DEBUG] TrafficAI.MQTT [app.py:1066]: Context update: speed=0.0 veh=0 ok=True
2026-02-22 19:17:44,101 [DEBUG] TrafficAI.MQTT [app.py:1066]: Context update: speed=0.0 veh=0 ok=True
2026-02-22 19:17:44,102 [DEBUG] TrafficAI.MQTT [app.py:1066]: Context update: speed=0.0 veh=0 ok=True
2026-02-22 19:17:44,311 [DEBUG] TrafficAI.MQTT [app.py:1066]: Context update: speed=0.0 veh=0 ok=True
2026-02-22 19:17:44,312 [DEBUG] TrafficAI.MQTT [app.py:1066]: Context update: speed=0.0 veh=0 ok=True
2026-02-22 19:17:44,524 [DEBUG] TrafficAI.MQTT [app.py:1066]: Context update: speed=0.0 veh=0 ok=True
2026-02-22 19:17:44,524 [DEBUG] TrafficAI.MQTT [app.py:1066]: Context update: speed=0.0 veh=0 ok=True
2026-02-22 19:17:44,734 [DEBUG] TrafficAI.MQTT [app.py:1066]: Context update: speed=0.0 veh=0 ok=True
2026-02-22 19:17:44,734 [DEBUG] TrafficAI.MQTT [app.py:1066]: Context update: speed=0.0 veh=0 ok=True
2026-02-22 19:17:44,944 [DEBUG] TrafficAI.MQTT [app.py:1066]: Context update: speed=0.0 veh=0 ok=True
2026-02-22 19:17:44,944 [DEBUG] TrafficAI.MQTT [app.py:1066]: Context update: speed=0.0 veh=0 ok=True
2026-02-22 19:17:45,156 [DEBUG] TrafficAI.MQTT [app.py:1066]: Context update: speed=0.0 veh=0 ok=True
2026-02-22 19:17:45,156 [DEBUG] TrafficAI.MQTT [app.py:1066]: Context update: speed=0.0 veh=0 ok=True
2026-02-22 19:17:45,368 [DEBUG] TrafficAI.MQTT [app.py:1066]: Context update: speed=0.0 veh=0 ok=True
2026-02-22 19:17:45,368 [DEBUG] TrafficAI.MQTT [app.py:1066]: Context update: speed=0.0 veh=0 ok=True
2026-02-22 19:17:45,579 [DEBUG] TrafficAI.MQTT [app.py:1066]: Context update: speed=0.0 veh=0 ok=True
2026-02-22 19:17:45,580 [DEBUG] TrafficAI.MQTT [app.py:1066]: Context update: speed=0.0 veh=0 ok=True
2026-02-22 19:17:45,791 [DEBUG] TrafficAI.MQTT [app.py:1066]: Context update: speed=0.0 veh=0 ok=True
2026-02-22 19:17:45,792 [DEBUG] TrafficAI.MQTT [app.py:1066]: Context update: speed=0.0 veh=0 ok=True
2026-02-22 19:17:46,003 [DEBUG] TrafficAI.MQTT [app.py:1066]: Context update: speed=0.0 veh=0 ok=True
2026-02-22 19:17:46,004 [DEBUG] TrafficAI.MQTT [app.py:1066]: Context update: speed=0.0 veh=0 ok=True
2026-02-22 19:17:46,224 [DEBUG] TrafficAI.MQTT [app.py:1066]: Context update: speed=0.0 veh=0 ok=True
2026-02-22 19:17:46,225 [DEBUG] TrafficAI.MQTT [app.py:1066]: Context update: speed=0.0 veh=0 ok=True
2026-02-22 19:17:46,423 [DEBUG] TrafficAI.MQTT [app.py:1066]: Context update: speed=0.0 veh=0 ok=True
2026-02-22 19:17:46,424 [DEBUG] TrafficAI.MQTT [app.py:1066]: Context update: speed=0.0 veh=0 ok=True
2026-02-22 19:17:46,633 [DEBUG] TrafficAI.MQTT [app.py:1066]: Context update: speed=0.0 veh=0 ok=True
2026-02-22 19:17:46,633 [DEBUG] TrafficAI.MQTT [app.py:1066]: Context update: speed=0.0 veh=0 ok=True
2026-02-22 19:17:46,845 [DEBUG] TrafficAI.MQTT [app.py:1066]: Context update: speed=0.0 veh=0 ok=True
2026-02-22 19:17:46,846 [DEBUG] TrafficAI.MQTT [app.py:1066]: Context update: speed=0.0 veh=0 ok=True
2026-02-22 19:17:47,057 [DEBUG] TrafficAI.MQTT [app.py:1066]: Context update: speed=0.0 veh=0 ok=True
2026-02-22 19:17:47,058 [DEBUG] TrafficAI.MQTT [app.py:1066]: Context update: speed=0.0 veh=0 ok=True
2026-02-22 19:17:47,267 [DEBUG] TrafficAI.MQTT [app.py:1066]: Context update: speed=0.0 veh=0 ok=True
2026-02-22 19:17:47,268 [DEBUG] TrafficAI.MQTT [app.py:1066]: Context update: speed=0.0 veh=0 ok=True
2026-02-22 19:17:47,476 [DEBUG] TrafficAI.MQTT [app.py:1066]: Context update: speed=0.0 veh=0 ok=True
2026-02-22 19:17:47,476 [DEBUG] TrafficAI.MQTT [app.py:1066]: Context update: speed=0.0 veh=0 ok=True
2026-02-22 19:17:47,686 [DEBUG] TrafficAI.MQTT [app.py:1066]: Context update: speed=0.0 veh=0 ok=True
2026-02-22 19:17:47,686 [DEBUG] TrafficAI.MQTT [app.py:1066]: Context update: speed=0.0 veh=0 ok=True
2026-02-22 19:17:47,899 [DEBUG] TrafficAI.MQTT [app.py:1066]: Context update: speed=0.0 veh=0 ok=True
2026-02-22 19:17:47,900 [DEBUG] TrafficAI.MQTT [app.py:1066]: Context update: speed=0.0 veh=0 ok=True
2026-02-22 19:17:47,900 [DEBUG] TrafficAI.MQTT [app.py:1066]: Context update: speed=0.0 veh=0 ok=True
2026-02-22 19:17:48,117 [DEBUG] TrafficAI.MQTT [app.py:1066]: Context update: speed=0.0 veh=0 ok=True
2026-02-22 19:17:48,117 [DEBUG] TrafficAI.MQTT [app.py:1066]: Context update: speed=0.0 veh=0 ok=True
2026-02-22 19:17:48,334 [DEBUG] TrafficAI.MQTT [app.py:1066]: Context update: speed=0.0 veh=0 ok=True
2026-02-22 19:17:48,335 [DEBUG] TrafficAI.MQTT [app.py:1066]: Context update: speed=0.0 veh=0 ok=True
2026-02-22 19:17:48,543 [DEBUG] TrafficAI.MQTT [app.py:1066]: Context update: speed=0.0 veh=0 ok=True
2026-02-22 19:17:48,753 [DEBUG] TrafficAI.MQTT [app.py:1066]: Context update: speed=0.0 veh=0 ok=True
2026-02-22 19:17:48,753 [DEBUG] TrafficAI.MQTT [app.py:1066]: Context update: speed=0.0 veh=0 ok=True
2026-02-22 19:17:48,964 [DEBUG] TrafficAI.MQTT [app.py:1066]: Context update: speed=0.0 veh=0 ok=True
2026-02-22 19:17:48,964 [DEBUG] TrafficAI.MQTT [app.py:1066]: Context update: speed=0.0 veh=0 ok=True
2026-02-22 19:17:49,175 [DEBUG] TrafficAI.MQTT [app.py:1066]: Context update: speed=0.0 veh=0 ok=True
2026-02-22 19:17:49,175 [DEBUG] TrafficAI.MQTT [app.py:1066]: Context update: speed=0.0 veh=0 ok=True
2026-02-22 19:17:49,388 [DEBUG] TrafficAI.MQTT [app.py:1066]: Context update: speed=0.0 veh=0 ok=True
2026-02-22 19:17:49,389 [DEBUG] TrafficAI.MQTT [app.py:1066]: Context update: speed=0.0 veh=0 ok=True
2026-02-22 19:17:49,597 [DEBUG] TrafficAI.MQTT [app.py:1066]: Context update: speed=0.0 veh=0 ok=True
2026-02-22 19:17:49,809 [DEBUG] TrafficAI.MQTT [app.py:1066]: Context update: speed=0.0 veh=0 ok=True
2026-02-22 19:17:49,809 [DEBUG] TrafficAI.MQTT [app.py:1066]: Context update: speed=0.0 veh=0 ok=True
2026-02-22 19:17:50,020 [DEBUG] TrafficAI.MQTT [app.py:1066]: Context update: speed=0.0 veh=0 ok=True
2026-02-22 19:17:50,021 [DEBUG] TrafficAI.MQTT [app.py:1066]: Context update: speed=0.0 veh=0 ok=True
2026-02-22 19:17:50,232 [DEBUG] TrafficAI.MQTT [app.py:1066]: Context update: speed=0.0 veh=0 ok=True
2026-02-22 19:17:50,232 [DEBUG] TrafficAI.MQTT [app.py:1066]: Context update: speed=0.0 veh=0 ok=True
2026-02-22 19:17:50,440 [DEBUG] TrafficAI.MQTT [app.py:1066]: Context update: speed=0.0 veh=0 ok=True
2026-02-22 19:17:50,440 [DEBUG] TrafficAI.MQTT [app.py:1066]: Context update: speed=0.0 veh=0 ok=True
2026-02-22 19:17:50,473 [DEBUG] TrafficAI.Premium [app.py:1125]: Context snapshot saved
2026-02-22 19:17:50,523 [INFO] TrafficAI.Theme [app.py:872]: Theme changed: neon-active → neon-futuristic (by=auto-worker auto=True)
2026-02-22 19:17:50,653 [DEBUG] TrafficAI.MQTT [app.py:1066]: Context update: speed=0.0 veh=0 ok=True
2026-02-22 19:17:50,653 [DEBUG] TrafficAI.MQTT [app.py:1066]: Context update: speed=0.0 veh=0 ok=True
2026-02-22 19:17:50,797 [INFO] TrafficAI.Theme [app.py:1079]: MQTT remote theme update: neon-futuristic
2026-02-22 19:17:51,181 [DEBUG] TrafficAI.MQTT [app.py:1066]: Context update: speed=0.0 veh=0 ok=True
2026-02-22 19:17:51,182 [DEBUG] TrafficAI.MQTT [app.py:1066]: Context update: speed=0.0 veh=0 ok=True
2026-02-22 19:17:51,182 [DEBUG] TrafficAI.MQTT [app.py:1066]: Context update: speed=0.0 veh=0 ok=True
2026-02-22 19:17:51,182 [DEBUG] TrafficAI.MQTT [app.py:1066]: Context update: speed=0.0 veh=0 ok=True
2026-02-22 19:17:51,283 [DEBUG] TrafficAI.MQTT [app.py:1066]: Context update: speed=0.0 veh=0 ok=True
2026-02-22 19:17:51,283 [DEBUG] TrafficAI.MQTT [app.py:1066]: Context update: speed=0.0 veh=0 ok=True
2026-02-22 19:17:51,492 [DEBUG] TrafficAI.MQTT [app.py:1066]: Context update: speed=0.0 veh=0 ok=True
2026-02-22 19:17:51,493 [DEBUG] TrafficAI.MQTT [app.py:1066]: Context update: speed=0.0 veh=0 ok=True
2026-02-22 19:17:51,703 [DEBUG] TrafficAI.MQTT [app.py:1066]: Context update: speed=0.0 veh=0 ok=True
2026-02-22 19:17:51,703 [DEBUG] TrafficAI.MQTT [app.py:1066]: Context update: speed=0.0 veh=0 ok=True
2026-02-22 19:17:51,915 [DEBUG] TrafficAI.MQTT [app.py:1066]: Context update: speed=0.0 veh=0 ok=True
2026-02-22 19:17:51,915 [DEBUG] TrafficAI.MQTT [app.py:1066]: Context update: speed=0.0 veh=0 ok=True
2026-02-22 19:17:52,125 [DEBUG] TrafficAI.MQTT [app.py:1066]: Context update: speed=0.0 veh=0 ok=True
2026-02-22 19:17:52,126 [DEBUG] TrafficAI.MQTT [app.py:1066]: Context update: speed=0.0 veh=0 ok=True
2026-02-22 19:17:52,335 [DEBUG] TrafficAI.MQTT [app.py:1066]: Context update: speed=0.0 veh=0 ok=True
2026-02-22 19:17:52,335 [DEBUG] TrafficAI.MQTT [app.py:1066]: Context update: speed=0.0 veh=0 ok=True
2026-02-22 19:17:52,558 [DEBUG] TrafficAI.MQTT [app.py:1066]: Context update: speed=0.0 veh=0 ok=True
2026-02-22 19:17:52,559 [DEBUG] TrafficAI.MQTT [app.py:1066]: Context update: speed=0.0 veh=0 ok=True
2026-02-22 19:17:52,763 [DEBUG] TrafficAI.MQTT [app.py:1066]: Context update: speed=0.0 veh=0 ok=True
2026-02-22 19:17:52,764 [DEBUG] TrafficAI.MQTT [app.py:1066]: Context update: speed=0.0 veh=0 ok=True
2026-02-22 19:17:52,973 [DEBUG] TrafficAI.MQTT [app.py:1066]: Context update: speed=0.0 veh=0 ok=True
2026-02-22 19:17:52,974 [DEBUG] TrafficAI.MQTT [app.py:1066]: Context update: speed=0.0 veh=0 ok=True
2026-02-22 19:17:52,974 [DEBUG] TrafficAI.MQTT [app.py:1066]: Context update: speed=0.0 veh=0 ok=True
2026-02-22 19:17:53,183 [DEBUG] TrafficAI.MQTT [app.py:1066]: Context update: speed=0.0 veh=0 ok=True
2026-02-22 19:17:53,184 [DEBUG] TrafficAI.MQTT [app.py:1066]: Context update: speed=0.0 veh=0 ok=True
2026-02-22 19:17:53,400 [DEBUG] TrafficAI.MQTT [app.py:1066]: Context update: speed=0.0 veh=0 ok=True
2026-02-22 19:17:53,401 [DEBUG] TrafficAI.MQTT [app.py:1066]: Context update: speed=0.0 veh=0 ok=True
2026-02-22 19:17:53,401 [DEBUG] TrafficAI.MQTT [app.py:1066]: Context update: speed=0.0 veh=0 ok=True
2026-02-22 19:17:53,605 [DEBUG] TrafficAI.MQTT [app.py:1066]: Context update: speed=0.0 veh=0 ok=True
2026-02-22 19:17:53,605 [DEBUG] TrafficAI.MQTT [app.py:1066]: Context update: speed=0.0 veh=0 ok=True
2026-02-22 19:17:53,813 [DEBUG] TrafficAI.MQTT [app.py:1066]: Context update: speed=0.0 veh=0 ok=True
2026-02-22 19:17:53,814 [DEBUG] TrafficAI.MQTT [app.py:1066]: Context update: speed=0.0 veh=0 ok=True
2026-02-22 19:17:54,023 [DEBUG] TrafficAI.MQTT [app.py:1066]: Context update: speed=0.0 veh=0 ok=True
2026-02-22 19:17:54,024 [DEBUG] TrafficAI.MQTT [app.py:1066]: Context update: speed=0.0 veh=0 ok=True
2026-02-22 19:17:54,243 [DEBUG] TrafficAI.MQTT [app.py:1066]: Context update: speed=0.0 veh=0 ok=True
2026-02-22 19:17:54,244 [DEBUG] TrafficAI.MQTT [app.py:1066]: Context update: speed=0.0 veh=0 ok=True
2026-02-22 19:17:54,443 [DEBUG] TrafficAI.MQTT [app.py:1066]: Context update: speed=0.0 veh=0 ok=True
2026-02-22 19:17:54,443 [DEBUG] TrafficAI.MQTT [app.py:1066]: Context update: speed=0.0 veh=0 ok=True
2026-02-22 19:17:54,655 [DEBUG] TrafficAI.MQTT [app.py:1066]: Context update: speed=0.0 veh=0 ok=True
2026-02-22 19:17:54,655 [DEBUG] TrafficAI.MQTT [app.py:1066]: Context update: speed=0.0 veh=0 ok=True
2026-02-22 19:17:54,865 [DEBUG] TrafficAI.MQTT [app.py:1066]: Context update: speed=0.0 veh=0 ok=True
2026-02-22 19:17:54,865 [DEBUG] TrafficAI.MQTT [app.py:1066]: Context update: speed=0.0 veh=0 ok=True
2026-02-22 19:17:55,075 [DEBUG] TrafficAI.MQTT [app.py:1066]: Context update: speed=0.0 veh=0 ok=True
2026-02-22 19:17:55,076 [DEBUG] TrafficAI.MQTT [app.py:1066]: Context update: speed=0.0 veh=0 ok=True
2026-02-22 19:17:55,285 [DEBUG] TrafficAI.MQTT [app.py:1066]: Context update: speed=0.0 veh=0 ok=True
2026-02-22 19:17:55,285 [DEBUG] TrafficAI.MQTT [app.py:1066]: Context update: speed=0.0 veh=0 ok=True
2026-02-22 19:17:55,286 [DEBUG] TrafficAI.MQTT [app.py:1066]: Context update: speed=0.0 veh=0 ok=True
2026-02-22 19:17:55,495 [DEBUG] TrafficAI.MQTT [app.py:1066]: Context update: speed=0.0 veh=0 ok=True
2026-02-22 19:17:55,495 [DEBUG] TrafficAI.MQTT [app.py:1066]: Context update: speed=0.0 veh=0 ok=True
2026-02-22 19:17:55,707 [DEBUG] TrafficAI.MQTT [app.py:1066]: Context update: speed=0.0 veh=0 ok=True
2026-02-22 19:17:55,707 [DEBUG] TrafficAI.MQTT [app.py:1066]: Context update: speed=0.0 veh=0 ok=True
2026-02-22 19:17:55,916 [DEBUG] TrafficAI.MQTT [app.py:1066]: Context update: speed=0.0 veh=0 ok=True
2026-02-22 19:17:55,918 [DEBUG] TrafficAI.MQTT [app.py:1066]: Context update: speed=0.0 veh=0 ok=True
2026-02-22 19:17:56,167 [DEBUG] TrafficAI.MQTT [app.py:1066]: Context update: speed=0.0 veh=0 ok=True
2026-02-22 19:17:56,167 [DEBUG] TrafficAI.MQTT [app.py:1066]: Context update: speed=0.0 veh=0 ok=True
2026-02-22 19:17:56,376 [DEBUG] TrafficAI.MQTT [app.py:1066]: Context update: speed=0.0 veh=0 ok=True
2026-02-22 19:17:56,585 [DEBUG] TrafficAI.MQTT [app.py:1066]: Context update: speed=0.0 veh=0 ok=True
2026-02-22 19:17:56,586 [DEBUG] TrafficAI.MQTT [app.py:1066]: Context update: speed=0.0 veh=0 ok=True
2026-02-22 19:17:56,796 [DEBUG] TrafficAI.MQTT [app.py:1066]: Context update: speed=0.0 veh=0 ok=True
2026-02-22 19:17:56,797 [DEBUG] TrafficAI.MQTT [app.py:1066]: Context update: speed=0.0 veh=0 ok=True
2026-02-22 19:17:57,005 [DEBUG] TrafficAI.MQTT [app.py:1066]: Context update: speed=0.0 veh=0 ok=True
2026-02-22 19:17:57,216 [DEBUG] TrafficAI.MQTT [app.py:1066]: Context update: speed=0.0 veh=0 ok=True
2026-02-22 19:17:57,217 [DEBUG] TrafficAI.MQTT [app.py:1066]: Context update: speed=0.0 veh=0 ok=True
2026-02-22 19:17:57,426 [DEBUG] TrafficAI.MQTT [app.py:1066]: Context update: speed=0.0 veh=0 ok=True
2026-02-22 19:17:57,426 [DEBUG] TrafficAI.MQTT [app.py:1066]: Context update: speed=0.0 veh=0 ok=True
2026-02-22 19:17:57,639 [DEBUG] TrafficAI.MQTT [app.py:1066]: Context update: speed=0.0 veh=0 ok=True
2026-02-22 19:17:57,640 [DEBUG] TrafficAI.MQTT [app.py:1066]: Context update: speed=0.0 veh=0 ok=True
2026-02-22 19:17:57,849 [DEBUG] TrafficAI.MQTT [app.py:1066]: Context update: speed=0.0 veh=0 ok=True
2026-02-22 19:17:57,849 [DEBUG] TrafficAI.MQTT [app.py:1066]: Context update: speed=0.0 veh=0 ok=True
2026-02-22 19:17:58,060 [DEBUG] TrafficAI.MQTT [app.py:1066]: Context update: speed=0.0 veh=0 ok=True
2026-02-22 19:17:58,270 [DEBUG] TrafficAI.MQTT [app.py:1066]: Context update: speed=0.0 veh=0 ok=True
2026-02-22 19:17:58,270 [DEBUG] TrafficAI.MQTT [app.py:1066]: Context update: speed=0.0 veh=0 ok=True
2026-02-22 19:17:58,481 [DEBUG] TrafficAI.MQTT [app.py:1066]: Context update: speed=0.0 veh=0 ok=True
2026-02-22 19:17:58,482 [DEBUG] TrafficAI.MQTT [app.py:1066]: Context update: speed=0.0 veh=0 ok=True
2026-02-22 19:17:58,692 [DEBUG] TrafficAI.MQTT [app.py:1066]: Context update: speed=0.0 veh=0 ok=True
2026-02-22 19:17:58,692 [DEBUG] TrafficAI.MQTT [app.py:1066]: Context update: speed=0.0 veh=0 ok=True
2026-02-22 19:17:58,902 [DEBUG] TrafficAI.MQTT [app.py:1066]: Context update: speed=0.0 veh=0 ok=True
2026-02-22 19:17:58,903 [DEBUG] TrafficAI.MQTT [app.py:1066]: Context update: speed=0.0 veh=0 ok=True
2026-02-22 19:17:59,112 [DEBUG] TrafficAI.MQTT [app.py:1066]: Context update: speed=0.0 veh=0 ok=True
2026-02-22 19:17:59,113 [DEBUG] TrafficAI.MQTT [app.py:1066]: Context update: speed=0.0 veh=0 ok=True
2026-02-22 19:17:59,247 [INFO] TrafficAI.LaptopCam [app.py:245]: 🎥 Laptop camera worker starting...
2026-02-22 19:17:59,247 [INFO] TrafficAI.LaptopCam [app.py:338]: 🎥 Laptop camera started by 127.0.0.1
2026-02-22 19:17:59,322 [DEBUG] TrafficAI.MQTT [app.py:1066]: Context update: speed=0.0 veh=0 ok=True
2026-02-22 19:17:59,322 [DEBUG] TrafficAI.MQTT [app.py:1066]: Context update: speed=0.0 veh=0 ok=True
2026-02-22 19:17:59,531 [DEBUG] TrafficAI.MQTT [app.py:1066]: Context update: speed=0.0 veh=0 ok=True
2026-02-22 19:17:59,531 [DEBUG] TrafficAI.MQTT [app.py:1066]: Context update: speed=0.0 veh=0 ok=True
2026-02-22 19:17:59,747 [DEBUG] TrafficAI.MQTT [app.py:1066]: Context update: speed=0.0 veh=0 ok=True
2026-02-22 19:18:00,866 [DEBUG] TrafficAI.MQTT [app.py:1066]: Context update: speed=0.0 veh=0 ok=True
2026-02-22 19:18:01,708 [INFO] TrafficAI.LaptopCam [app.py:251]: ✅ Webcam opened 1024x768
2026-02-22 19:18:01,972 [DEBUG] TrafficAI.MQTT [app.py:1066]: Context update: speed=0.0 veh=0 ok=True
2026-02-22 19:18:02,285 [DEBUG] TrafficAI.MQTT [app.py:1066]: Context update: speed=0.0 veh=0 ok=True
2026-02-22 19:18:02,495 [DEBUG] TrafficAI.MQTT [app.py:1066]: Context update: speed=0.0 veh=0 ok=True
2026-02-22 19:18:02,704 [DEBUG] TrafficAI.MQTT [app.py:1066]: Context update: speed=0.0 veh=0 ok=True
2026-02-22 19:18:02,704 [DEBUG] TrafficAI.MQTT [app.py:1066]: Context update: speed=0.0 veh=0 ok=True
2026-02-22 19:18:02,913 [DEBUG] TrafficAI.MQTT [app.py:1066]: Context update: speed=0.0 veh=0 ok=True
2026-02-22 19:18:03,124 [DEBUG] TrafficAI.MQTT [app.py:1066]: Context update: speed=0.0 veh=0 ok=True
2026-02-22 19:18:03,334 [DEBUG] TrafficAI.MQTT [app.py:1066]: Context update: speed=0.0 veh=0 ok=True
2026-02-22 19:18:03,334 [DEBUG] TrafficAI.MQTT [app.py:1066]: Context update: speed=0.0 veh=0 ok=True
2026-02-22 19:18:03,544 [DEBUG] TrafficAI.MQTT [app.py:1066]: Context update: speed=0.0 veh=0 ok=True
2026-02-22 19:18:03,767 [DEBUG] TrafficAI.MQTT [app.py:1066]: Context update: speed=0.0 veh=0 ok=True
2026-02-22 19:18:03,966 [DEBUG] TrafficAI.MQTT [app.py:1066]: Context update: speed=0.0 veh=0 ok=True
2026-02-22 19:18:03,966 [DEBUG] TrafficAI.MQTT [app.py:1066]: Context update: speed=0.0 veh=0 ok=True
2026-02-22 19:18:04,176 [DEBUG] TrafficAI.MQTT [app.py:1066]: Context update: speed=0.0 veh=0 ok=True
2026-02-22 19:18:04,386 [DEBUG] TrafficAI.MQTT [app.py:1066]: Context update: speed=0.0 veh=0 ok=True
2026-02-22 19:18:04,595 [DEBUG] TrafficAI.MQTT [app.py:1066]: Context update: speed=0.0 veh=0 ok=True
2026-02-22 19:18:04,806 [DEBUG] TrafficAI.MQTT [app.py:1066]: Context update: speed=0.0 veh=0 ok=True
2026-02-22 19:18:05,016 [DEBUG] TrafficAI.MQTT [app.py:1066]: Context update: speed=0.0 veh=0 ok=True
2026-02-22 19:18:05,225 [DEBUG] TrafficAI.MQTT [app.py:1066]: Context update: speed=0.0 veh=0 ok=True
2026-02-22 19:18:05,437 [DEBUG] TrafficAI.MQTT [app.py:1066]: Context update: speed=0.0 veh=0 ok=True
2026-02-22 19:18:05,645 [DEBUG] TrafficAI.MQTT [app.py:1066]: Context update: speed=0.0 veh=0 ok=True
2026-02-22 19:18:05,857 [DEBUG] TrafficAI.MQTT [app.py:1066]: Context update: speed=0.0 veh=0 ok=True
2026-02-22 19:18:05,858 [DEBUG] TrafficAI.MQTT [app.py:1066]: Context update: speed=0.0 veh=0 ok=True
2026-02-22 19:18:06,067 [DEBUG] TrafficAI.MQTT [app.py:1066]: Context update: speed=0.0 veh=0 ok=True
2026-02-22 19:18:06,277 [DEBUG] TrafficAI.MQTT [app.py:1066]: Context update: speed=0.0 veh=0 ok=True
2026-02-22 19:18:06,488 [DEBUG] TrafficAI.MQTT [app.py:1066]: Context update: speed=0.0 veh=0 ok=True
2026-02-22 19:18:06,697 [DEBUG] TrafficAI.MQTT [app.py:1066]: Context update: speed=0.0 veh=0 ok=True
2026-02-22 19:18:06,698 [DEBUG] TrafficAI.MQTT [app.py:1066]: Context update: speed=0.0 veh=0 ok=True
2026-02-22 19:18:06,702 [INFO] TrafficAI.LaptopCam [app.py:353]: 🛑 Laptop camera stopped by 127.0.0.1
2026-02-22 19:18:06,908 [DEBUG] TrafficAI.MQTT [app.py:1066]: Context update: speed=0.0 veh=0 ok=True
2026-02-22 19:18:06,908 [DEBUG] TrafficAI.MQTT [app.py:1066]: Context update: speed=0.0 veh=0 ok=True
2026-02-22 19:18:07,118 [DEBUG] TrafficAI.MQTT [app.py:1066]: Context update: speed=0.0 veh=0 ok=True
2026-02-22 19:18:07,229 [INFO] TrafficAI.LaptopCam [app.py:295]: 🛑 Laptop camera worker stopped
2026-02-22 19:18:08,102 [DEBUG] TrafficAI.MQTT [app.py:1066]: Context update: speed=0.0 veh=0 ok=True
2026-02-22 19:19:01,821 [INFO] TrafficAI.Premium [app.py:662]: ✅ DB ready: C:\Users\tuann\Downloads\WEB DEVELOPER\server\traffic_ai.db
2026-02-22 19:19:01,827 [INFO] TrafficAI.Premium [app.py:1561]: 🚀 AI Traffic Control v4.0 PREMIUM starting...
2026-02-22 19:19:01,828 [INFO] TrafficAI.Premium [app.py:685]: 🚦 Traffic cycle started
2026-02-22 19:19:02,111 [INFO] TrafficAI.MQTT [app.py:1091]: 📡 MQTT → broker.hivemq.com:1883
2026-02-22 19:19:02,319 [INFO] TrafficAI.MQTT [app.py:1017]: ✅ MQTT connected broker.hivemq.com:1883
2026-02-22 19:19:09,701 [INFO] TrafficAI.Premium [app.py:1596]: 🤖 AI engine OK
2026-02-22 19:19:09,713 [INFO] TrafficAI.Premium [app.py:1603]: ✅ Premium v4.0 Ready — port 5050
2026-02-22 19:19:09,714 [INFO] TrafficAI.Premium [app.py:1604]:    Log dir:  C:\Users\tuann\Downloads\WEB DEVELOPER\server\logs
2026-02-22 19:19:09,714 [INFO] TrafficAI.Premium [app.py:1605]:    DB path:  C:\Users\tuann\Downloads\WEB DEVELOPER\server\traffic_ai.db
2026-02-22 19:19:09,714 [INFO] TrafficAI.Premium [app.py:1606]:    Theme:    neon-futuristic
2026-02-22 19:19:09,714 [INFO] TrafficAI.Premium [app.py:1607]:    MQTT:     broker.hivemq.com:1883
2026-02-22 19:19:09,714 [INFO] TrafficAI.Premium [app.py:1608]:    TB host:  http://localhost:8080 (no token)
2026-02-22 19:19:11,088 [DEBUG] TrafficAI.MQTT [app.py:1066]: Context update: speed=0.0 veh=0 ok=True
2026-02-22 19:19:11,382 [DEBUG] TrafficAI.MQTT [app.py:1066]: Context update: speed=0.0 veh=0 ok=True
2026-02-22 19:19:11,382 [DEBUG] TrafficAI.MQTT [app.py:1066]: Context update: speed=0.0 veh=0 ok=True
2026-02-22 19:19:11,383 [DEBUG] TrafficAI.MQTT [app.py:1066]: Context update: speed=0.0 veh=0 ok=True
2026-02-22 19:19:11,637 [DEBUG] TrafficAI.MQTT [app.py:1066]: Context update: speed=0.0 veh=0 ok=True
2026-02-22 19:19:11,638 [DEBUG] TrafficAI.MQTT [app.py:1066]: Context update: speed=0.0 veh=0 ok=True
2026-02-22 19:19:11,638 [DEBUG] TrafficAI.MQTT [app.py:1066]: Context update: speed=0.0 veh=0 ok=True
2026-02-22 19:19:11,893 [DEBUG] TrafficAI.MQTT [app.py:1066]: Context update: speed=0.0 veh=0 ok=True
2026-02-22 19:19:11,894 [DEBUG] TrafficAI.MQTT [app.py:1066]: Context update: speed=0.0 veh=0 ok=True
2026-02-22 19:19:12,152 [DEBUG] TrafficAI.MQTT [app.py:1066]: Context update: speed=0.0 veh=0 ok=True
2026-02-22 19:19:12,153 [DEBUG] TrafficAI.MQTT [app.py:1066]: Context update: speed=0.0 veh=0 ok=True
2026-02-22 19:19:12,153 [DEBUG] TrafficAI.MQTT [app.py:1066]: Context update: speed=0.0 veh=0 ok=True
2026-02-22 19:19:12,411 [DEBUG] TrafficAI.MQTT [app.py:1066]: Context update: speed=0.0 veh=0 ok=True
2026-02-22 19:19:12,411 [DEBUG] TrafficAI.MQTT [app.py:1066]: Context update: speed=0.0 veh=0 ok=True
2026-02-22 19:19:12,666 [DEBUG] TrafficAI.MQTT [app.py:1066]: Context update: speed=0.0 veh=0 ok=True
2026-02-22 19:19:12,666 [DEBUG] TrafficAI.MQTT [app.py:1066]: Context update: speed=0.0 veh=0 ok=True
2026-02-22 19:19:12,807 [DEBUG] TrafficAI.Theme [app.py:515]: Theme access via main token: /api/theme
2026-02-22 19:19:12,807 [DEBUG] TrafficAI.Theme [app.py:1361]: GET /api/theme → neon-futuristic (ctx_ok=True)
2026-02-22 19:19:12,807 [DEBUG] TrafficAI.API [app.py:542]: ⏱  GET /api/theme → 0.3ms
2026-02-22 19:19:12,930 [DEBUG] TrafficAI.MQTT [app.py:1066]: Context update: speed=0.0 veh=0 ok=True
2026-02-22 19:19:12,982 [DEBUG] TrafficAI.API [app.py:489]: ✅ Authorized: GET /api/bootstrap
2026-02-22 19:19:12,992 [DEBUG] TrafficAI.API [app.py:1199]: Bootstrap: 0 violations loaded
2026-02-22 19:19:12,992 [DEBUG] TrafficAI.API [app.py:542]: ⏱  GET /api/bootstrap → 10.5ms
2026-02-22 19:19:13,181 [DEBUG] TrafficAI.MQTT [app.py:1066]: Context update: speed=0.0 veh=0 ok=True
2026-02-22 19:19:13,182 [DEBUG] TrafficAI.MQTT [app.py:1066]: Context update: speed=0.0 veh=0 ok=True
2026-02-22 19:19:13,438 [DEBUG] TrafficAI.MQTT [app.py:1066]: Context update: speed=0.0 veh=0 ok=True
2026-02-22 19:19:13,439 [DEBUG] TrafficAI.MQTT [app.py:1066]: Context update: speed=0.0 veh=0 ok=True
2026-02-22 19:19:13,439 [DEBUG] TrafficAI.MQTT [app.py:1066]: Context update: speed=0.0 veh=0 ok=True
2026-02-22 19:19:13,695 [DEBUG] TrafficAI.MQTT [app.py:1066]: Context update: speed=0.0 veh=0 ok=True
2026-02-22 19:19:13,695 [DEBUG] TrafficAI.MQTT [app.py:1066]: Context update: speed=0.0 veh=0 ok=True
2026-02-22 19:19:13,954 [DEBUG] TrafficAI.MQTT [app.py:1066]: Context update: speed=0.0 veh=0 ok=True
2026-02-22 19:19:13,955 [DEBUG] TrafficAI.MQTT [app.py:1066]: Context update: speed=0.0 veh=0 ok=True
2026-02-22 19:19:14,210 [DEBUG] TrafficAI.MQTT [app.py:1066]: Context update: speed=0.0 veh=0 ok=True
2026-02-22 19:19:14,211 [DEBUG] TrafficAI.MQTT [app.py:1066]: Context update: speed=0.0 veh=0 ok=True
2026-02-22 19:19:14,212 [DEBUG] TrafficAI.MQTT [app.py:1066]: Context update: speed=0.0 veh=0 ok=True
2026-02-22 19:19:14,465 [DEBUG] TrafficAI.MQTT [app.py:1066]: Context update: speed=0.0 veh=0 ok=True
2026-02-22 19:19:14,466 [DEBUG] TrafficAI.MQTT [app.py:1066]: Context update: speed=0.0 veh=0 ok=True
2026-02-22 19:19:14,722 [DEBUG] TrafficAI.MQTT [app.py:1066]: Context update: speed=0.0 veh=0 ok=True
2026-02-22 19:19:14,722 [DEBUG] TrafficAI.MQTT [app.py:1066]: Context update: speed=0.0 veh=0 ok=True
2026-02-22 19:19:14,722 [DEBUG] TrafficAI.MQTT [app.py:1066]: Context update: speed=0.0 veh=0 ok=True
2026-02-22 19:19:14,980 [DEBUG] TrafficAI.MQTT [app.py:1066]: Context update: speed=0.0 veh=0 ok=True
2026-02-22 19:19:14,980 [DEBUG] TrafficAI.MQTT [app.py:1066]: Context update: speed=0.0 veh=0 ok=True
2026-02-22 19:19:15,239 [DEBUG] TrafficAI.MQTT [app.py:1066]: Context update: speed=0.0 veh=0 ok=True
2026-02-22 19:19:15,239 [DEBUG] TrafficAI.MQTT [app.py:1066]: Context update: speed=0.0 veh=0 ok=True
2026-02-22 19:19:15,240 [DEBUG] TrafficAI.MQTT [app.py:1066]: Context update: speed=0.0 veh=0 ok=True
2026-02-22 19:19:15,495 [DEBUG] TrafficAI.MQTT [app.py:1066]: Context update: speed=0.0 veh=0 ok=True
2026-02-22 19:19:15,495 [DEBUG] TrafficAI.MQTT [app.py:1066]: Context update: speed=0.0 veh=0 ok=True
2026-02-22 19:19:15,752 [DEBUG] TrafficAI.MQTT [app.py:1066]: Context update: speed=0.0 veh=0 ok=True
2026-02-22 19:19:15,752 [DEBUG] TrafficAI.MQTT [app.py:1066]: Context update: speed=0.0 veh=0 ok=True
2026-02-22 19:19:15,753 [DEBUG] TrafficAI.MQTT [app.py:1066]: Context update: speed=0.0 veh=0 ok=True
2026-02-22 19:19:16,011 [DEBUG] TrafficAI.MQTT [app.py:1066]: Context update: speed=0.0 veh=0 ok=True
2026-02-22 19:19:16,012 [DEBUG] TrafficAI.MQTT [app.py:1066]: Context update: speed=0.0 veh=0 ok=True
2026-02-22 19:19:16,267 [DEBUG] TrafficAI.MQTT [app.py:1066]: Context update: speed=0.0 veh=0 ok=True
2026-02-22 19:19:16,267 [DEBUG] TrafficAI.MQTT [app.py:1066]: Context update: speed=0.0 veh=0 ok=True
2026-02-22 19:19:16,267 [DEBUG] TrafficAI.MQTT [app.py:1066]: Context update: speed=0.0 veh=0 ok=True
2026-02-22 19:19:16,525 [DEBUG] TrafficAI.MQTT [app.py:1066]: Context update: speed=0.0 veh=0 ok=True
2026-02-22 19:19:16,526 [DEBUG] TrafficAI.MQTT [app.py:1066]: Context update: speed=0.0 veh=0 ok=True
2026-02-22 19:19:16,780 [DEBUG] TrafficAI.MQTT [app.py:1066]: Context update: speed=0.0 veh=0 ok=True
2026-02-22 19:19:16,780 [DEBUG] TrafficAI.MQTT [app.py:1066]: Context update: speed=0.0 veh=0 ok=True
2026-02-22 19:19:16,780 [DEBUG] TrafficAI.MQTT [app.py:1066]: Context update: speed=0.0 veh=0 ok=True
2026-02-22 19:19:17,044 [DEBUG] TrafficAI.MQTT [app.py:1066]: Context update: speed=0.0 veh=0 ok=True
2026-02-22 19:19:17,044 [DEBUG] TrafficAI.MQTT [app.py:1066]: Context update: speed=0.0 veh=0 ok=True
2026-02-22 19:19:17,294 [DEBUG] TrafficAI.MQTT [app.py:1066]: Context update: speed=0.0 veh=0 ok=True
2026-02-22 19:19:17,294 [DEBUG] TrafficAI.MQTT [app.py:1066]: Context update: speed=0.0 veh=0 ok=True
2026-02-22 19:19:17,295 [DEBUG] TrafficAI.MQTT [app.py:1066]: Context update: speed=0.0 veh=0 ok=True
2026-02-22 19:19:17,552 [DEBUG] TrafficAI.MQTT [app.py:1066]: Context update: speed=0.0 veh=0 ok=True
2026-02-22 19:19:17,552 [DEBUG] TrafficAI.MQTT [app.py:1066]: Context update: speed=0.0 veh=0 ok=True
2026-02-22 19:19:17,809 [DEBUG] TrafficAI.MQTT [app.py:1066]: Context update: speed=0.0 veh=0 ok=True
2026-02-22 19:19:17,809 [DEBUG] TrafficAI.MQTT [app.py:1066]: Context update: speed=0.0 veh=0 ok=True
2026-02-22 19:19:18,068 [DEBUG] TrafficAI.MQTT [app.py:1066]: Context update: speed=0.0 veh=0 ok=True
2026-02-22 19:19:18,069 [DEBUG] TrafficAI.MQTT [app.py:1066]: Context update: speed=0.0 veh=0 ok=True
2026-02-22 19:19:18,069 [DEBUG] TrafficAI.MQTT [app.py:1066]: Context update: speed=0.0 veh=0 ok=True
2026-02-22 19:19:18,324 [DEBUG] TrafficAI.MQTT [app.py:1066]: Context update: speed=0.0 veh=0 ok=True
2026-02-22 19:19:18,324 [DEBUG] TrafficAI.MQTT [app.py:1066]: Context update: speed=0.0 veh=0 ok=True
2026-02-22 19:19:18,581 [DEBUG] TrafficAI.MQTT [app.py:1066]: Context update: speed=0.0 veh=0 ok=True
2026-02-22 19:19:18,581 [DEBUG] TrafficAI.MQTT [app.py:1066]: Context update: speed=0.0 veh=0 ok=True
2026-02-22 19:19:18,582 [DEBUG] TrafficAI.MQTT [app.py:1066]: Context update: speed=0.0 veh=0 ok=True
2026-02-22 19:19:18,839 [DEBUG] TrafficAI.MQTT [app.py:1066]: Context update: speed=0.0 veh=0 ok=True
2026-02-22 19:19:18,839 [DEBUG] TrafficAI.MQTT [app.py:1066]: Context update: speed=0.0 veh=0 ok=True
2026-02-22 19:19:19,150 [DEBUG] TrafficAI.MQTT [app.py:1066]: Context update: speed=0.0 veh=0 ok=True
2026-02-22 19:19:19,153 [DEBUG] TrafficAI.MQTT [app.py:1066]: Context update: speed=0.0 veh=0 ok=True
2026-02-22 19:19:19,153 [DEBUG] TrafficAI.MQTT [app.py:1066]: Context update: speed=0.0 veh=0 ok=True
2026-02-22 19:19:19,353 [DEBUG] TrafficAI.MQTT [app.py:1066]: Context update: speed=0.0 veh=0 ok=True
2026-02-22 19:19:19,354 [DEBUG] TrafficAI.MQTT [app.py:1066]: Context update: speed=0.0 veh=0 ok=True
2026-02-22 19:19:19,354 [DEBUG] TrafficAI.MQTT [app.py:1066]: Context update: speed=0.0 veh=0 ok=True
2026-02-22 19:19:19,614 [DEBUG] TrafficAI.MQTT [app.py:1066]: Context update: speed=0.0 veh=0 ok=True
2026-02-22 19:19:19,614 [DEBUG] TrafficAI.MQTT [app.py:1066]: Context update: speed=0.0 veh=0 ok=True
2026-02-22 19:19:19,871 [DEBUG] TrafficAI.MQTT [app.py:1066]: Context update: speed=0.0 veh=0 ok=True
2026-02-22 19:19:19,871 [DEBUG] TrafficAI.MQTT [app.py:1066]: Context update: speed=0.0 veh=0 ok=True
2026-02-22 19:19:20,129 [DEBUG] TrafficAI.MQTT [app.py:1066]: Context update: speed=0.0 veh=0 ok=True
2026-02-22 19:19:20,130 [DEBUG] TrafficAI.MQTT [app.py:1066]: Context update: speed=0.0 veh=0 ok=True
2026-02-22 19:19:20,130 [DEBUG] TrafficAI.MQTT [app.py:1066]: Context update: speed=0.0 veh=0 ok=True
2026-02-22 19:19:20,387 [DEBUG] TrafficAI.MQTT [app.py:1066]: Context update: speed=0.0 veh=0 ok=True
2026-02-22 19:19:20,387 [DEBUG] TrafficAI.MQTT [app.py:1066]: Context update: speed=0.0 veh=0 ok=True
2026-02-22 19:19:20,645 [DEBUG] TrafficAI.MQTT [app.py:1066]: Context update: speed=0.0 veh=0 ok=True
2026-02-22 19:19:20,645 [DEBUG] TrafficAI.MQTT [app.py:1066]: Context update: speed=0.0 veh=0 ok=True
2026-02-22 19:19:20,645 [DEBUG] TrafficAI.MQTT [app.py:1066]: Context update: speed=0.0 veh=0 ok=True
2026-02-22 19:19:20,902 [DEBUG] TrafficAI.MQTT [app.py:1066]: Context update: speed=0.0 veh=0 ok=True
2026-02-22 19:19:20,902 [DEBUG] TrafficAI.MQTT [app.py:1066]: Context update: speed=0.0 veh=0 ok=True
2026-02-22 19:19:21,159 [DEBUG] TrafficAI.MQTT [app.py:1066]: Context update: speed=0.0 veh=0 ok=True
2026-02-22 19:19:21,159 [DEBUG] TrafficAI.MQTT [app.py:1066]: Context update: speed=0.0 veh=0 ok=True
2026-02-22 19:19:21,160 [DEBUG] TrafficAI.MQTT [app.py:1066]: Context update: speed=0.0 veh=0 ok=True
2026-02-22 19:19:21,415 [DEBUG] TrafficAI.MQTT [app.py:1066]: Context update: speed=0.0 veh=0 ok=True
2026-02-22 19:19:21,416 [DEBUG] TrafficAI.MQTT [app.py:1066]: Context update: speed=0.0 veh=0 ok=True
2026-02-22 19:19:21,674 [DEBUG] TrafficAI.MQTT [app.py:1066]: Context update: speed=0.0 veh=0 ok=True
2026-02-22 19:19:21,674 [DEBUG] TrafficAI.MQTT [app.py:1066]: Context update: speed=0.0 veh=0 ok=True
2026-02-22 19:19:21,675 [DEBUG] TrafficAI.MQTT [app.py:1066]: Context update: speed=0.0 veh=0 ok=True
2026-02-22 19:19:21,930 [DEBUG] TrafficAI.MQTT [app.py:1066]: Context update: speed=0.0 veh=0 ok=True
2026-02-22 19:19:21,931 [DEBUG] TrafficAI.MQTT [app.py:1066]: Context update: speed=0.0 veh=0 ok=True
2026-02-22 19:19:22,187 [DEBUG] TrafficAI.MQTT [app.py:1066]: Context update: speed=0.0 veh=0 ok=True
2026-02-22 19:19:22,187 [DEBUG] TrafficAI.MQTT [app.py:1066]: Context update: speed=0.0 veh=0 ok=True
2026-02-22 19:19:22,188 [DEBUG] TrafficAI.MQTT [app.py:1066]: Context update: speed=0.0 veh=0 ok=True
2026-02-22 19:19:22,446 [DEBUG] TrafficAI.MQTT [app.py:1066]: Context update: speed=0.0 veh=0 ok=True
2026-02-22 19:19:22,448 [DEBUG] TrafficAI.MQTT [app.py:1066]: Context update: speed=0.0 veh=0 ok=True
2026-02-22 19:19:22,448 [DEBUG] TrafficAI.MQTT [app.py:1066]: Context update: speed=0.0 veh=0 ok=True
2026-02-22 19:19:22,702 [DEBUG] TrafficAI.MQTT [app.py:1066]: Context update: speed=0.0 veh=0 ok=True
2026-02-22 19:19:22,702 [DEBUG] TrafficAI.MQTT [app.py:1066]: Context update: speed=0.0 veh=0 ok=True
2026-02-22 19:19:22,968 [DEBUG] TrafficAI.MQTT [app.py:1066]: Context update: speed=0.0 veh=0 ok=True
2026-02-22 19:19:22,969 [DEBUG] TrafficAI.MQTT [app.py:1066]: Context update: speed=0.0 veh=0 ok=True
2026-02-22 19:19:23,220 [DEBUG] TrafficAI.MQTT [app.py:1066]: Context update: speed=0.0 veh=0 ok=True
2026-02-22 19:19:23,221 [DEBUG] TrafficAI.MQTT [app.py:1066]: Context update: speed=0.0 veh=0 ok=True
2026-02-22 19:19:23,221 [DEBUG] TrafficAI.MQTT [app.py:1066]: Context update: speed=0.0 veh=0 ok=True
2026-02-22 19:19:23,477 [DEBUG] TrafficAI.MQTT [app.py:1066]: Context update: speed=0.0 veh=0 ok=True
2026-02-22 19:19:23,477 [DEBUG] TrafficAI.MQTT [app.py:1066]: Context update: speed=0.0 veh=0 ok=True
2026-02-22 19:19:23,477 [DEBUG] TrafficAI.MQTT [app.py:1066]: Context update: speed=0.0 veh=0 ok=True
2026-02-22 19:19:23,734 [DEBUG] TrafficAI.MQTT [app.py:1066]: Context update: speed=0.0 veh=0 ok=True
2026-02-22 19:19:23,734 [DEBUG] TrafficAI.MQTT [app.py:1066]: Context update: speed=0.0 veh=0 ok=True
2026-02-22 19:19:23,991 [DEBUG] TrafficAI.MQTT [app.py:1066]: Context update: speed=0.0 veh=0 ok=True
2026-02-22 19:19:23,991 [DEBUG] TrafficAI.MQTT [app.py:1066]: Context update: speed=0.0 veh=0 ok=True
2026-02-22 19:19:23,991 [DEBUG] TrafficAI.MQTT [app.py:1066]: Context update: speed=0.0 veh=0 ok=True
2026-02-22 19:19:24,249 [DEBUG] TrafficAI.MQTT [app.py:1066]: Context update: speed=0.0 veh=0 ok=True
2026-02-22 19:19:24,250 [DEBUG] TrafficAI.MQTT [app.py:1066]: Context update: speed=0.0 veh=0 ok=True
2026-02-22 19:19:24,506 [DEBUG] TrafficAI.MQTT [app.py:1066]: Context update: speed=0.0 veh=0 ok=True
2026-02-22 19:19:24,506 [DEBUG] TrafficAI.MQTT [app.py:1066]: Context update: speed=0.0 veh=0 ok=True
2026-02-22 19:19:24,763 [DEBUG] TrafficAI.MQTT [app.py:1066]: Context update: speed=0.0 veh=0 ok=True
2026-02-22 19:19:24,763 [DEBUG] TrafficAI.MQTT [app.py:1066]: Context update: speed=0.0 veh=0 ok=True
2026-02-22 19:19:24,763 [DEBUG] TrafficAI.MQTT [app.py:1066]: Context update: speed=0.0 veh=0 ok=True
2026-02-22 19:19:25,019 [DEBUG] TrafficAI.MQTT [app.py:1066]: Context update: speed=0.0 veh=0 ok=True
2026-02-22 19:19:25,020 [DEBUG] TrafficAI.MQTT [app.py:1066]: Context update: speed=0.0 veh=0 ok=True
2026-02-22 19:19:25,276 [DEBUG] TrafficAI.MQTT [app.py:1066]: Context update: speed=0.0 veh=0 ok=True
2026-02-22 19:19:25,277 [DEBUG] TrafficAI.MQTT [app.py:1066]: Context update: speed=0.0 veh=0 ok=True
2026-02-22 19:19:25,533 [DEBUG] TrafficAI.MQTT [app.py:1066]: Context update: speed=0.0 veh=0 ok=True
2026-02-22 19:19:25,533 [DEBUG] TrafficAI.MQTT [app.py:1066]: Context update: speed=0.0 veh=0 ok=True
2026-02-22 19:19:25,533 [DEBUG] TrafficAI.MQTT [app.py:1066]: Context update: speed=0.0 veh=0 ok=True
2026-02-22 19:19:25,790 [DEBUG] TrafficAI.MQTT [app.py:1066]: Context update: speed=0.0 veh=0 ok=True
2026-02-22 19:19:25,790 [DEBUG] TrafficAI.MQTT [app.py:1066]: Context update: speed=0.0 veh=0 ok=True
2026-02-22 19:19:25,790 [DEBUG] TrafficAI.MQTT [app.py:1066]: Context update: speed=0.0 veh=0 ok=True
2026-02-22 19:19:26,048 [DEBUG] TrafficAI.MQTT [app.py:1066]: Context update: speed=0.0 veh=0 ok=True
2026-02-22 19:19:26,048 [DEBUG] TrafficAI.MQTT [app.py:1066]: Context update: speed=0.0 veh=0 ok=True
2026-02-22 19:19:26,305 [DEBUG] TrafficAI.MQTT [app.py:1066]: Context update: speed=0.0 veh=0 ok=True
2026-02-22 19:19:26,306 [DEBUG] TrafficAI.MQTT [app.py:1066]: Context update: speed=0.0 veh=0 ok=True
2026-02-22 19:19:26,306 [DEBUG] TrafficAI.MQTT [app.py:1066]: Context update: speed=0.0 veh=0 ok=True
2026-02-22 19:19:26,563 [DEBUG] TrafficAI.MQTT [app.py:1066]: Context update: speed=0.0 veh=0 ok=True
2026-02-22 19:19:26,564 [DEBUG] TrafficAI.MQTT [app.py:1066]: Context update: speed=0.0 veh=0 ok=True
2026-02-22 19:19:26,820 [DEBUG] TrafficAI.MQTT [app.py:1066]: Context update: speed=0.0 veh=0 ok=True
2026-02-22 19:19:26,821 [DEBUG] TrafficAI.MQTT [app.py:1066]: Context update: speed=0.0 veh=0 ok=True
2026-02-22 19:19:26,821 [DEBUG] TrafficAI.MQTT [app.py:1066]: Context update: speed=0.0 veh=0 ok=True
2026-02-22 19:19:27,077 [DEBUG] TrafficAI.MQTT [app.py:1066]: Context update: speed=0.0 veh=0 ok=True
2026-02-22 19:19:27,077 [DEBUG] TrafficAI.MQTT [app.py:1066]: Context update: speed=0.0 veh=0 ok=True
2026-02-22 19:19:27,077 [DEBUG] TrafficAI.MQTT [app.py:1066]: Context update: speed=0.0 veh=0 ok=True
2026-02-22 19:19:27,338 [DEBUG] TrafficAI.MQTT [app.py:1066]: Context update: speed=0.0 veh=0 ok=True
2026-02-22 19:19:27,338 [DEBUG] TrafficAI.MQTT [app.py:1066]: Context update: speed=0.0 veh=0 ok=True
2026-02-22 19:19:27,594 [DEBUG] TrafficAI.MQTT [app.py:1066]: Context update: speed=0.0 veh=0 ok=True
2026-02-22 19:19:27,594 [DEBUG] TrafficAI.MQTT [app.py:1066]: Context update: speed=0.0 veh=0 ok=True
2026-02-22 19:19:27,595 [DEBUG] TrafficAI.MQTT [app.py:1066]: Context update: speed=0.0 veh=0 ok=True
2026-02-22 19:19:27,851 [DEBUG] TrafficAI.MQTT [app.py:1066]: Context update: speed=0.0 veh=0 ok=True
2026-02-22 19:19:27,852 [DEBUG] TrafficAI.MQTT [app.py:1066]: Context update: speed=0.0 veh=0 ok=True
2026-02-22 19:19:28,108 [DEBUG] TrafficAI.MQTT [app.py:1066]: Context update: speed=0.0 veh=0 ok=True
2026-02-22 19:19:28,109 [DEBUG] TrafficAI.MQTT [app.py:1066]: Context update: speed=0.0 veh=0 ok=True
2026-02-22 19:19:28,109 [DEBUG] TrafficAI.MQTT [app.py:1066]: Context update: speed=0.0 veh=0 ok=True
2026-02-22 19:19:28,212 [INFO] TrafficAI.API [app.py:586]: Login success: user=admin ip=127.0.0.1 token_prefix=legacy.YWRtaW46c3VwZXJhZ
2026-02-22 19:19:28,213 [DEBUG] TrafficAI.API [app.py:542]: ⏱  POST /api/login → 13.9ms
2026-02-22 19:19:28,366 [DEBUG] TrafficAI.MQTT [app.py:1066]: Context update: speed=0.0 veh=0 ok=True
2026-02-22 19:19:28,366 [DEBUG] TrafficAI.MQTT [app.py:1066]: Context update: speed=0.0 veh=0 ok=True
2026-02-22 19:19:28,643 [DEBUG] TrafficAI.MQTT [app.py:1066]: Context update: speed=0.0 veh=0 ok=True
2026-02-22 19:19:28,644 [DEBUG] TrafficAI.MQTT [app.py:1066]: Context update: speed=0.0 veh=0 ok=True
2026-02-22 19:19:28,644 [DEBUG] TrafficAI.MQTT [app.py:1066]: Context update: speed=0.0 veh=0 ok=True
2026-02-22 19:19:28,880 [DEBUG] TrafficAI.MQTT [app.py:1066]: Context update: speed=0.0 veh=0 ok=True
2026-02-22 19:19:28,880 [DEBUG] TrafficAI.MQTT [app.py:1066]: Context update: speed=0.0 veh=0 ok=True
2026-02-22 19:19:29,158 [DEBUG] TrafficAI.MQTT [app.py:1066]: Context update: speed=0.0 veh=0 ok=True
2026-02-22 19:19:29,159 [DEBUG] TrafficAI.MQTT [app.py:1066]: Context update: speed=0.0 veh=0 ok=True
2026-02-22 19:19:29,160 [DEBUG] TrafficAI.MQTT [app.py:1066]: Context update: speed=0.0 veh=0 ok=True
2026-02-22 19:19:29,224 [DEBUG] TrafficAI.Theme [app.py:515]: Theme access via main token: /api/theme
2026-02-22 19:19:29,225 [DEBUG] TrafficAI.Theme [app.py:1361]: GET /api/theme → neon-futuristic (ctx_ok=True)
2026-02-22 19:19:29,225 [DEBUG] TrafficAI.API [app.py:542]: ⏱  GET /api/theme → 0.4ms
2026-02-22 19:19:29,333 [DEBUG] TrafficAI.API [app.py:489]: ✅ Authorized: GET /api/bootstrap
2026-02-22 19:19:29,338 [DEBUG] TrafficAI.API [app.py:1199]: Bootstrap: 0 violations loaded
2026-02-22 19:19:29,338 [DEBUG] TrafficAI.API [app.py:542]: ⏱  GET /api/bootstrap → 4.7ms
2026-02-22 19:19:29,395 [DEBUG] TrafficAI.MQTT [app.py:1066]: Context update: speed=0.0 veh=0 ok=True
2026-02-22 19:19:29,395 [DEBUG] TrafficAI.MQTT [app.py:1066]: Context update: speed=0.0 veh=0 ok=True
2026-02-22 19:19:29,653 [DEBUG] TrafficAI.MQTT [app.py:1066]: Context update: speed=0.0 veh=0 ok=True
2026-02-22 19:19:29,653 [DEBUG] TrafficAI.MQTT [app.py:1066]: Context update: speed=0.0 veh=0 ok=True
2026-02-22 19:19:29,913 [DEBUG] TrafficAI.MQTT [app.py:1066]: Context update: speed=0.0 veh=0 ok=True
2026-02-22 19:19:29,913 [DEBUG] TrafficAI.MQTT [app.py:1066]: Context update: speed=0.0 veh=0 ok=True
2026-02-22 19:19:29,913 [DEBUG] TrafficAI.MQTT [app.py:1066]: Context update: speed=0.0 veh=0 ok=True
2026-02-22 19:19:30,167 [DEBUG] TrafficAI.MQTT [app.py:1066]: Context update: speed=0.0 veh=0 ok=True
2026-02-22 19:19:30,168 [DEBUG] TrafficAI.MQTT [app.py:1066]: Context update: speed=0.0 veh=0 ok=True
2026-02-22 19:19:30,424 [DEBUG] TrafficAI.MQTT [app.py:1066]: Context update: speed=0.0 veh=0 ok=True
2026-02-22 19:19:30,425 [DEBUG] TrafficAI.MQTT [app.py:1066]: Context update: speed=0.0 veh=0 ok=True
2026-02-22 19:19:30,681 [DEBUG] TrafficAI.MQTT [app.py:1066]: Context update: speed=0.0 veh=0 ok=True
2026-02-22 19:19:30,681 [DEBUG] TrafficAI.MQTT [app.py:1066]: Context update: speed=0.0 veh=0 ok=True
2026-02-22 19:19:30,682 [DEBUG] TrafficAI.MQTT [app.py:1066]: Context update: speed=0.0 veh=0 ok=True
2026-02-22 19:19:30,940 [DEBUG] TrafficAI.MQTT [app.py:1066]: Context update: speed=0.0 veh=0 ok=True
2026-02-22 19:19:30,941 [DEBUG] TrafficAI.MQTT [app.py:1066]: Context update: speed=0.0 veh=0 ok=True
2026-02-22 19:19:31,196 [DEBUG] TrafficAI.MQTT [app.py:1066]: Context update: speed=0.0 veh=0 ok=True
2026-02-22 19:19:31,196 [DEBUG] TrafficAI.MQTT [app.py:1066]: Context update: speed=0.0 veh=0 ok=True
2026-02-22 19:19:31,196 [DEBUG] TrafficAI.MQTT [app.py:1066]: Context update: speed=0.0 veh=0 ok=True
2026-02-22 19:19:31,452 [DEBUG] TrafficAI.MQTT [app.py:1066]: Context update: speed=0.0 veh=0 ok=True
2026-02-22 19:19:31,453 [DEBUG] TrafficAI.MQTT [app.py:1066]: Context update: speed=0.0 veh=0 ok=True
2026-02-22 19:19:31,712 [DEBUG] TrafficAI.MQTT [app.py:1066]: Context update: speed=0.0 veh=0 ok=True
2026-02-22 19:19:31,712 [DEBUG] TrafficAI.MQTT [app.py:1066]: Context update: speed=0.0 veh=0 ok=True
2026-02-22 19:19:31,713 [DEBUG] TrafficAI.MQTT [app.py:1066]: Context update: speed=0.0 veh=0 ok=True
2026-02-22 19:19:31,837 [INFO] TrafficAI.Theme [app.py:872]: Theme changed: neon-futuristic → neon-active (by=auto-worker auto=True)
2026-02-22 19:19:31,969 [DEBUG] TrafficAI.MQTT [app.py:1066]: Context update: speed=0.0 veh=0 ok=True
2026-02-22 19:19:31,969 [DEBUG] TrafficAI.MQTT [app.py:1066]: Context update: speed=0.0 veh=0 ok=True
2026-02-22 19:19:32,054 [INFO] TrafficAI.Theme [app.py:1079]: MQTT remote theme update: neon-active
2026-02-22 19:19:32,261 [DEBUG] TrafficAI.MQTT [app.py:1066]: Context update: speed=0.0 veh=0 ok=True
2026-02-22 19:19:32,262 [DEBUG] TrafficAI.MQTT [app.py:1066]: Context update: speed=0.0 veh=0 ok=True
2026-02-22 19:19:32,482 [DEBUG] TrafficAI.MQTT [app.py:1066]: Context update: speed=0.0 veh=0 ok=True
2026-02-22 19:19:32,483 [DEBUG] TrafficAI.MQTT [app.py:1066]: Context update: speed=0.0 veh=0 ok=True
2026-02-22 19:19:32,483 [DEBUG] TrafficAI.MQTT [app.py:1066]: Context update: speed=0.0 veh=0 ok=True
2026-02-22 19:19:32,741 [DEBUG] TrafficAI.MQTT [app.py:1066]: Context update: speed=0.0 veh=0 ok=True
2026-02-22 19:19:32,741 [DEBUG] TrafficAI.MQTT [app.py:1066]: Context update: speed=0.0 veh=0 ok=True
2026-02-22 19:19:32,838 [INFO] TrafficAI.LaptopCam [app.py:245]: 🎥 Laptop camera worker starting...
2026-02-22 19:19:32,838 [INFO] TrafficAI.LaptopCam [app.py:338]: 🎥 Laptop camera started by 127.0.0.1
2026-02-22 19:19:33,004 [DEBUG] TrafficAI.MQTT [app.py:1066]: Context update: speed=0.0 veh=0 ok=True
2026-02-22 19:19:33,005 [DEBUG] TrafficAI.MQTT [app.py:1066]: Context update: speed=0.0 veh=0 ok=True
2026-02-22 19:19:33,005 [DEBUG] TrafficAI.MQTT [app.py:1066]: Context update: speed=0.0 veh=0 ok=True
2026-02-22 19:19:33,261 [DEBUG] TrafficAI.MQTT [app.py:1066]: Context update: speed=0.0 veh=0 ok=True
2026-02-22 19:19:34,202 [DEBUG] TrafficAI.MQTT [app.py:1066]: Context update: speed=0.0 veh=0 ok=True
2026-02-22 19:19:35,229 [INFO] TrafficAI.LaptopCam [app.py:251]: ✅ Webcam opened 1024x768
2026-02-22 19:19:35,342 [DEBUG] TrafficAI.MQTT [app.py:1066]: Context update: speed=0.0 veh=0 ok=True
2026-02-22 19:19:35,736 [DEBUG] TrafficAI.MQTT [app.py:1066]: Context update: speed=0.0 veh=0 ok=True
2026-02-22 19:19:35,994 [DEBUG] TrafficAI.MQTT [app.py:1066]: Context update: speed=0.0 veh=0 ok=True
2026-02-22 19:19:36,250 [DEBUG] TrafficAI.MQTT [app.py:1066]: Context update: speed=0.0 veh=0 ok=True
2026-02-22 19:19:36,250 [DEBUG] TrafficAI.MQTT [app.py:1066]: Context update: speed=0.0 veh=0 ok=True
2026-02-22 19:19:36,507 [DEBUG] TrafficAI.MQTT [app.py:1066]: Context update: speed=0.0 veh=0 ok=True
2026-02-22 19:19:36,764 [DEBUG] TrafficAI.MQTT [app.py:1066]: Context update: speed=0.0 veh=0 ok=True
2026-02-22 19:19:37,022 [DEBUG] TrafficAI.MQTT [app.py:1066]: Context update: speed=0.0 veh=0 ok=True
2026-02-22 19:19:37,278 [DEBUG] TrafficAI.MQTT [app.py:1066]: Context update: speed=0.0 veh=0 ok=True
2026-02-22 19:19:37,280 [DEBUG] TrafficAI.MQTT [app.py:1066]: Context update: speed=0.0 veh=0 ok=True
2026-02-22 19:19:37,535 [DEBUG] TrafficAI.MQTT [app.py:1066]: Context update: speed=0.0 veh=0 ok=True
2026-02-22 19:19:37,794 [DEBUG] TrafficAI.MQTT [app.py:1066]: Context update: speed=0.0 veh=0 ok=True
2026-02-22 19:19:37,796 [DEBUG] TrafficAI.MQTT [app.py:1066]: Context update: speed=0.0 veh=0 ok=True
2026-02-22 19:19:38,055 [DEBUG] TrafficAI.MQTT [app.py:1066]: Context update: speed=0.0 veh=0 ok=True
2026-02-22 19:19:38,055 [DEBUG] TrafficAI.MQTT [app.py:1066]: Context update: speed=0.0 veh=0 ok=True
2026-02-22 19:19:38,313 [DEBUG] TrafficAI.MQTT [app.py:1066]: Context update: speed=0.0 veh=0 ok=True
2026-02-22 19:19:38,571 [DEBUG] TrafficAI.MQTT [app.py:1066]: Context update: speed=0.0 veh=0 ok=True
2026-02-22 19:19:38,571 [DEBUG] TrafficAI.MQTT [app.py:1066]: Context update: speed=0.0 veh=0 ok=True
2026-02-22 19:19:38,826 [DEBUG] TrafficAI.MQTT [app.py:1066]: Context update: speed=0.0 veh=0 ok=True
2026-02-22 19:19:39,084 [DEBUG] TrafficAI.MQTT [app.py:1066]: Context update: speed=0.0 veh=0 ok=True
2026-02-22 19:19:39,340 [DEBUG] TrafficAI.MQTT [app.py:1066]: Context update: speed=0.0 veh=0 ok=True
2026-02-22 19:19:39,599 [DEBUG] TrafficAI.MQTT [app.py:1066]: Context update: speed=0.0 veh=0 ok=True
2026-02-22 19:19:39,600 [DEBUG] TrafficAI.MQTT [app.py:1066]: Context update: speed=0.0 veh=0 ok=True
2026-02-22 19:19:39,856 [DEBUG] TrafficAI.MQTT [app.py:1066]: Context update: speed=0.0 veh=0 ok=True
2026-02-22 19:19:39,857 [DEBUG] TrafficAI.MQTT [app.py:1066]: Context update: speed=0.0 veh=0 ok=True
2026-02-22 19:19:39,857 [DEBUG] TrafficAI.MQTT [app.py:1066]: Context update: speed=0.0 veh=0 ok=True
2026-02-22 19:19:40,114 [DEBUG] TrafficAI.MQTT [app.py:1066]: Context update: speed=0.0 veh=0 ok=True
2026-02-22 19:19:40,114 [DEBUG] TrafficAI.MQTT [app.py:1066]: Context update: speed=0.0 veh=0 ok=True
2026-02-22 19:19:40,371 [DEBUG] TrafficAI.MQTT [app.py:1066]: Context update: speed=0.0 veh=0 ok=True
2026-02-22 19:19:40,371 [DEBUG] TrafficAI.MQTT [app.py:1066]: Context update: speed=0.0 veh=0 ok=True
2026-02-22 19:19:40,628 [DEBUG] TrafficAI.MQTT [app.py:1066]: Context update: speed=0.0 veh=0 ok=True
2026-02-22 19:19:40,886 [DEBUG] TrafficAI.MQTT [app.py:1066]: Context update: speed=0.0 veh=0 ok=True
2026-02-22 19:19:40,886 [DEBUG] TrafficAI.MQTT [app.py:1066]: Context update: speed=0.0 veh=0 ok=True
2026-02-22 19:19:41,143 [DEBUG] TrafficAI.MQTT [app.py:1066]: Context update: speed=0.0 veh=0 ok=True
2026-02-22 19:19:41,163 [INFO] TrafficAI.LaptopCam [app.py:353]: 🛑 Laptop camera stopped by 127.0.0.1
2026-02-22 19:19:41,398 [DEBUG] TrafficAI.MQTT [app.py:1066]: Context update: speed=0.0 veh=0 ok=True
2026-02-22 19:19:41,650 [INFO] TrafficAI.LaptopCam [app.py:295]: 🛑 Laptop camera worker stopped
2026-02-22 19:19:41,660 [DEBUG] TrafficAI.MQTT [app.py:1066]: Context update: speed=0.0 veh=0 ok=True
2026-02-22 19:19:42,555 [DEBUG] TrafficAI.MQTT [app.py:1066]: Context update: speed=0.0 veh=0 ok=True
2026-02-22 19:20:01,838 [DEBUG] TrafficAI.Premium [app.py:1125]: Context snapshot saved
2026-02-22 19:20:01,865 [INFO] TrafficAI.Theme [app.py:872]: Theme changed: neon-active → neon-futuristic (by=auto-worker auto=True)
2026-02-22 19:20:02,081 [INFO] TrafficAI.Theme [app.py:1079]: MQTT remote theme update: neon-futuristic
2026-02-23 17:38:59,864 [INFO] TrafficAI.Premium [app.py:662]: ✅ DB ready: C:\Users\tuann\Downloads\WEB DEVELOPER\server\traffic_ai.db
2026-02-23 17:38:59,870 [INFO] TrafficAI.Premium [app.py:1561]: 🚀 AI Traffic Control v4.0 PREMIUM starting...
2026-02-23 17:38:59,870 [INFO] TrafficAI.Premium [app.py:685]: 🚦 Traffic cycle started
2026-02-23 17:39:00,164 [INFO] TrafficAI.MQTT [app.py:1091]: 📡 MQTT → broker.hivemq.com:1883
2026-02-23 17:39:00,578 [INFO] TrafficAI.MQTT [app.py:1017]: ✅ MQTT connected broker.hivemq.com:1883
2026-02-23 17:39:12,848 [INFO] TrafficAI.Premium [app.py:1596]: 🤖 AI engine OK
2026-02-23 17:39:12,858 [INFO] TrafficAI.Premium [app.py:1603]: ✅ Premium v4.0 Ready — port 5050
2026-02-23 17:39:12,858 [INFO] TrafficAI.Premium [app.py:1604]:    Log dir:  C:\Users\tuann\Downloads\WEB DEVELOPER\server\logs
2026-02-23 17:39:12,859 [INFO] TrafficAI.Premium [app.py:1605]:    DB path:  C:\Users\tuann\Downloads\WEB DEVELOPER\server\traffic_ai.db
2026-02-23 17:39:12,859 [INFO] TrafficAI.Premium [app.py:1606]:    Theme:    neon-futuristic
2026-02-23 17:39:12,859 [INFO] TrafficAI.Premium [app.py:1607]:    MQTT:     broker.hivemq.com:1883
2026-02-23 17:39:12,859 [INFO] TrafficAI.Premium [app.py:1608]:    TB host:  http://localhost:8080 (no token)
2026-02-23 17:39:15,212 [DEBUG] TrafficAI.MQTT [app.py:1066]: Context update: speed=0.0 veh=0 ok=True
2026-02-23 17:39:15,411 [DEBUG] TrafficAI.MQTT [app.py:1066]: Context update: speed=0.0 veh=0 ok=True
2026-02-23 17:39:15,412 [DEBUG] TrafficAI.MQTT [app.py:1066]: Context update: speed=0.0 veh=0 ok=True
2026-02-23 17:39:15,620 [DEBUG] TrafficAI.MQTT [app.py:1066]: Context update: speed=0.0 veh=0 ok=True
2026-02-23 17:39:15,622 [DEBUG] TrafficAI.MQTT [app.py:1066]: Context update: speed=0.0 veh=0 ok=True
2026-02-23 17:39:15,622 [DEBUG] TrafficAI.MQTT [app.py:1066]: Context update: speed=0.0 veh=0 ok=True
2026-02-23 17:39:15,810 [DEBUG] TrafficAI.MQTT [app.py:1066]: Context update: speed=0.0 veh=0 ok=True
2026-02-23 17:39:16,011 [DEBUG] TrafficAI.MQTT [app.py:1066]: Context update: speed=0.0 veh=0 ok=True
2026-02-23 17:39:16,014 [DEBUG] TrafficAI.MQTT [app.py:1066]: Context update: speed=0.0 veh=0 ok=True
2026-02-23 17:39:16,014 [DEBUG] TrafficAI.MQTT [app.py:1066]: Context update: speed=0.0 veh=0 ok=True
2026-02-23 17:39:16,210 [DEBUG] TrafficAI.MQTT [app.py:1066]: Context update: speed=0.0 veh=0 ok=True
2026-02-23 17:39:16,409 [DEBUG] TrafficAI.MQTT [app.py:1066]: Context update: speed=0.0 veh=0 ok=True
2026-02-23 17:39:16,409 [DEBUG] TrafficAI.MQTT [app.py:1066]: Context update: speed=0.0 veh=0 ok=True
2026-02-23 17:39:16,409 [DEBUG] TrafficAI.MQTT [app.py:1066]: Context update: speed=0.0 veh=0 ok=True
2026-02-23 17:39:16,622 [DEBUG] TrafficAI.MQTT [app.py:1066]: Context update: speed=0.0 veh=0 ok=True
2026-02-23 17:39:16,809 [DEBUG] TrafficAI.MQTT [app.py:1066]: Context update: speed=0.0 veh=0 ok=True
2026-02-23 17:39:16,809 [DEBUG] TrafficAI.MQTT [app.py:1066]: Context update: speed=0.0 veh=0 ok=True
2026-02-23 17:39:16,810 [DEBUG] TrafficAI.MQTT [app.py:1066]: Context update: speed=0.0 veh=0 ok=True
2026-02-23 17:39:17,009 [DEBUG] TrafficAI.MQTT [app.py:1066]: Context update: speed=0.0 veh=0 ok=True
2026-02-23 17:39:17,211 [DEBUG] TrafficAI.MQTT [app.py:1066]: Context update: speed=0.0 veh=0 ok=True
2026-02-23 17:39:17,211 [DEBUG] TrafficAI.MQTT [app.py:1066]: Context update: speed=0.0 veh=0 ok=True
2026-02-23 17:39:17,417 [DEBUG] TrafficAI.MQTT [app.py:1066]: Context update: speed=0.0 veh=0 ok=True
2026-02-23 17:39:17,417 [DEBUG] TrafficAI.MQTT [app.py:1066]: Context update: speed=0.0 veh=0 ok=True
2026-02-23 17:39:17,635 [DEBUG] TrafficAI.MQTT [app.py:1066]: Context update: speed=0.0 veh=0 ok=True
2026-02-23 17:39:17,637 [DEBUG] TrafficAI.MQTT [app.py:1066]: Context update: speed=0.0 veh=0 ok=True
2026-02-23 17:39:17,817 [DEBUG] TrafficAI.MQTT [app.py:1066]: Context update: speed=0.0 veh=0 ok=True
2026-02-23 17:39:17,818 [DEBUG] TrafficAI.MQTT [app.py:1066]: Context update: speed=0.0 veh=0 ok=True
2026-02-23 17:39:18,018 [DEBUG] TrafficAI.MQTT [app.py:1066]: Context update: speed=0.0 veh=0 ok=True
2026-02-23 17:39:18,018 [DEBUG] TrafficAI.MQTT [app.py:1066]: Context update: speed=0.0 veh=0 ok=True
2026-02-23 17:39:18,217 [DEBUG] TrafficAI.MQTT [app.py:1066]: Context update: speed=0.0 veh=0 ok=True
2026-02-23 17:39:18,416 [DEBUG] TrafficAI.MQTT [app.py:1066]: Context update: speed=0.0 veh=0 ok=True
2026-02-23 17:39:18,417 [DEBUG] TrafficAI.MQTT [app.py:1066]: Context update: speed=0.0 veh=0 ok=True
2026-02-23 17:39:18,418 [WARNING] TrafficAI.Theme [app.py:523]: 403 Theme access denied: /api/theme from 127.0.0.1 | auth='Bearer legacy.YWRtaW46c3VwZXJhZG1pbjoxNz' theme_tok=''
2026-02-23 17:39:18,454 [WARNING] TrafficAI.API [app.py:483]: 401 Invalid token: GET /api/bootstrap from 127.0.0.1 | token_prefix=legacy.YWRtaW46c3VwZ
2026-02-23 17:39:18,630 [DEBUG] TrafficAI.MQTT [app.py:1066]: Context update: speed=0.0 veh=0 ok=True
2026-02-23 17:39:18,631 [DEBUG] TrafficAI.MQTT [app.py:1066]: Context update: speed=0.0 veh=0 ok=True
2026-02-23 17:39:18,818 [DEBUG] TrafficAI.MQTT [app.py:1066]: Context update: speed=0.0 veh=0 ok=True
2026-02-23 17:39:19,018 [DEBUG] TrafficAI.MQTT [app.py:1066]: Context update: speed=0.0 veh=0 ok=True
2026-02-23 17:39:19,018 [DEBUG] TrafficAI.MQTT [app.py:1066]: Context update: speed=0.0 veh=0 ok=True
2026-02-23 17:39:19,218 [DEBUG] TrafficAI.MQTT [app.py:1066]: Context update: speed=0.0 veh=0 ok=True
2026-02-23 17:39:19,218 [DEBUG] TrafficAI.MQTT [app.py:1066]: Context update: speed=0.0 veh=0 ok=True
2026-02-23 17:39:19,381 [DEBUG] TrafficAI.API [app.py:1491]: 404 Not Found: /favicon.ico
2026-02-23 17:39:19,418 [DEBUG] TrafficAI.MQTT [app.py:1066]: Context update: speed=0.0 veh=0 ok=True
2026-02-23 17:39:19,619 [DEBUG] TrafficAI.MQTT [app.py:1066]: Context update: speed=0.0 veh=0 ok=True
2026-02-23 17:39:19,635 [DEBUG] TrafficAI.MQTT [app.py:1066]: Context update: speed=0.0 veh=0 ok=True
2026-02-23 17:39:19,815 [DEBUG] TrafficAI.MQTT [app.py:1066]: Context update: speed=0.0 veh=0 ok=True
2026-02-23 17:39:19,816 [DEBUG] TrafficAI.MQTT [app.py:1066]: Context update: speed=0.0 veh=0 ok=True
2026-02-23 17:39:20,015 [DEBUG] TrafficAI.MQTT [app.py:1066]: Context update: speed=0.0 veh=0 ok=True
2026-02-23 17:39:20,016 [DEBUG] TrafficAI.MQTT [app.py:1066]: Context update: speed=0.0 veh=0 ok=True
2026-02-23 17:39:20,219 [DEBUG] TrafficAI.MQTT [app.py:1066]: Context update: speed=0.0 veh=0 ok=True
2026-02-23 17:39:20,219 [DEBUG] TrafficAI.MQTT [app.py:1066]: Context update: speed=0.0 veh=0 ok=True
2026-02-23 17:39:20,418 [DEBUG] TrafficAI.MQTT [app.py:1066]: Context update: speed=0.0 veh=0 ok=True
2026-02-23 17:39:20,419 [DEBUG] TrafficAI.MQTT [app.py:1066]: Context update: speed=0.0 veh=0 ok=True
2026-02-23 17:39:20,627 [DEBUG] TrafficAI.MQTT [app.py:1066]: Context update: speed=0.0 veh=0 ok=True
2026-02-23 17:39:20,831 [DEBUG] TrafficAI.MQTT [app.py:1066]: Context update: speed=0.0 veh=0 ok=True
2026-02-23 17:39:20,831 [DEBUG] TrafficAI.MQTT [app.py:1066]: Context update: speed=0.0 veh=0 ok=True
2026-02-23 17:39:21,049 [DEBUG] TrafficAI.MQTT [app.py:1066]: Context update: speed=0.0 veh=0 ok=True
2026-02-23 17:39:21,049 [DEBUG] TrafficAI.MQTT [app.py:1066]: Context update: speed=0.0 veh=0 ok=True
2026-02-23 17:39:21,239 [DEBUG] TrafficAI.MQTT [app.py:1066]: Context update: speed=0.0 veh=0 ok=True
2026-02-23 17:39:21,239 [DEBUG] TrafficAI.MQTT [app.py:1066]: Context update: speed=0.0 veh=0 ok=True
2026-02-23 17:39:21,439 [DEBUG] TrafficAI.MQTT [app.py:1066]: Context update: speed=0.0 veh=0 ok=True
2026-02-23 17:39:21,440 [DEBUG] TrafficAI.MQTT [app.py:1066]: Context update: speed=0.0 veh=0 ok=True
2026-02-23 17:39:21,641 [DEBUG] TrafficAI.MQTT [app.py:1066]: Context update: speed=0.0 veh=0 ok=True
2026-02-23 17:39:21,641 [DEBUG] TrafficAI.MQTT [app.py:1066]: Context update: speed=0.0 veh=0 ok=True
2026-02-23 17:39:21,840 [DEBUG] TrafficAI.MQTT [app.py:1066]: Context update: speed=0.0 veh=0 ok=True
2026-02-23 17:39:21,841 [DEBUG] TrafficAI.MQTT [app.py:1066]: Context update: speed=0.0 veh=0 ok=True
2026-02-23 17:39:22,083 [DEBUG] TrafficAI.MQTT [app.py:1066]: Context update: speed=0.0 veh=0 ok=True
2026-02-23 17:39:22,083 [DEBUG] TrafficAI.MQTT [app.py:1066]: Context update: speed=0.0 veh=0 ok=True
2026-02-23 17:39:22,240 [DEBUG] TrafficAI.MQTT [app.py:1066]: Context update: speed=0.0 veh=0 ok=True
2026-02-23 17:39:22,240 [DEBUG] TrafficAI.MQTT [app.py:1066]: Context update: speed=0.0 veh=0 ok=True
2026-02-23 17:39:22,440 [DEBUG] TrafficAI.MQTT [app.py:1066]: Context update: speed=0.0 veh=0 ok=True
2026-02-23 17:39:22,440 [DEBUG] TrafficAI.MQTT [app.py:1066]: Context update: speed=0.0 veh=0 ok=True
2026-02-23 17:39:22,647 [DEBUG] TrafficAI.MQTT [app.py:1066]: Context update: speed=0.0 veh=0 ok=True
2026-02-23 17:39:22,649 [DEBUG] TrafficAI.MQTT [app.py:1066]: Context update: speed=0.0 veh=0 ok=True
2026-02-23 17:39:22,839 [DEBUG] TrafficAI.MQTT [app.py:1066]: Context update: speed=0.0 veh=0 ok=True
2026-02-23 17:39:22,840 [DEBUG] TrafficAI.MQTT [app.py:1066]: Context update: speed=0.0 veh=0 ok=True
2026-02-23 17:39:23,039 [DEBUG] TrafficAI.MQTT [app.py:1066]: Context update: speed=0.0 veh=0 ok=True
2026-02-23 17:39:23,039 [DEBUG] TrafficAI.MQTT [app.py:1066]: Context update: speed=0.0 veh=0 ok=True
2026-02-23 17:39:23,238 [DEBUG] TrafficAI.MQTT [app.py:1066]: Context update: speed=0.0 veh=0 ok=True
2026-02-23 17:39:23,238 [DEBUG] TrafficAI.MQTT [app.py:1066]: Context update: speed=0.0 veh=0 ok=True
2026-02-23 17:39:23,437 [DEBUG] TrafficAI.MQTT [app.py:1066]: Context update: speed=0.0 veh=0 ok=True
2026-02-23 17:39:23,437 [DEBUG] TrafficAI.MQTT [app.py:1066]: Context update: speed=0.0 veh=0 ok=True
2026-02-23 17:39:23,651 [DEBUG] TrafficAI.MQTT [app.py:1066]: Context update: speed=0.0 veh=0 ok=True
2026-02-23 17:39:23,651 [DEBUG] TrafficAI.MQTT [app.py:1066]: Context update: speed=0.0 veh=0 ok=True
2026-02-23 17:39:23,836 [DEBUG] TrafficAI.MQTT [app.py:1066]: Context update: speed=0.0 veh=0 ok=True
2026-02-23 17:39:23,837 [DEBUG] TrafficAI.MQTT [app.py:1066]: Context update: speed=0.0 veh=0 ok=True
2026-02-23 17:39:24,036 [DEBUG] TrafficAI.MQTT [app.py:1066]: Context update: speed=0.0 veh=0 ok=True
2026-02-23 17:39:24,037 [DEBUG] TrafficAI.MQTT [app.py:1066]: Context update: speed=0.0 veh=0 ok=True
2026-02-23 17:39:24,235 [DEBUG] TrafficAI.MQTT [app.py:1066]: Context update: speed=0.0 veh=0 ok=True
2026-02-23 17:39:24,437 [DEBUG] TrafficAI.MQTT [app.py:1066]: Context update: speed=0.0 veh=0 ok=True
2026-02-23 17:39:24,438 [DEBUG] TrafficAI.MQTT [app.py:1066]: Context update: speed=0.0 veh=0 ok=True
2026-02-23 17:39:24,651 [DEBUG] TrafficAI.MQTT [app.py:1066]: Context update: speed=0.0 veh=0 ok=True
2026-02-23 17:39:24,835 [DEBUG] TrafficAI.MQTT [app.py:1066]: Context update: speed=0.0 veh=0 ok=True
2026-02-23 17:39:24,835 [DEBUG] TrafficAI.MQTT [app.py:1066]: Context update: speed=0.0 veh=0 ok=True
2026-02-23 17:39:25,042 [DEBUG] TrafficAI.MQTT [app.py:1066]: Context update: speed=0.0 veh=0 ok=True
2026-02-23 17:39:25,042 [DEBUG] TrafficAI.MQTT [app.py:1066]: Context update: speed=0.0 veh=0 ok=True
2026-02-23 17:39:25,234 [DEBUG] TrafficAI.MQTT [app.py:1066]: Context update: speed=0.0 veh=0 ok=True
2026-02-23 17:39:25,433 [DEBUG] TrafficAI.MQTT [app.py:1066]: Context update: speed=0.0 veh=0 ok=True
2026-02-23 17:39:25,434 [DEBUG] TrafficAI.MQTT [app.py:1066]: Context update: speed=0.0 veh=0 ok=True
2026-02-23 17:39:25,644 [DEBUG] TrafficAI.MQTT [app.py:1066]: Context update: speed=0.0 veh=0 ok=True
2026-02-23 17:39:25,646 [DEBUG] TrafficAI.MQTT [app.py:1066]: Context update: speed=0.0 veh=0 ok=True
2026-02-23 17:39:25,832 [DEBUG] TrafficAI.MQTT [app.py:1066]: Context update: speed=0.0 veh=0 ok=True
2026-02-23 17:39:25,833 [DEBUG] TrafficAI.MQTT [app.py:1066]: Context update: speed=0.0 veh=0 ok=True
2026-02-23 17:39:26,031 [DEBUG] TrafficAI.MQTT [app.py:1066]: Context update: speed=0.0 veh=0 ok=True
2026-02-23 17:39:26,032 [DEBUG] TrafficAI.MQTT [app.py:1066]: Context update: speed=0.0 veh=0 ok=True
2026-02-23 17:39:26,230 [DEBUG] TrafficAI.MQTT [app.py:1066]: Context update: speed=0.0 veh=0 ok=True
2026-02-23 17:39:26,231 [DEBUG] TrafficAI.MQTT [app.py:1066]: Context update: speed=0.0 veh=0 ok=True
2026-02-23 17:39:26,429 [DEBUG] TrafficAI.MQTT [app.py:1066]: Context update: speed=0.0 veh=0 ok=True
2026-02-23 17:39:26,629 [DEBUG] TrafficAI.MQTT [app.py:1066]: Context update: speed=0.0 veh=0 ok=True
2026-02-23 17:39:26,629 [DEBUG] TrafficAI.MQTT [app.py:1066]: Context update: speed=0.0 veh=0 ok=True
2026-02-23 17:39:26,830 [DEBUG] TrafficAI.MQTT [app.py:1066]: Context update: speed=0.0 veh=0 ok=True
2026-02-23 17:39:26,830 [DEBUG] TrafficAI.MQTT [app.py:1066]: Context update: speed=0.0 veh=0 ok=True
2026-02-23 17:39:27,029 [DEBUG] TrafficAI.MQTT [app.py:1066]: Context update: speed=0.0 veh=0 ok=True
2026-02-23 17:39:27,030 [DEBUG] TrafficAI.MQTT [app.py:1066]: Context update: speed=0.0 veh=0 ok=True
2026-02-23 17:39:27,228 [DEBUG] TrafficAI.MQTT [app.py:1066]: Context update: speed=0.0 veh=0 ok=True
2026-02-23 17:39:27,229 [DEBUG] TrafficAI.MQTT [app.py:1066]: Context update: speed=0.0 veh=0 ok=True
2026-02-23 17:39:27,428 [DEBUG] TrafficAI.MQTT [app.py:1066]: Context update: speed=0.0 veh=0 ok=True
2026-02-23 17:39:27,428 [DEBUG] TrafficAI.MQTT [app.py:1066]: Context update: speed=0.0 veh=0 ok=True
2026-02-23 17:39:27,627 [DEBUG] TrafficAI.MQTT [app.py:1066]: Context update: speed=0.0 veh=0 ok=True
2026-02-23 17:39:27,627 [DEBUG] TrafficAI.MQTT [app.py:1066]: Context update: speed=0.0 veh=0 ok=True
2026-02-23 17:39:27,830 [DEBUG] TrafficAI.MQTT [app.py:1066]: Context update: speed=0.0 veh=0 ok=True
2026-02-23 17:39:27,830 [DEBUG] TrafficAI.MQTT [app.py:1066]: Context update: speed=0.0 veh=0 ok=True
2026-02-23 17:39:28,029 [DEBUG] TrafficAI.MQTT [app.py:1066]: Context update: speed=0.0 veh=0 ok=True
2026-02-23 17:39:28,030 [DEBUG] TrafficAI.MQTT [app.py:1066]: Context update: speed=0.0 veh=0 ok=True
2026-02-23 17:39:28,229 [DEBUG] TrafficAI.MQTT [app.py:1066]: Context update: speed=0.0 veh=0 ok=True
2026-02-23 17:39:28,230 [DEBUG] TrafficAI.MQTT [app.py:1066]: Context update: speed=0.0 veh=0 ok=True
2026-02-23 17:39:28,428 [DEBUG] TrafficAI.MQTT [app.py:1066]: Context update: speed=0.0 veh=0 ok=True
2026-02-23 17:39:28,428 [DEBUG] TrafficAI.MQTT [app.py:1066]: Context update: speed=0.0 veh=0 ok=True
2026-02-23 17:39:28,627 [DEBUG] TrafficAI.MQTT [app.py:1066]: Context update: speed=0.0 veh=0 ok=True
2026-02-23 17:39:28,627 [DEBUG] TrafficAI.MQTT [app.py:1066]: Context update: speed=0.0 veh=0 ok=True
2026-02-23 17:39:28,827 [DEBUG] TrafficAI.MQTT [app.py:1066]: Context update: speed=0.0 veh=0 ok=True
2026-02-23 17:39:28,828 [DEBUG] TrafficAI.MQTT [app.py:1066]: Context update: speed=0.0 veh=0 ok=True
2026-02-23 17:39:29,026 [DEBUG] TrafficAI.MQTT [app.py:1066]: Context update: speed=0.0 veh=0 ok=True
2026-02-23 17:39:29,027 [DEBUG] TrafficAI.MQTT [app.py:1066]: Context update: speed=0.0 veh=0 ok=True
2026-02-23 17:39:29,225 [DEBUG] TrafficAI.MQTT [app.py:1066]: Context update: speed=0.0 veh=0 ok=True
2026-02-23 17:39:29,226 [DEBUG] TrafficAI.MQTT [app.py:1066]: Context update: speed=0.0 veh=0 ok=True
2026-02-23 17:39:29,423 [DEBUG] TrafficAI.MQTT [app.py:1066]: Context update: speed=0.0 veh=0 ok=True
2026-02-23 17:39:29,424 [DEBUG] TrafficAI.MQTT [app.py:1066]: Context update: speed=0.0 veh=0 ok=True
2026-02-23 17:39:29,625 [DEBUG] TrafficAI.MQTT [app.py:1066]: Context update: speed=0.0 veh=0 ok=True
2026-02-23 17:39:29,626 [DEBUG] TrafficAI.MQTT [app.py:1066]: Context update: speed=0.0 veh=0 ok=True
2026-02-23 17:39:29,822 [DEBUG] TrafficAI.MQTT [app.py:1066]: Context update: speed=0.0 veh=0 ok=True
2026-02-23 17:39:29,822 [DEBUG] TrafficAI.MQTT [app.py:1066]: Context update: speed=0.0 veh=0 ok=True
2026-02-23 17:39:29,881 [INFO] TrafficAI.Theme [app.py:872]: Theme changed: neon-futuristic → neon-active (by=auto-worker auto=True)
2026-02-23 17:39:30,020 [DEBUG] TrafficAI.MQTT [app.py:1066]: Context update: speed=0.0 veh=0 ok=True
2026-02-23 17:39:30,021 [DEBUG] TrafficAI.MQTT [app.py:1066]: Context update: speed=0.0 veh=0 ok=True
2026-02-23 17:39:30,098 [INFO] TrafficAI.Theme [app.py:1079]: MQTT remote theme update: neon-active
2026-02-23 17:39:30,306 [DEBUG] TrafficAI.MQTT [app.py:1066]: Context update: speed=0.0 veh=0 ok=True
2026-02-23 17:39:30,306 [DEBUG] TrafficAI.MQTT [app.py:1066]: Context update: speed=0.0 veh=0 ok=True
2026-02-23 17:39:30,418 [DEBUG] TrafficAI.MQTT [app.py:1066]: Context update: speed=0.0 veh=0 ok=True
2026-02-23 17:39:30,418 [DEBUG] TrafficAI.MQTT [app.py:1066]: Context update: speed=0.0 veh=0 ok=True
2026-02-23 17:39:30,515 [INFO] TrafficAI.API [app.py:586]: Login success: user=admin ip=127.0.0.1 token_prefix=legacy.YWRtaW46c3VwZXJhZ
2026-02-23 17:39:30,516 [DEBUG] TrafficAI.API [app.py:542]: ⏱  POST /api/login → 9.9ms
2026-02-23 17:39:30,618 [DEBUG] TrafficAI.MQTT [app.py:1066]: Context update: speed=0.0 veh=0 ok=True
2026-02-23 17:39:30,618 [DEBUG] TrafficAI.MQTT [app.py:1066]: Context update: speed=0.0 veh=0 ok=True
2026-02-23 17:39:30,816 [DEBUG] TrafficAI.MQTT [app.py:1066]: Context update: speed=0.0 veh=0 ok=True
2026-02-23 17:39:30,817 [DEBUG] TrafficAI.MQTT [app.py:1066]: Context update: speed=0.0 veh=0 ok=True
2026-02-23 17:39:31,015 [DEBUG] TrafficAI.MQTT [app.py:1066]: Context update: speed=0.0 veh=0 ok=True
2026-02-23 17:39:31,215 [DEBUG] TrafficAI.MQTT [app.py:1066]: Context update: speed=0.0 veh=0 ok=True
2026-02-23 17:39:31,216 [DEBUG] TrafficAI.MQTT [app.py:1066]: Context update: speed=0.0 veh=0 ok=True
2026-02-23 17:39:31,414 [DEBUG] TrafficAI.MQTT [app.py:1066]: Context update: speed=0.0 veh=0 ok=True
2026-02-23 17:39:31,415 [DEBUG] TrafficAI.MQTT [app.py:1066]: Context update: speed=0.0 veh=0 ok=True
2026-02-23 17:39:31,512 [DEBUG] TrafficAI.Theme [app.py:515]: Theme access via main token: /api/theme
2026-02-23 17:39:31,513 [DEBUG] TrafficAI.Theme [app.py:1361]: GET /api/theme → neon-active (ctx_ok=True)
2026-02-23 17:39:31,513 [DEBUG] TrafficAI.API [app.py:542]: ⏱  GET /api/theme → 0.2ms
2026-02-23 17:39:31,622 [DEBUG] TrafficAI.MQTT [app.py:1066]: Context update: speed=0.0 veh=0 ok=True
2026-02-23 17:39:31,623 [DEBUG] TrafficAI.MQTT [app.py:1066]: Context update: speed=0.0 veh=0 ok=True
2026-02-23 17:39:31,632 [DEBUG] TrafficAI.API [app.py:489]: ✅ Authorized: GET /api/bootstrap
2026-02-23 17:39:31,638 [DEBUG] TrafficAI.API [app.py:1199]: Bootstrap: 0 violations loaded
2026-02-23 17:39:31,638 [DEBUG] TrafficAI.API [app.py:542]: ⏱  GET /api/bootstrap → 6.2ms
2026-02-23 17:39:31,812 [DEBUG] TrafficAI.MQTT [app.py:1066]: Context update: speed=0.0 veh=0 ok=True
2026-02-23 17:39:32,017 [DEBUG] TrafficAI.MQTT [app.py:1066]: Context update: speed=0.0 veh=0 ok=True
2026-02-23 17:39:32,017 [DEBUG] TrafficAI.MQTT [app.py:1066]: Context update: speed=0.0 veh=0 ok=True
2026-02-23 17:39:32,217 [DEBUG] TrafficAI.MQTT [app.py:1066]: Context update: speed=0.0 veh=0 ok=True
2026-02-23 17:39:32,217 [DEBUG] TrafficAI.MQTT [app.py:1066]: Context update: speed=0.0 veh=0 ok=True
2026-02-23 17:39:32,417 [DEBUG] TrafficAI.MQTT [app.py:1066]: Context update: speed=0.0 veh=0 ok=True
2026-02-23 17:39:32,418 [DEBUG] TrafficAI.MQTT [app.py:1066]: Context update: speed=0.0 veh=0 ok=True
2026-02-23 17:39:32,619 [DEBUG] TrafficAI.MQTT [app.py:1066]: Context update: speed=0.0 veh=0 ok=True
2026-02-23 17:39:32,619 [DEBUG] TrafficAI.MQTT [app.py:1066]: Context update: speed=0.0 veh=0 ok=True
2026-02-23 17:39:32,817 [DEBUG] TrafficAI.MQTT [app.py:1066]: Context update: speed=0.0 veh=0 ok=True
2026-02-23 17:39:32,818 [DEBUG] TrafficAI.MQTT [app.py:1066]: Context update: speed=0.0 veh=0 ok=True
2026-02-23 17:39:33,018 [DEBUG] TrafficAI.MQTT [app.py:1066]: Context update: speed=0.0 veh=0 ok=True
2026-02-23 17:39:33,018 [DEBUG] TrafficAI.MQTT [app.py:1066]: Context update: speed=0.0 veh=0 ok=True
2026-02-23 17:39:33,219 [DEBUG] TrafficAI.MQTT [app.py:1066]: Context update: speed=0.0 veh=0 ok=True
2026-02-23 17:39:33,219 [DEBUG] TrafficAI.MQTT [app.py:1066]: Context update: speed=0.0 veh=0 ok=True
2026-02-23 17:39:33,416 [DEBUG] TrafficAI.MQTT [app.py:1066]: Context update: speed=0.0 veh=0 ok=True
2026-02-23 17:39:33,618 [DEBUG] TrafficAI.MQTT [app.py:1066]: Context update: speed=0.0 veh=0 ok=True
2026-02-23 17:39:33,619 [DEBUG] TrafficAI.MQTT [app.py:1066]: Context update: speed=0.0 veh=0 ok=True
2026-02-23 17:39:33,824 [DEBUG] TrafficAI.MQTT [app.py:1066]: Context update: speed=0.0 veh=0 ok=True
2026-02-23 17:39:33,824 [DEBUG] TrafficAI.MQTT [app.py:1066]: Context update: speed=0.0 veh=0 ok=True
2026-02-23 17:39:34,023 [DEBUG] TrafficAI.MQTT [app.py:1066]: Context update: speed=0.0 veh=0 ok=True
2026-02-23 17:39:34,023 [DEBUG] TrafficAI.MQTT [app.py:1066]: Context update: speed=0.0 veh=0 ok=True
2026-02-23 17:39:34,222 [DEBUG] TrafficAI.MQTT [app.py:1066]: Context update: speed=0.0 veh=0 ok=True
2026-02-23 17:39:34,222 [DEBUG] TrafficAI.MQTT [app.py:1066]: Context update: speed=0.0 veh=0 ok=True
2026-02-23 17:39:34,422 [DEBUG] TrafficAI.MQTT [app.py:1066]: Context update: speed=0.0 veh=0 ok=True
2026-02-23 17:39:34,422 [DEBUG] TrafficAI.MQTT [app.py:1066]: Context update: speed=0.0 veh=0 ok=True
2026-02-23 17:39:34,625 [DEBUG] TrafficAI.MQTT [app.py:1066]: Context update: speed=0.0 veh=0 ok=True
2026-02-23 17:39:34,625 [DEBUG] TrafficAI.MQTT [app.py:1066]: Context update: speed=0.0 veh=0 ok=True
2026-02-23 17:39:34,828 [DEBUG] TrafficAI.MQTT [app.py:1066]: Context update: speed=0.0 veh=0 ok=True
2026-02-23 17:39:34,829 [DEBUG] TrafficAI.MQTT [app.py:1066]: Context update: speed=0.0 veh=0 ok=True
2026-02-23 17:39:35,025 [DEBUG] TrafficAI.MQTT [app.py:1066]: Context update: speed=0.0 veh=0 ok=True
2026-02-23 17:39:35,026 [DEBUG] TrafficAI.MQTT [app.py:1066]: Context update: speed=0.0 veh=0 ok=True
2026-02-23 17:39:35,228 [DEBUG] TrafficAI.MQTT [app.py:1066]: Context update: speed=0.0 veh=0 ok=True
2026-02-23 17:39:35,229 [DEBUG] TrafficAI.MQTT [app.py:1066]: Context update: speed=0.0 veh=0 ok=True
2026-02-23 17:39:35,423 [DEBUG] TrafficAI.MQTT [app.py:1066]: Context update: speed=0.0 veh=0 ok=True
2026-02-23 17:39:35,423 [DEBUG] TrafficAI.MQTT [app.py:1066]: Context update: speed=0.0 veh=0 ok=True
2026-02-23 17:39:35,621 [DEBUG] TrafficAI.MQTT [app.py:1066]: Context update: speed=0.0 veh=0 ok=True
2026-02-23 17:39:35,622 [DEBUG] TrafficAI.MQTT [app.py:1066]: Context update: speed=0.0 veh=0 ok=True
2026-02-23 17:39:35,821 [DEBUG] TrafficAI.MQTT [app.py:1066]: Context update: speed=0.0 veh=0 ok=True
2026-02-23 17:39:35,821 [DEBUG] TrafficAI.MQTT [app.py:1066]: Context update: speed=0.0 veh=0 ok=True
2026-02-23 17:39:36,020 [DEBUG] TrafficAI.MQTT [app.py:1066]: Context update: speed=0.0 veh=0 ok=True
2026-02-23 17:39:36,033 [DEBUG] TrafficAI.MQTT [app.py:1066]: Context update: speed=0.0 veh=0 ok=True
2026-02-23 17:39:36,219 [DEBUG] TrafficAI.MQTT [app.py:1066]: Context update: speed=0.0 veh=0 ok=True
2026-02-23 17:39:36,219 [DEBUG] TrafficAI.MQTT [app.py:1066]: Context update: speed=0.0 veh=0 ok=True
2026-02-23 17:39:36,418 [DEBUG] TrafficAI.MQTT [app.py:1066]: Context update: speed=0.0 veh=0 ok=True
2026-02-23 17:39:36,418 [DEBUG] TrafficAI.MQTT [app.py:1066]: Context update: speed=0.0 veh=0 ok=True
2026-02-23 17:39:36,617 [DEBUG] TrafficAI.MQTT [app.py:1066]: Context update: speed=0.0 veh=0 ok=True
2026-02-23 17:39:36,618 [DEBUG] TrafficAI.MQTT [app.py:1066]: Context update: speed=0.0 veh=0 ok=True
2026-02-23 17:39:36,818 [DEBUG] TrafficAI.MQTT [app.py:1066]: Context update: speed=0.0 veh=0 ok=True
2026-02-23 17:39:36,818 [DEBUG] TrafficAI.MQTT [app.py:1066]: Context update: speed=0.0 veh=0 ok=True
2026-02-23 17:39:37,026 [DEBUG] TrafficAI.MQTT [app.py:1066]: Context update: speed=0.0 veh=0 ok=True
2026-02-23 17:39:37,027 [DEBUG] TrafficAI.MQTT [app.py:1066]: Context update: speed=0.0 veh=0 ok=True
2026-02-23 17:39:37,222 [DEBUG] TrafficAI.MQTT [app.py:1066]: Context update: speed=0.0 veh=0 ok=True
2026-02-23 17:39:37,223 [DEBUG] TrafficAI.MQTT [app.py:1066]: Context update: speed=0.0 veh=0 ok=True
2026-02-23 17:39:37,421 [DEBUG] TrafficAI.MQTT [app.py:1066]: Context update: speed=0.0 veh=0 ok=True
2026-02-23 17:39:37,422 [DEBUG] TrafficAI.MQTT [app.py:1066]: Context update: speed=0.0 veh=0 ok=True
2026-02-23 17:39:37,628 [DEBUG] TrafficAI.MQTT [app.py:1066]: Context update: speed=0.0 veh=0 ok=True
2026-02-23 17:39:37,628 [DEBUG] TrafficAI.MQTT [app.py:1066]: Context update: speed=0.0 veh=0 ok=True
2026-02-23 17:39:37,828 [DEBUG] TrafficAI.MQTT [app.py:1066]: Context update: speed=0.0 veh=0 ok=True
2026-02-23 17:39:37,828 [DEBUG] TrafficAI.MQTT [app.py:1066]: Context update: speed=0.0 veh=0 ok=True
2026-02-23 17:39:38,030 [DEBUG] TrafficAI.MQTT [app.py:1066]: Context update: speed=0.0 veh=0 ok=True
2026-02-23 17:39:38,031 [DEBUG] TrafficAI.MQTT [app.py:1066]: Context update: speed=0.0 veh=0 ok=True
2026-02-23 17:39:38,232 [DEBUG] TrafficAI.MQTT [app.py:1066]: Context update: speed=0.0 veh=0 ok=True
2026-02-23 17:39:38,233 [DEBUG] TrafficAI.MQTT [app.py:1066]: Context update: speed=0.0 veh=0 ok=True
2026-02-23 17:39:38,428 [DEBUG] TrafficAI.MQTT [app.py:1066]: Context update: speed=0.0 veh=0 ok=True
2026-02-23 17:39:38,429 [DEBUG] TrafficAI.MQTT [app.py:1066]: Context update: speed=0.0 veh=0 ok=True
2026-02-23 17:39:38,626 [DEBUG] TrafficAI.MQTT [app.py:1066]: Context update: speed=0.0 veh=0 ok=True
2026-02-23 17:39:38,627 [DEBUG] TrafficAI.MQTT [app.py:1066]: Context update: speed=0.0 veh=0 ok=True
2026-02-23 17:39:38,825 [DEBUG] TrafficAI.MQTT [app.py:1066]: Context update: speed=0.0 veh=0 ok=True
2026-02-23 17:39:38,826 [DEBUG] TrafficAI.MQTT [app.py:1066]: Context update: speed=0.0 veh=0 ok=True
2026-02-23 17:39:39,026 [DEBUG] TrafficAI.MQTT [app.py:1066]: Context update: speed=0.0 veh=0 ok=True
2026-02-23 17:39:39,027 [DEBUG] TrafficAI.MQTT [app.py:1066]: Context update: speed=0.0 veh=0 ok=True
2026-02-23 17:39:39,228 [DEBUG] TrafficAI.MQTT [app.py:1066]: Context update: speed=0.0 veh=0 ok=True
2026-02-23 17:39:39,426 [DEBUG] TrafficAI.MQTT [app.py:1066]: Context update: speed=0.0 veh=0 ok=True
2026-02-23 17:39:39,427 [DEBUG] TrafficAI.MQTT [app.py:1066]: Context update: speed=0.0 veh=0 ok=True
2026-02-23 17:39:39,626 [DEBUG] TrafficAI.MQTT [app.py:1066]: Context update: speed=0.0 veh=0 ok=True
2026-02-23 17:39:39,626 [DEBUG] TrafficAI.MQTT [app.py:1066]: Context update: speed=0.0 veh=0 ok=True
2026-02-23 17:39:39,825 [DEBUG] TrafficAI.MQTT [app.py:1066]: Context update: speed=0.0 veh=0 ok=True
2026-02-23 17:39:39,826 [DEBUG] TrafficAI.MQTT [app.py:1066]: Context update: speed=0.0 veh=0 ok=True
2026-02-23 17:39:40,025 [DEBUG] TrafficAI.MQTT [app.py:1066]: Context update: speed=0.0 veh=0 ok=True
2026-02-23 17:39:40,025 [DEBUG] TrafficAI.MQTT [app.py:1066]: Context update: speed=0.0 veh=0 ok=True
2026-02-23 17:39:40,232 [DEBUG] TrafficAI.MQTT [app.py:1066]: Context update: speed=0.0 veh=0 ok=True
2026-02-23 17:39:40,233 [DEBUG] TrafficAI.MQTT [app.py:1066]: Context update: speed=0.0 veh=0 ok=True
2026-02-23 17:39:40,424 [DEBUG] TrafficAI.MQTT [app.py:1066]: Context update: speed=0.0 veh=0 ok=True
2026-02-23 17:39:40,425 [DEBUG] TrafficAI.MQTT [app.py:1066]: Context update: speed=0.0 veh=0 ok=True
2026-02-23 17:39:40,624 [DEBUG] TrafficAI.MQTT [app.py:1066]: Context update: speed=0.0 veh=0 ok=True
2026-02-23 17:39:40,624 [DEBUG] TrafficAI.MQTT [app.py:1066]: Context update: speed=0.0 veh=0 ok=True
2026-02-23 17:39:40,820 [DEBUG] TrafficAI.MQTT [app.py:1066]: Context update: speed=0.0 veh=0 ok=True
2026-02-23 17:39:40,821 [DEBUG] TrafficAI.MQTT [app.py:1066]: Context update: speed=0.0 veh=0 ok=True
2026-02-23 17:39:41,019 [DEBUG] TrafficAI.MQTT [app.py:1066]: Context update: speed=0.0 veh=0 ok=True
2026-02-23 17:39:41,019 [DEBUG] TrafficAI.MQTT [app.py:1066]: Context update: speed=0.0 veh=0 ok=True
2026-02-23 17:39:41,217 [DEBUG] TrafficAI.MQTT [app.py:1066]: Context update: speed=0.0 veh=0 ok=True
2026-02-23 17:39:41,416 [DEBUG] TrafficAI.MQTT [app.py:1066]: Context update: speed=0.0 veh=0 ok=True
2026-02-23 17:39:41,416 [DEBUG] TrafficAI.MQTT [app.py:1066]: Context update: speed=0.0 veh=0 ok=True
2026-02-23 17:39:41,638 [DEBUG] TrafficAI.MQTT [app.py:1066]: Context update: speed=0.0 veh=0 ok=True
2026-02-23 17:39:41,638 [DEBUG] TrafficAI.MQTT [app.py:1066]: Context update: speed=0.0 veh=0 ok=True
2026-02-23 17:39:41,819 [DEBUG] TrafficAI.MQTT [app.py:1066]: Context update: speed=0.0 veh=0 ok=True
2026-02-23 17:39:41,819 [DEBUG] TrafficAI.MQTT [app.py:1066]: Context update: speed=0.0 veh=0 ok=True
2026-02-23 17:39:42,021 [DEBUG] TrafficAI.MQTT [app.py:1066]: Context update: speed=0.0 veh=0 ok=True
2026-02-23 17:39:42,022 [DEBUG] TrafficAI.MQTT [app.py:1066]: Context update: speed=0.0 veh=0 ok=True
2026-02-23 17:39:42,221 [DEBUG] TrafficAI.MQTT [app.py:1066]: Context update: speed=0.0 veh=0 ok=True
2026-02-23 17:39:42,222 [DEBUG] TrafficAI.MQTT [app.py:1066]: Context update: speed=0.0 veh=0 ok=True
2026-02-23 17:39:42,421 [DEBUG] TrafficAI.MQTT [app.py:1066]: Context update: speed=0.0 veh=0 ok=True
2026-02-23 17:39:42,422 [DEBUG] TrafficAI.MQTT [app.py:1066]: Context update: speed=0.0 veh=0 ok=True
2026-02-23 17:39:42,664 [DEBUG] TrafficAI.MQTT [app.py:1066]: Context update: speed=0.0 veh=0 ok=True
2026-02-23 17:39:42,665 [DEBUG] TrafficAI.MQTT [app.py:1066]: Context update: speed=0.0 veh=0 ok=True
2026-02-23 17:39:42,822 [DEBUG] TrafficAI.MQTT [app.py:1066]: Context update: speed=0.0 veh=0 ok=True
2026-02-23 17:39:42,822 [DEBUG] TrafficAI.MQTT [app.py:1066]: Context update: speed=0.0 veh=0 ok=True
2026-02-23 17:39:43,021 [DEBUG] TrafficAI.MQTT [app.py:1066]: Context update: speed=0.0 veh=0 ok=True
2026-02-23 17:39:43,022 [DEBUG] TrafficAI.MQTT [app.py:1066]: Context update: speed=0.0 veh=0 ok=True
2026-02-23 17:39:43,227 [DEBUG] TrafficAI.MQTT [app.py:1066]: Context update: speed=0.0 veh=0 ok=True
2026-02-23 17:39:43,227 [DEBUG] TrafficAI.MQTT [app.py:1066]: Context update: speed=0.0 veh=0 ok=True
2026-02-23 17:39:43,429 [DEBUG] TrafficAI.MQTT [app.py:1066]: Context update: speed=0.0 veh=0 ok=True
2026-02-23 17:39:43,429 [DEBUG] TrafficAI.MQTT [app.py:1066]: Context update: speed=0.0 veh=0 ok=True
2026-02-23 17:39:43,660 [DEBUG] TrafficAI.MQTT [app.py:1066]: Context update: speed=0.0 veh=0 ok=True
2026-02-23 17:39:43,828 [DEBUG] TrafficAI.MQTT [app.py:1066]: Context update: speed=0.0 veh=0 ok=True
2026-02-23 17:39:43,829 [DEBUG] TrafficAI.MQTT [app.py:1066]: Context update: speed=0.0 veh=0 ok=True
2026-02-23 17:39:44,028 [DEBUG] TrafficAI.MQTT [app.py:1066]: Context update: speed=0.0 veh=0 ok=True
2026-02-23 17:39:44,029 [DEBUG] TrafficAI.MQTT [app.py:1066]: Context update: speed=0.0 veh=0 ok=True
2026-02-23 17:39:44,228 [DEBUG] TrafficAI.MQTT [app.py:1066]: Context update: speed=0.0 veh=0 ok=True
2026-02-23 17:39:44,228 [DEBUG] TrafficAI.MQTT [app.py:1066]: Context update: speed=0.0 veh=0 ok=True
2026-02-23 17:39:44,427 [DEBUG] TrafficAI.MQTT [app.py:1066]: Context update: speed=0.0 veh=0 ok=True
2026-02-23 17:39:44,427 [DEBUG] TrafficAI.MQTT [app.py:1066]: Context update: speed=0.0 veh=0 ok=True
2026-02-23 17:39:44,656 [DEBUG] TrafficAI.MQTT [app.py:1066]: Context update: speed=0.0 veh=0 ok=True
2026-02-23 17:39:44,656 [DEBUG] TrafficAI.MQTT [app.py:1066]: Context update: speed=0.0 veh=0 ok=True
2026-02-23 17:39:44,825 [DEBUG] TrafficAI.MQTT [app.py:1066]: Context update: speed=0.0 veh=0 ok=True
2026-02-23 17:39:45,026 [DEBUG] TrafficAI.MQTT [app.py:1066]: Context update: speed=0.0 veh=0 ok=True
2026-02-23 17:39:45,027 [DEBUG] TrafficAI.MQTT [app.py:1066]: Context update: speed=0.0 veh=0 ok=True
2026-02-23 17:39:45,226 [DEBUG] TrafficAI.MQTT [app.py:1066]: Context update: speed=0.0 veh=0 ok=True
2026-02-23 17:39:45,227 [DEBUG] TrafficAI.MQTT [app.py:1066]: Context update: speed=0.0 veh=0 ok=True
2026-02-23 17:39:45,425 [DEBUG] TrafficAI.MQTT [app.py:1066]: Context update: speed=0.0 veh=0 ok=True
2026-02-23 17:39:45,426 [DEBUG] TrafficAI.MQTT [app.py:1066]: Context update: speed=0.0 veh=0 ok=True
2026-02-23 17:39:45,624 [DEBUG] TrafficAI.MQTT [app.py:1066]: Context update: speed=0.0 veh=0 ok=True
2026-02-23 17:39:45,625 [DEBUG] TrafficAI.MQTT [app.py:1066]: Context update: speed=0.0 veh=0 ok=True
2026-02-23 17:39:45,824 [DEBUG] TrafficAI.MQTT [app.py:1066]: Context update: speed=0.0 veh=0 ok=True
2026-02-23 17:39:45,825 [DEBUG] TrafficAI.MQTT [app.py:1066]: Context update: speed=0.0 veh=0 ok=True
2026-02-23 17:39:46,023 [DEBUG] TrafficAI.MQTT [app.py:1066]: Context update: speed=0.0 veh=0 ok=True
2026-02-23 17:39:46,023 [DEBUG] TrafficAI.MQTT [app.py:1066]: Context update: speed=0.0 veh=0 ok=True
2026-02-23 17:39:46,223 [DEBUG] TrafficAI.MQTT [app.py:1066]: Context update: speed=0.0 veh=0 ok=True
2026-02-23 17:39:46,223 [DEBUG] TrafficAI.MQTT [app.py:1066]: Context update: speed=0.0 veh=0 ok=True
2026-02-23 17:39:46,424 [DEBUG] TrafficAI.MQTT [app.py:1066]: Context update: speed=0.0 veh=0 ok=True
2026-02-23 17:39:46,425 [DEBUG] TrafficAI.MQTT [app.py:1066]: Context update: speed=0.0 veh=0 ok=True
2026-02-23 17:39:46,624 [DEBUG] TrafficAI.MQTT [app.py:1066]: Context update: speed=0.0 veh=0 ok=True
2026-02-23 17:39:46,624 [DEBUG] TrafficAI.MQTT [app.py:1066]: Context update: speed=0.0 veh=0 ok=True
2026-02-23 17:39:46,823 [DEBUG] TrafficAI.MQTT [app.py:1066]: Context update: speed=0.0 veh=0 ok=True
2026-02-23 17:39:46,824 [DEBUG] TrafficAI.MQTT [app.py:1066]: Context update: speed=0.0 veh=0 ok=True
2026-02-23 17:39:47,023 [DEBUG] TrafficAI.MQTT [app.py:1066]: Context update: speed=0.0 veh=0 ok=True
2026-02-23 17:39:47,023 [DEBUG] TrafficAI.MQTT [app.py:1066]: Context update: speed=0.0 veh=0 ok=True
2026-02-23 17:39:47,222 [DEBUG] TrafficAI.MQTT [app.py:1066]: Context update: speed=0.0 veh=0 ok=True
2026-02-23 17:39:47,223 [DEBUG] TrafficAI.MQTT [app.py:1066]: Context update: speed=0.0 veh=0 ok=True
2026-02-23 17:39:47,421 [DEBUG] TrafficAI.MQTT [app.py:1066]: Context update: speed=0.0 veh=0 ok=True
2026-02-23 17:39:47,422 [DEBUG] TrafficAI.MQTT [app.py:1066]: Context update: speed=0.0 veh=0 ok=True
2026-02-23 17:39:47,620 [DEBUG] TrafficAI.MQTT [app.py:1066]: Context update: speed=0.0 veh=0 ok=True
2026-02-23 17:39:47,620 [DEBUG] TrafficAI.MQTT [app.py:1066]: Context update: speed=0.0 veh=0 ok=True
2026-02-23 17:39:47,821 [DEBUG] TrafficAI.MQTT [app.py:1066]: Context update: speed=0.0 veh=0 ok=True
2026-02-23 17:39:47,821 [DEBUG] TrafficAI.MQTT [app.py:1066]: Context update: speed=0.0 veh=0 ok=True
2026-02-23 17:39:48,020 [DEBUG] TrafficAI.MQTT [app.py:1066]: Context update: speed=0.0 veh=0 ok=True
2026-02-23 17:39:48,020 [DEBUG] TrafficAI.MQTT [app.py:1066]: Context update: speed=0.0 veh=0 ok=True
2026-02-23 17:39:48,219 [DEBUG] TrafficAI.MQTT [app.py:1066]: Context update: speed=0.0 veh=0 ok=True
2026-02-23 17:39:48,219 [DEBUG] TrafficAI.MQTT [app.py:1066]: Context update: speed=0.0 veh=0 ok=True
2026-02-23 17:39:48,419 [DEBUG] TrafficAI.MQTT [app.py:1066]: Context update: speed=0.0 veh=0 ok=True
2026-02-23 17:39:48,419 [DEBUG] TrafficAI.MQTT [app.py:1066]: Context update: speed=0.0 veh=0 ok=True
2026-02-23 17:39:48,619 [DEBUG] TrafficAI.MQTT [app.py:1066]: Context update: speed=0.0 veh=0 ok=True
2026-02-23 17:39:48,619 [DEBUG] TrafficAI.MQTT [app.py:1066]: Context update: speed=0.0 veh=0 ok=True
2026-02-23 17:39:48,818 [DEBUG] TrafficAI.MQTT [app.py:1066]: Context update: speed=0.0 veh=0 ok=True
2026-02-23 17:39:48,819 [DEBUG] TrafficAI.MQTT [app.py:1066]: Context update: speed=0.0 veh=0 ok=True
2026-02-23 17:39:49,017 [DEBUG] TrafficAI.MQTT [app.py:1066]: Context update: speed=0.0 veh=0 ok=True
2026-02-23 17:39:49,018 [DEBUG] TrafficAI.MQTT [app.py:1066]: Context update: speed=0.0 veh=0 ok=True
2026-02-23 17:39:49,217 [DEBUG] TrafficAI.MQTT [app.py:1066]: Context update: speed=0.0 veh=0 ok=True
2026-02-23 17:39:49,217 [DEBUG] TrafficAI.MQTT [app.py:1066]: Context update: speed=0.0 veh=0 ok=True
2026-02-23 17:39:49,416 [DEBUG] TrafficAI.MQTT [app.py:1066]: Context update: speed=0.0 veh=0 ok=True
2026-02-23 17:39:49,615 [DEBUG] TrafficAI.MQTT [app.py:1066]: Context update: speed=0.0 veh=0 ok=True
2026-02-23 17:39:49,615 [DEBUG] TrafficAI.MQTT [app.py:1066]: Context update: speed=0.0 veh=0 ok=True
2026-02-23 17:39:49,813 [DEBUG] TrafficAI.MQTT [app.py:1066]: Context update: speed=0.0 veh=0 ok=True
2026-02-23 17:39:49,814 [DEBUG] TrafficAI.MQTT [app.py:1066]: Context update: speed=0.0 veh=0 ok=True
2026-02-23 17:39:50,013 [DEBUG] TrafficAI.MQTT [app.py:1066]: Context update: speed=0.0 veh=0 ok=True
2026-02-23 17:39:50,013 [DEBUG] TrafficAI.MQTT [app.py:1066]: Context update: speed=0.0 veh=0 ok=True
2026-02-23 17:39:50,212 [DEBUG] TrafficAI.MQTT [app.py:1066]: Context update: speed=0.0 veh=0 ok=True
2026-02-23 17:39:50,212 [DEBUG] TrafficAI.MQTT [app.py:1066]: Context update: speed=0.0 veh=0 ok=True
2026-02-23 17:39:50,411 [DEBUG] TrafficAI.MQTT [app.py:1066]: Context update: speed=0.0 veh=0 ok=True
2026-02-23 17:39:50,411 [DEBUG] TrafficAI.MQTT [app.py:1066]: Context update: speed=0.0 veh=0 ok=True
2026-02-23 17:39:50,611 [DEBUG] TrafficAI.MQTT [app.py:1066]: Context update: speed=0.0 veh=0 ok=True
2026-02-23 17:39:50,612 [DEBUG] TrafficAI.MQTT [app.py:1066]: Context update: speed=0.0 veh=0 ok=True
2026-02-23 17:39:50,828 [DEBUG] TrafficAI.MQTT [app.py:1066]: Context update: speed=0.0 veh=0 ok=True
2026-02-23 17:39:50,829 [DEBUG] TrafficAI.MQTT [app.py:1066]: Context update: speed=0.0 veh=0 ok=True
2026-02-23 17:39:51,014 [DEBUG] TrafficAI.MQTT [app.py:1066]: Context update: speed=0.0 veh=0 ok=True
2026-02-23 17:39:51,015 [DEBUG] TrafficAI.MQTT [app.py:1066]: Context update: speed=0.0 veh=0 ok=True
2026-02-23 17:39:51,214 [DEBUG] TrafficAI.MQTT [app.py:1066]: Context update: speed=0.0 veh=0 ok=True
2026-02-23 17:39:51,214 [DEBUG] TrafficAI.MQTT [app.py:1066]: Context update: speed=0.0 veh=0 ok=True
2026-02-23 17:39:51,414 [DEBUG] TrafficAI.MQTT [app.py:1066]: Context update: speed=0.0 veh=0 ok=True
2026-02-23 17:39:51,415 [DEBUG] TrafficAI.MQTT [app.py:1066]: Context update: speed=0.0 veh=0 ok=True
2026-02-23 17:39:51,614 [DEBUG] TrafficAI.MQTT [app.py:1066]: Context update: speed=0.0 veh=0 ok=True
2026-02-23 17:39:51,614 [DEBUG] TrafficAI.MQTT [app.py:1066]: Context update: speed=0.0 veh=0 ok=True
2026-02-23 17:39:51,814 [DEBUG] TrafficAI.MQTT [app.py:1066]: Context update: speed=0.0 veh=0 ok=True
2026-02-23 17:39:51,814 [DEBUG] TrafficAI.MQTT [app.py:1066]: Context update: speed=0.0 veh=0 ok=True
2026-02-23 17:39:52,014 [DEBUG] TrafficAI.MQTT [app.py:1066]: Context update: speed=0.0 veh=0 ok=True
2026-02-23 17:39:52,014 [DEBUG] TrafficAI.MQTT [app.py:1066]: Context update: speed=0.0 veh=0 ok=True
2026-02-23 17:39:52,213 [DEBUG] TrafficAI.MQTT [app.py:1066]: Context update: speed=0.0 veh=0 ok=True
2026-02-23 17:39:52,213 [DEBUG] TrafficAI.MQTT [app.py:1066]: Context update: speed=0.0 veh=0 ok=True
2026-02-23 17:39:52,417 [DEBUG] TrafficAI.MQTT [app.py:1066]: Context update: speed=0.0 veh=0 ok=True
2026-02-23 17:39:52,418 [DEBUG] TrafficAI.MQTT [app.py:1066]: Context update: speed=0.0 veh=0 ok=True
2026-02-23 17:39:52,616 [DEBUG] TrafficAI.MQTT [app.py:1066]: Context update: speed=0.0 veh=0 ok=True
2026-02-23 17:39:52,617 [DEBUG] TrafficAI.MQTT [app.py:1066]: Context update: speed=0.0 veh=0 ok=True
2026-02-23 17:39:52,815 [DEBUG] TrafficAI.MQTT [app.py:1066]: Context update: speed=0.0 veh=0 ok=True
2026-02-23 17:39:52,815 [DEBUG] TrafficAI.MQTT [app.py:1066]: Context update: speed=0.0 veh=0 ok=True
2026-02-23 17:39:53,014 [DEBUG] TrafficAI.MQTT [app.py:1066]: Context update: speed=0.0 veh=0 ok=True
2026-02-23 17:39:53,015 [DEBUG] TrafficAI.MQTT [app.py:1066]: Context update: speed=0.0 veh=0 ok=True
2026-02-23 17:39:53,213 [DEBUG] TrafficAI.MQTT [app.py:1066]: Context update: speed=0.0 veh=0 ok=True
2026-02-23 17:39:53,213 [DEBUG] TrafficAI.MQTT [app.py:1066]: Context update: speed=0.0 veh=0 ok=True
2026-02-23 17:39:53,412 [DEBUG] TrafficAI.MQTT [app.py:1066]: Context update: speed=0.0 veh=0 ok=True
2026-02-23 17:39:53,413 [DEBUG] TrafficAI.MQTT [app.py:1066]: Context update: speed=0.0 veh=0 ok=True
2026-02-23 17:39:53,413 [DEBUG] TrafficAI.MQTT [app.py:1066]: Context update: speed=0.0 veh=0 ok=True
2026-02-23 17:39:53,611 [DEBUG] TrafficAI.MQTT [app.py:1066]: Context update: speed=0.0 veh=0 ok=True
2026-02-23 17:39:53,611 [DEBUG] TrafficAI.MQTT [app.py:1066]: Context update: speed=0.0 veh=0 ok=True
2026-02-23 17:39:53,843 [DEBUG] TrafficAI.MQTT [app.py:1066]: Context update: speed=0.0 veh=0 ok=True
2026-02-23 17:39:54,015 [DEBUG] TrafficAI.MQTT [app.py:1066]: Context update: speed=0.0 veh=0 ok=True
2026-02-23 17:39:54,016 [DEBUG] TrafficAI.MQTT [app.py:1066]: Context update: speed=0.0 veh=0 ok=True
2026-02-23 17:39:54,208 [DEBUG] TrafficAI.MQTT [app.py:1066]: Context update: speed=0.0 veh=0 ok=True
2026-02-23 17:39:54,208 [DEBUG] TrafficAI.MQTT [app.py:1066]: Context update: speed=0.0 veh=0 ok=True
2026-02-23 17:39:54,209 [DEBUG] TrafficAI.MQTT [app.py:1066]: Context update: speed=0.0 veh=0 ok=True
2026-02-23 17:39:54,407 [DEBUG] TrafficAI.MQTT [app.py:1066]: Context update: speed=0.0 veh=0 ok=True
2026-02-23 17:39:54,407 [DEBUG] TrafficAI.MQTT [app.py:1066]: Context update: speed=0.0 veh=0 ok=True
2026-02-23 17:39:54,606 [DEBUG] TrafficAI.MQTT [app.py:1066]: Context update: speed=0.0 veh=0 ok=True
2026-02-23 17:39:54,606 [DEBUG] TrafficAI.MQTT [app.py:1066]: Context update: speed=0.0 veh=0 ok=True
2026-02-23 17:39:54,809 [DEBUG] TrafficAI.MQTT [app.py:1066]: Context update: speed=0.0 veh=0 ok=True
2026-02-23 17:39:55,009 [DEBUG] TrafficAI.MQTT [app.py:1066]: Context update: speed=0.0 veh=0 ok=True
2026-02-23 17:39:55,010 [DEBUG] TrafficAI.MQTT [app.py:1066]: Context update: speed=0.0 veh=0 ok=True
2026-02-23 17:39:55,010 [DEBUG] TrafficAI.MQTT [app.py:1066]: Context update: speed=0.0 veh=0 ok=True
2026-02-23 17:39:55,208 [DEBUG] TrafficAI.MQTT [app.py:1066]: Context update: speed=0.0 veh=0 ok=True
2026-02-23 17:39:55,411 [DEBUG] TrafficAI.MQTT [app.py:1066]: Context update: speed=0.0 veh=0 ok=True
2026-02-23 17:39:55,412 [DEBUG] TrafficAI.MQTT [app.py:1066]: Context update: speed=0.0 veh=0 ok=True
2026-02-23 17:39:55,611 [DEBUG] TrafficAI.MQTT [app.py:1066]: Context update: speed=0.0 veh=0 ok=True
2026-02-23 17:39:55,611 [DEBUG] TrafficAI.MQTT [app.py:1066]: Context update: speed=0.0 veh=0 ok=True
2026-02-23 17:39:55,809 [DEBUG] TrafficAI.MQTT [app.py:1066]: Context update: speed=0.0 veh=0 ok=True
2026-02-23 17:39:55,810 [DEBUG] TrafficAI.MQTT [app.py:1066]: Context update: speed=0.0 veh=0 ok=True
2026-02-23 17:39:56,009 [DEBUG] TrafficAI.MQTT [app.py:1066]: Context update: speed=0.0 veh=0 ok=True
2026-02-23 17:39:56,009 [DEBUG] TrafficAI.MQTT [app.py:1066]: Context update: speed=0.0 veh=0 ok=True
2026-02-23 17:39:56,208 [DEBUG] TrafficAI.MQTT [app.py:1066]: Context update: speed=0.0 veh=0 ok=True
2026-02-23 17:39:56,208 [DEBUG] TrafficAI.MQTT [app.py:1066]: Context update: speed=0.0 veh=0 ok=True
2026-02-23 17:39:56,407 [DEBUG] TrafficAI.MQTT [app.py:1066]: Context update: speed=0.0 veh=0 ok=True
2026-02-23 17:39:56,407 [DEBUG] TrafficAI.MQTT [app.py:1066]: Context update: speed=0.0 veh=0 ok=True
2026-02-23 17:39:56,606 [DEBUG] TrafficAI.MQTT [app.py:1066]: Context update: speed=0.0 veh=0 ok=True
2026-02-23 17:39:56,606 [DEBUG] TrafficAI.MQTT [app.py:1066]: Context update: speed=0.0 veh=0 ok=True
2026-02-23 17:39:56,805 [DEBUG] TrafficAI.MQTT [app.py:1066]: Context update: speed=0.0 veh=0 ok=True
2026-02-23 17:39:56,805 [DEBUG] TrafficAI.MQTT [app.py:1066]: Context update: speed=0.0 veh=0 ok=True
2026-02-23 17:39:57,004 [DEBUG] TrafficAI.MQTT [app.py:1066]: Context update: speed=0.0 veh=0 ok=True
2026-02-23 17:39:57,004 [DEBUG] TrafficAI.MQTT [app.py:1066]: Context update: speed=0.0 veh=0 ok=True
2026-02-23 17:39:57,204 [DEBUG] TrafficAI.MQTT [app.py:1066]: Context update: speed=0.0 veh=0 ok=True
2026-02-23 17:39:57,205 [DEBUG] TrafficAI.MQTT [app.py:1066]: Context update: speed=0.0 veh=0 ok=True
2026-02-23 17:39:57,404 [DEBUG] TrafficAI.MQTT [app.py:1066]: Context update: speed=0.0 veh=0 ok=True
2026-02-23 17:39:57,405 [DEBUG] TrafficAI.MQTT [app.py:1066]: Context update: speed=0.0 veh=0 ok=True
2026-02-23 17:39:57,603 [DEBUG] TrafficAI.MQTT [app.py:1066]: Context update: speed=0.0 veh=0 ok=True
2026-02-23 17:39:57,604 [DEBUG] TrafficAI.MQTT [app.py:1066]: Context update: speed=0.0 veh=0 ok=True
2026-02-23 17:39:57,804 [DEBUG] TrafficAI.MQTT [app.py:1066]: Context update: speed=0.0 veh=0 ok=True
2026-02-23 17:39:57,805 [DEBUG] TrafficAI.MQTT [app.py:1066]: Context update: speed=0.0 veh=0 ok=True
2026-02-23 17:39:58,008 [DEBUG] TrafficAI.MQTT [app.py:1066]: Context update: speed=0.0 veh=0 ok=True
2026-02-23 17:39:58,008 [DEBUG] TrafficAI.MQTT [app.py:1066]: Context update: speed=0.0 veh=0 ok=True
2026-02-23 17:39:58,209 [DEBUG] TrafficAI.MQTT [app.py:1066]: Context update: speed=0.0 veh=0 ok=True
2026-02-23 17:39:58,209 [DEBUG] TrafficAI.MQTT [app.py:1066]: Context update: speed=0.0 veh=0 ok=True
2026-02-23 17:39:58,407 [DEBUG] TrafficAI.MQTT [app.py:1066]: Context update: speed=0.0 veh=0 ok=True
2026-02-23 17:39:58,408 [DEBUG] TrafficAI.MQTT [app.py:1066]: Context update: speed=0.0 veh=0 ok=True
2026-02-23 17:39:58,606 [DEBUG] TrafficAI.MQTT [app.py:1066]: Context update: speed=0.0 veh=0 ok=True
2026-02-23 17:39:58,606 [DEBUG] TrafficAI.MQTT [app.py:1066]: Context update: speed=0.0 veh=0 ok=True
2026-02-23 17:39:58,806 [DEBUG] TrafficAI.MQTT [app.py:1066]: Context update: speed=0.0 veh=0 ok=True
2026-02-23 17:39:58,806 [DEBUG] TrafficAI.MQTT [app.py:1066]: Context update: speed=0.0 veh=0 ok=True
2026-02-23 17:39:59,006 [DEBUG] TrafficAI.MQTT [app.py:1066]: Context update: speed=0.0 veh=0 ok=True
2026-02-23 17:39:59,006 [DEBUG] TrafficAI.MQTT [app.py:1066]: Context update: speed=0.0 veh=0 ok=True
2026-02-23 17:39:59,206 [DEBUG] TrafficAI.MQTT [app.py:1066]: Context update: speed=0.0 veh=0 ok=True
2026-02-23 17:39:59,206 [DEBUG] TrafficAI.MQTT [app.py:1066]: Context update: speed=0.0 veh=0 ok=True
2026-02-23 17:39:59,406 [DEBUG] TrafficAI.MQTT [app.py:1066]: Context update: speed=0.0 veh=0 ok=True
2026-02-23 17:39:59,407 [DEBUG] TrafficAI.MQTT [app.py:1066]: Context update: speed=0.0 veh=0 ok=True
2026-02-23 17:39:59,605 [DEBUG] TrafficAI.MQTT [app.py:1066]: Context update: speed=0.0 veh=0 ok=True
2026-02-23 17:39:59,606 [DEBUG] TrafficAI.MQTT [app.py:1066]: Context update: speed=0.0 veh=0 ok=True
2026-02-23 17:39:59,806 [DEBUG] TrafficAI.MQTT [app.py:1066]: Context update: speed=0.0 veh=0 ok=True
2026-02-23 17:39:59,895 [DEBUG] TrafficAI.Premium [app.py:1125]: Context snapshot saved
2026-02-23 17:39:59,912 [INFO] TrafficAI.Theme [app.py:872]: Theme changed: neon-active → neon-futuristic (by=auto-worker auto=True)
2026-02-23 17:40:00,006 [DEBUG] TrafficAI.MQTT [app.py:1066]: Context update: speed=0.0 veh=0 ok=True
2026-02-23 17:40:00,007 [DEBUG] TrafficAI.MQTT [app.py:1066]: Context update: speed=0.0 veh=0 ok=True
2026-02-23 17:40:00,135 [INFO] TrafficAI.Theme [app.py:1079]: MQTT remote theme update: neon-futuristic
2026-02-23 17:40:00,417 [DEBUG] TrafficAI.MQTT [app.py:1066]: Context update: speed=0.0 veh=0 ok=True
2026-02-23 17:40:00,418 [DEBUG] TrafficAI.MQTT [app.py:1066]: Context update: speed=0.0 veh=0 ok=True
2026-02-23 17:40:00,418 [DEBUG] TrafficAI.MQTT [app.py:1066]: Context update: speed=0.0 veh=0 ok=True
2026-02-23 17:40:00,418 [DEBUG] TrafficAI.MQTT [app.py:1066]: Context update: speed=0.0 veh=0 ok=True
2026-02-23 17:40:00,607 [DEBUG] TrafficAI.MQTT [app.py:1066]: Context update: speed=0.0 veh=0 ok=True
2026-02-23 17:40:00,608 [DEBUG] TrafficAI.MQTT [app.py:1066]: Context update: speed=0.0 veh=0 ok=True
2026-02-23 17:40:00,806 [DEBUG] TrafficAI.MQTT [app.py:1066]: Context update: speed=0.0 veh=0 ok=True
2026-02-23 17:40:00,807 [DEBUG] TrafficAI.MQTT [app.py:1066]: Context update: speed=0.0 veh=0 ok=True
2026-02-23 17:40:01,007 [DEBUG] TrafficAI.MQTT [app.py:1066]: Context update: speed=0.0 veh=0 ok=True
2026-02-23 17:40:01,008 [DEBUG] TrafficAI.MQTT [app.py:1066]: Context update: speed=0.0 veh=0 ok=True
2026-02-23 17:40:01,208 [DEBUG] TrafficAI.MQTT [app.py:1066]: Context update: speed=0.0 veh=0 ok=True
2026-02-23 17:40:01,209 [DEBUG] TrafficAI.MQTT [app.py:1066]: Context update: speed=0.0 veh=0 ok=True
2026-02-23 17:40:01,409 [DEBUG] TrafficAI.MQTT [app.py:1066]: Context update: speed=0.0 veh=0 ok=True
2026-02-23 17:40:01,409 [DEBUG] TrafficAI.MQTT [app.py:1066]: Context update: speed=0.0 veh=0 ok=True
2026-02-23 17:40:01,607 [DEBUG] TrafficAI.MQTT [app.py:1066]: Context update: speed=0.0 veh=0 ok=True
2026-02-23 17:40:01,608 [DEBUG] TrafficAI.MQTT [app.py:1066]: Context update: speed=0.0 veh=0 ok=True
2026-02-23 17:40:01,806 [DEBUG] TrafficAI.MQTT [app.py:1066]: Context update: speed=0.0 veh=0 ok=True
2026-02-23 17:40:01,806 [DEBUG] TrafficAI.MQTT [app.py:1066]: Context update: speed=0.0 veh=0 ok=True
2026-02-23 17:40:02,005 [DEBUG] TrafficAI.MQTT [app.py:1066]: Context update: speed=0.0 veh=0 ok=True
2026-02-23 17:40:02,006 [DEBUG] TrafficAI.MQTT [app.py:1066]: Context update: speed=0.0 veh=0 ok=True
2026-02-23 17:40:02,204 [DEBUG] TrafficAI.MQTT [app.py:1066]: Context update: speed=0.0 veh=0 ok=True
2026-02-23 17:40:02,204 [DEBUG] TrafficAI.MQTT [app.py:1066]: Context update: speed=0.0 veh=0 ok=True
2026-02-23 17:40:02,281 [INFO] TrafficAI.LaptopCam [app.py:245]: 🎥 Laptop camera worker starting...
2026-02-23 17:40:02,281 [INFO] TrafficAI.LaptopCam [app.py:338]: 🎥 Laptop camera started by 127.0.0.1
2026-02-23 17:40:02,403 [DEBUG] TrafficAI.MQTT [app.py:1066]: Context update: speed=0.0 veh=0 ok=True
2026-02-23 17:40:02,404 [DEBUG] TrafficAI.MQTT [app.py:1066]: Context update: speed=0.0 veh=0 ok=True
2026-02-23 17:40:02,602 [DEBUG] TrafficAI.MQTT [app.py:1066]: Context update: speed=0.0 veh=0 ok=True
2026-02-23 17:40:02,801 [DEBUG] TrafficAI.MQTT [app.py:1066]: Context update: speed=0.0 veh=0 ok=True
2026-02-23 17:40:03,730 [DEBUG] TrafficAI.MQTT [app.py:1066]: Context update: speed=0.0 veh=0 ok=True
2026-02-23 17:40:04,599 [INFO] TrafficAI.LaptopCam [app.py:251]: ✅ Webcam opened 1024x768
2026-02-23 17:40:04,859 [DEBUG] TrafficAI.MQTT [app.py:1066]: Context update: speed=0.0 veh=0 ok=True
2026-02-23 17:40:05,103 [DEBUG] TrafficAI.MQTT [app.py:1066]: Context update: speed=0.0 veh=0 ok=True
2026-02-23 17:40:05,312 [DEBUG] TrafficAI.MQTT [app.py:1066]: Context update: speed=0.0 veh=0 ok=True
2026-02-23 17:40:05,503 [DEBUG] TrafficAI.MQTT [app.py:1066]: Context update: speed=0.0 veh=0 ok=True
2026-02-23 17:40:05,709 [DEBUG] TrafficAI.MQTT [app.py:1066]: Context update: speed=0.0 veh=0 ok=True
2026-02-23 17:40:05,908 [DEBUG] TrafficAI.MQTT [app.py:1066]: Context update: speed=0.0 veh=0 ok=True
2026-02-23 17:40:05,908 [DEBUG] TrafficAI.MQTT [app.py:1066]: Context update: speed=0.0 veh=0 ok=True
2026-02-23 17:40:05,908 [DEBUG] TrafficAI.MQTT [app.py:1066]: Context update: speed=0.0 veh=0 ok=True
2026-02-23 17:40:06,106 [DEBUG] TrafficAI.MQTT [app.py:1066]: Context update: speed=0.0 veh=0 ok=True
2026-02-23 17:40:06,314 [DEBUG] TrafficAI.MQTT [app.py:1066]: Context update: speed=0.0 veh=0 ok=True
2026-02-23 17:40:06,318 [DEBUG] TrafficAI.MQTT [app.py:1066]: Context update: speed=0.0 veh=0 ok=True
2026-02-23 17:40:06,505 [DEBUG] TrafficAI.MQTT [app.py:1066]: Context update: speed=0.0 veh=0 ok=True
2026-02-23 17:40:06,711 [DEBUG] TrafficAI.MQTT [app.py:1066]: Context update: speed=0.0 veh=0 ok=True
2026-02-23 17:40:06,910 [DEBUG] TrafficAI.MQTT [app.py:1066]: Context update: speed=0.0 veh=0 ok=True
2026-02-23 17:40:06,911 [DEBUG] TrafficAI.MQTT [app.py:1066]: Context update: speed=0.0 veh=0 ok=True
2026-02-23 17:40:07,112 [DEBUG] TrafficAI.MQTT [app.py:1066]: Context update: speed=0.0 veh=0 ok=True
2026-02-23 17:40:07,314 [DEBUG] TrafficAI.MQTT [app.py:1066]: Context update: speed=0.0 veh=0 ok=True
2026-02-23 17:40:07,315 [DEBUG] TrafficAI.MQTT [app.py:1066]: Context update: speed=0.0 veh=0 ok=True
2026-02-23 17:40:07,516 [DEBUG] TrafficAI.MQTT [app.py:1066]: Context update: speed=0.0 veh=0 ok=True
2026-02-23 17:40:07,736 [DEBUG] TrafficAI.MQTT [app.py:1066]: Context update: speed=0.0 veh=0 ok=True
2026-02-23 17:40:07,737 [DEBUG] TrafficAI.MQTT [app.py:1066]: Context update: speed=0.0 veh=0 ok=True
2026-02-23 17:40:07,916 [DEBUG] TrafficAI.MQTT [app.py:1066]: Context update: speed=0.0 veh=0 ok=True
2026-02-23 17:40:08,115 [DEBUG] TrafficAI.MQTT [app.py:1066]: Context update: speed=0.0 veh=0 ok=True
2026-02-23 17:40:08,116 [DEBUG] TrafficAI.MQTT [app.py:1066]: Context update: speed=0.0 veh=0 ok=True
2026-02-23 17:40:08,319 [DEBUG] TrafficAI.MQTT [app.py:1066]: Context update: speed=0.0 veh=0 ok=True
2026-02-23 17:40:08,518 [DEBUG] TrafficAI.MQTT [app.py:1066]: Context update: speed=0.0 veh=0 ok=True
2026-02-23 17:40:08,729 [DEBUG] TrafficAI.MQTT [app.py:1066]: Context update: speed=0.0 veh=0 ok=True
2026-02-23 17:40:08,918 [DEBUG] TrafficAI.MQTT [app.py:1066]: Context update: speed=0.0 veh=0 ok=True
2026-02-23 17:40:09,118 [DEBUG] TrafficAI.MQTT [app.py:1066]: Context update: speed=0.0 veh=0 ok=True
2026-02-23 17:40:09,119 [DEBUG] TrafficAI.MQTT [app.py:1066]: Context update: speed=0.0 veh=0 ok=True
2026-02-23 17:40:09,326 [DEBUG] TrafficAI.MQTT [app.py:1066]: Context update: speed=0.0 veh=0 ok=True
2026-02-23 17:40:09,518 [DEBUG] TrafficAI.MQTT [app.py:1066]: Context update: speed=0.0 veh=0 ok=True
2026-02-23 17:40:09,679 [INFO] TrafficAI.LaptopCam [app.py:353]: 🛑 Laptop camera stopped by 127.0.0.1
2026-02-23 17:40:09,718 [DEBUG] TrafficAI.MQTT [app.py:1066]: Context update: speed=0.0 veh=0 ok=True
2026-02-23 17:40:09,918 [DEBUG] TrafficAI.MQTT [app.py:1066]: Context update: speed=0.0 veh=0 ok=True
2026-02-23 17:40:10,217 [INFO] TrafficAI.LaptopCam [app.py:295]: 🛑 Laptop camera worker stopped
2026-02-23 17:40:10,926 [DEBUG] TrafficAI.MQTT [app.py:1066]: Context update: speed=0.0 veh=0 ok=True
2026-02-23 17:40:44,943 [INFO] TrafficAI.Theme [app.py:872]: Theme changed: neon-futuristic → neon-active (by=auto-worker auto=True)
2026-02-23 17:40:45,160 [INFO] TrafficAI.Theme [app.py:1079]: MQTT remote theme update: neon-active
2026-02-23 17:40:59,905 [DEBUG] TrafficAI.Premium [app.py:1125]: Context snapshot saved
2026-02-23 17:41:14,970 [INFO] TrafficAI.Theme [app.py:872]: Theme changed: neon-active → neon-futuristic (by=auto-worker auto=True)
2026-02-23 17:41:15,186 [INFO] TrafficAI.Theme [app.py:1079]: MQTT remote theme update: neon-futuristic
2026-02-23 17:41:44,995 [INFO] TrafficAI.Theme [app.py:872]: Theme changed: neon-futuristic → neon-active (by=auto-worker auto=True)
2026-02-23 17:41:45,210 [INFO] TrafficAI.Theme [app.py:1079]: MQTT remote theme update: neon-active
2026-02-23 17:41:59,917 [DEBUG] TrafficAI.Premium [app.py:1125]: Context snapshot saved
2026-02-23 17:42:15,022 [INFO] TrafficAI.Theme [app.py:872]: Theme changed: neon-active → neon-futuristic (by=auto-worker auto=True)
2026-02-23 17:42:15,240 [INFO] TrafficAI.Theme [app.py:1079]: MQTT remote theme update: neon-futuristic
2026-02-23 17:42:45,050 [INFO] TrafficAI.Theme [app.py:872]: Theme changed: neon-futuristic → neon-active (by=auto-worker auto=True)
2026-02-23 17:42:45,268 [INFO] TrafficAI.Theme [app.py:1079]: MQTT remote theme update: neon-active
2026-02-23 17:42:59,927 [DEBUG] TrafficAI.Premium [app.py:1125]: Context snapshot saved
2026-02-23 17:43:15,078 [INFO] TrafficAI.Theme [app.py:872]: Theme changed: neon-active → neon-futuristic (by=auto-worker auto=True)
2026-02-23 17:43:15,294 [INFO] TrafficAI.Theme [app.py:1079]: MQTT remote theme update: neon-futuristic
2026-02-23 17:43:59,938 [DEBUG] TrafficAI.Premium [app.py:1125]: Context snapshot saved
2026-02-23 17:44:00,109 [INFO] TrafficAI.Theme [app.py:872]: Theme changed: neon-futuristic → neon-active (by=auto-worker auto=True)
2026-02-23 17:44:00,329 [INFO] TrafficAI.Theme [app.py:1079]: MQTT remote theme update: neon-active
2026-02-23 17:44:30,135 [INFO] TrafficAI.Theme [app.py:872]: Theme changed: neon-active → neon-futuristic (by=auto-worker auto=True)
2026-02-23 17:44:30,353 [INFO] TrafficAI.Theme [app.py:1079]: MQTT remote theme update: neon-futuristic
2026-02-23 17:44:59,948 [DEBUG] TrafficAI.Premium [app.py:1125]: Context snapshot saved
2026-02-23 17:45:00,163 [INFO] TrafficAI.Theme [app.py:872]: Theme changed: neon-futuristic → neon-active (by=auto-worker auto=True)
2026-02-23 17:45:00,378 [INFO] TrafficAI.Theme [app.py:1079]: MQTT remote theme update: neon-active
2026-02-23 17:45:30,194 [INFO] TrafficAI.Theme [app.py:872]: Theme changed: neon-active → neon-futuristic (by=auto-worker auto=True)
2026-02-23 17:45:30,411 [INFO] TrafficAI.Theme [app.py:1079]: MQTT remote theme update: neon-futuristic
2026-02-23 17:45:59,970 [DEBUG] TrafficAI.Premium [app.py:1125]: Context snapshot saved
2026-02-23 17:46:00,220 [INFO] TrafficAI.Theme [app.py:872]: Theme changed: neon-futuristic → neon-active (by=auto-worker auto=True)
2026-02-23 17:46:00,500 [INFO] TrafficAI.Theme [app.py:1079]: MQTT remote theme update: neon-active
2026-02-23 17:46:30,255 [INFO] TrafficAI.Theme [app.py:872]: Theme changed: neon-active → neon-futuristic (by=auto-worker auto=True)
2026-02-23 17:46:30,475 [INFO] TrafficAI.Theme [app.py:1079]: MQTT remote theme update: neon-futuristic
2026-02-23 17:46:59,984 [DEBUG] TrafficAI.Premium [app.py:1125]: Context snapshot saved
2026-02-23 17:47:15,296 [INFO] TrafficAI.Theme [app.py:872]: Theme changed: neon-futuristic → neon-active (by=auto-worker auto=True)
2026-02-23 17:47:15,514 [INFO] TrafficAI.Theme [app.py:1079]: MQTT remote theme update: neon-active
2026-02-23 17:47:45,327 [INFO] TrafficAI.Theme [app.py:872]: Theme changed: neon-active → neon-futuristic (by=auto-worker auto=True)
2026-02-23 17:47:45,544 [INFO] TrafficAI.Theme [app.py:1079]: MQTT remote theme update: neon-futuristic
2026-02-23 17:47:59,997 [DEBUG] TrafficAI.Premium [app.py:1125]: Context snapshot saved
2026-02-23 17:48:15,356 [INFO] TrafficAI.Theme [app.py:872]: Theme changed: neon-futuristic → neon-active (by=auto-worker auto=True)
2026-02-23 17:48:15,574 [INFO] TrafficAI.Theme [app.py:1079]: MQTT remote theme update: neon-active
2026-02-23 17:48:45,388 [INFO] TrafficAI.Theme [app.py:872]: Theme changed: neon-active → neon-futuristic (by=auto-worker auto=True)
2026-02-23 17:48:45,606 [INFO] TrafficAI.Theme [app.py:1079]: MQTT remote theme update: neon-futuristic
2026-02-23 17:49:00,008 [DEBUG] TrafficAI.Premium [app.py:1125]: Context snapshot saved
2026-02-23 17:49:15,417 [INFO] TrafficAI.Theme [app.py:872]: Theme changed: neon-futuristic → neon-active (by=auto-worker auto=True)
2026-02-23 17:49:15,636 [INFO] TrafficAI.Theme [app.py:1079]: MQTT remote theme update: neon-active
2026-02-23 18:28:56,130 [INFO] TrafficAI.Premium [app.py:662]: ✅ DB ready: C:\Users\tuann\Downloads\WEB DEVELOPER\server\traffic_ai.db
2026-02-23 18:28:56,135 [INFO] TrafficAI.Premium [app.py:1442]: 🚀 AI Traffic Control v4.0.2 starting...
2026-02-23 18:28:56,135 [INFO] TrafficAI.Premium [app.py:1443]:    DASHBOARD_SECRET = TRAFFIC_... (len=16)
2026-02-23 18:28:56,136 [INFO] TrafficAI.Premium [app.py:685]: 🚦 Traffic cycle started
2026-02-23 18:28:58,523 [INFO] TrafficAI.MQTT [app.py:951]: ✅ MQTT connected broker.hivemq.com:1883
2026-02-23 18:29:05,753 [INFO] TrafficAI.Premium [app.py:1468]: 🤖 AI engine OK
2026-02-23 18:29:05,763 [INFO] TrafficAI.Premium [app.py:1475]: ✅ v4.0.3 Ready — port 5050
2026-02-23 18:29:05,763 [INFO] TrafficAI.Premium [app.py:1476]:    FIX v4.0.3: main.js pre-seeds DASHBOARD_SECRET='TRAFFIC_AI_TOKEN' vào localStorage
2026-02-23 18:29:05,763 [INFO] TrafficAI.Premium [app.py:1477]:    FIX v4.0.3: /api/theme 403 → FIXED (require_theme_token accept DASHBOARD_SECRET)
2026-02-23 18:29:05,763 [INFO] TrafficAI.Premium [app.py:1478]:    FIX v4.0.3: /api/bootstrap 401 → FIXED (token luôn có nhờ pre-seed)
2026-02-23 18:29:09,418 [DEBUG] TrafficAI.API [app.py:423]: Token validated via DASHBOARD_SECRET
2026-02-23 18:29:09,419 [DEBUG] TrafficAI.Theme [app.py:502]: Theme auth OK via main token: /api/theme
2026-02-23 18:29:09,419 [DEBUG] TrafficAI.Theme [app.py:1269]: GET /api/theme → neon-futuristic
2026-02-23 18:29:09,420 [DEBUG] TrafficAI.API [app.py:541]: ⏱  GET /api/theme → 0.5ms
2026-02-23 18:29:09,576 [DEBUG] TrafficAI.API [app.py:423]: Token validated via DASHBOARD_SECRET
2026-02-23 18:29:09,576 [DEBUG] TrafficAI.API [app.py:477]: ✅ Authorized: GET /api/bootstrap
2026-02-23 18:29:09,583 [DEBUG] TrafficAI.API [app.py:541]: ⏱  GET /api/bootstrap → 5.9ms
2026-02-23 18:29:23,077 [INFO] TrafficAI.API [app.py:587]: Login success: user=admin ip=127.0.0.1
2026-02-23 18:29:23,077 [DEBUG] TrafficAI.API [app.py:541]: ⏱  POST /api/login → 13.0ms
2026-02-23 18:29:24,050 [DEBUG] TrafficAI.API [app.py:436]: Token validated: legacy token age=1s
2026-02-23 18:29:24,050 [DEBUG] TrafficAI.Theme [app.py:502]: Theme auth OK via main token: /api/theme
2026-02-23 18:29:24,050 [DEBUG] TrafficAI.Theme [app.py:1269]: GET /api/theme → neon-futuristic
2026-02-23 18:29:24,051 [DEBUG] TrafficAI.API [app.py:541]: ⏱  GET /api/theme → 0.6ms
2026-02-23 18:29:24,170 [DEBUG] TrafficAI.API [app.py:436]: Token validated: legacy token age=1s
2026-02-23 18:29:24,171 [DEBUG] TrafficAI.API [app.py:477]: ✅ Authorized: GET /api/bootstrap
2026-02-23 18:29:24,176 [DEBUG] TrafficAI.API [app.py:541]: ⏱  GET /api/bootstrap → 5.3ms
2026-02-23 18:29:26,147 [INFO] TrafficAI.Theme [app.py:827]: Theme changed: neon-futuristic → neon-active (by=auto-worker)
2026-02-23 18:29:48,630 [DEBUG] TrafficAI.API [app.py:436]: Token validated: legacy token age=26s
2026-02-23 18:29:48,631 [INFO] TrafficAI.LaptopCam [app.py:244]: 🎥 Laptop camera worker starting...
2026-02-23 18:29:48,631 [INFO] TrafficAI.LaptopCam [app.py:330]: 🎥 Laptop camera started by 127.0.0.1
2026-02-23 18:29:50,935 [INFO] TrafficAI.LaptopCam [app.py:250]: ✅ Webcam opened 1024x768
2026-02-23 18:29:56,186 [INFO] TrafficAI.Theme [app.py:827]: Theme changed: neon-active → neon-futuristic (by=auto-worker)
2026-02-23 18:29:56,236 [DEBUG] TrafficAI.API [app.py:436]: Token validated: legacy token age=33s
2026-02-23 18:29:56,236 [INFO] TrafficAI.LaptopCam [app.py:344]: 🛑 Laptop camera stopped by 127.0.0.1
2026-02-23 18:29:56,783 [INFO] TrafficAI.LaptopCam [app.py:290]: 🛑 Laptop camera worker stopped
2026-02-23 18:30:41,224 [INFO] TrafficAI.Theme [app.py:827]: Theme changed: neon-futuristic → neon-active (by=auto-worker)
2026-02-23 18:31:11,252 [INFO] TrafficAI.Theme [app.py:827]: Theme changed: neon-active → neon-futuristic (by=auto-worker)
